:020000040800F2
:10000000F01B0124E5040008959D0008C58E00083A
:100010003D9C0008B320000855C400080000000003
:10002000000000000000000000000000250400089F
:1000300065260008000000008104000821A30008D4
:10004000FF040008FF040008FF040008FF04000884
:10005000FF040008FF040008FF040008FF04000874
:10006000FF040008FF040008FF040008B92000088E
:10007000C9200008D9200008E9200008FF04000872
:10008000FF040008FF040008FF040008FF04000844
:10009000FF040008FF040008FF040008FF04000834
:1000A000FF040008FF040008FF040008FF04000824
:1000B000FF040008FF040008FF040008FF04000814
:1000C000FF040008FF040008FF040008FF04000804
:1000D000FF04000845C40008FF040008FF040008EE
:1000E000FF040008FF04000800000000FF040008EF
:1000F000FF040008FF040008FF040008FF040008D4
:10010000FF040008FF040008FF040008FF040008C3
:1001100065AF0008FF040008FF040008FF040008A2
:10012000FF040008FF040008FF040008FF040008A3
:10013000FF040008FF040008FF040008FF04000893
:1001400000000000000000000000000000000000AF
:10015000FF040008FF040008FF040008FF04000873
:10016000FF040008FF040008FF040008FF04000863
:10017000FF040008FF040008FF040008000000005E
:10018000FF040008FF040008FF040008FF04000843
:10019000FF040008FF040008FF040008FF04000833
:1001A0005D910008FF040008FF040008FF04000838
:1001B000FF040008FF040008FF040008FF04000813
:1001C000FF040008FF040008FF040008FF04000803
:1001D000FF040008FF040008FF040008FF040008F3
:1001E000FF040008FF040008FF040008FF040008E3
:1001F000FF040008FF040008FF040008FF040008D3
:10020000FF040008FF040008FF040008FF040008C2
:10021000FF040008FF040008C1A50008FF0400084F
:10022000FF040008FF040008FF04000800000000AD
:10023000FF040008FF04000800000000FF0400089D
:10024000FF040008FF040008FF040008FF04000882
:10025000FF040008FF040008FF040008FF04000872
:10026000FF040008FF040008FF040008FF04000862
:10027000FF040008FF040008FF040008000000005D
:10028000FF040008FF040008FF040008000000004D
:1002900000000000FF04000800F002F800F0B2F8CF
:1002A0000AA090E8000C82448344AAF10107DA45D1
:1002B00001D100F0A7F8AFF2090EBAE80F0013F071
:1002C000010F18BFFB1A43F00103184754DA04006A
:1002D00074DA04000A444FF0000C10F8013B13F0EC
:1002E000070408BF10F8014B1D1108BF10F8015B8F
:1002F000641E05D010F8016B641E01F8016BF9D182
:1003000013F0080F1EBF10F8014BAD1C0C1B09D1D8
:100310006D1E58BF01F801CBFAD505E014F8016B4A
:1003200001F8016B6D1EF9D59142D6D370470000DC
:100330000023002400250026103A28BF78C1FBD8EE
:10034000520728BF30C148BF0B6070476E2900F0CC
:100350007A84702900F0D38766293CF06081652992
:100360003CF05D8167293CF05A8161293CF059815C
:1003700003681B0A28BF41F08001692900F08C81C5
:10038000642900F08981752900F086816F2900F0C9
:100390006087782900F09F87E92900F0FB86E4292F
:1003A00000F0F886F52900F0F586EF2900F05D876A
:1003B000F82900F09E870368DB0928BF41F080011F
:1003C000632901F0BF81732901F0C481E32901F0A1
:1003D000CF81F32901F0D481002070471FB53CF094
:1003E00019F900F09DFF0400002000213CF0FCF80A
:1003F000401C6060002000213CF0E0F8E0601FBD80
:1004000010B510BD01F057FA1146FFF7E7FF34F0C1
:10041000B5F901F07DFA03B4FFF7F2FF03BC00F079
:1004200079FF00002C4B19680868B0E8F04F80F3A2
:100430000988BFF36F8F4FF0000080F31188704779
:100440000000000008480068006880F308884FF04A
:10045000000080F3148862B661B6BFF34F8FBFF31C
:100460006F8F00DF00BF00BF08ED00E0DFF80C0079
:10047000016841F470010160704700BF88ED00E041
:10048000EFF30980BFF36F8F134B1A681EF0100F44
:1004900008BF20ED108A20E9F04F106009B44FF03A
:1004A000500080F31188BFF34F8FBFF36F8F3BF085
:1004B0007DF84FF0000080F3118809BC19680868C6
:1004C000B0E8F04F1EF0100F08BFB0EC108A80F3B8
:1004D0000988BFF36F8F7047CC020024EFF30580CB
:1004E000704700000948804709480047FEE7FEE7DB
:1004F000FEE7FEE7FEE7FEE7FEE7FEE7FEE7FEE7D4
:1005000004480549054A064B70470000C5A4000889
:1005100099020008F00F0124F01B0124F0130124BC
:10052000F013012453EA020C00F069802DE9F04B2E
:100530004FF00006002B1FBFB3FA83F503FA05F452
:1005400024FA05F65E4012BF1643B2FA82F502FAAB
:1005500005F4C5F120051EBF22FA05FC44EA0C048F
:10056000203556EA044C4FEA144418BF641C4FF07F
:1005700000084FF00009904271EB030C39D30029B9
:1005800019BFB1FA81F701FA07F6B0FA80F700FA5D
:1005900007F6C7F120071EBF20FA07FC46EA0C0643
:1005A0002037B6FBF4FCA7EB0507103F07F01F0B45
:1005B000CBF120060CFA0BFB2CFA06F644BFB3462F
:1005C0000026202FA4BF5E464FF0000B5BEA060C0E
:1005D00008BF4FF0010B19EB0B09ABFB027C48EB9A
:1005E0000608C01B06FB02CC0BFB03CC71EB0C0115
:1005F000C1E70B46024641464846BDE8F08B13B5BD
:100600004FF000004FF00001AFF30080BDE81C4048
:10061000704700007CB51D4616460C00009001D0C6
:100620002044401E074B7B442A46694601903046D1
:1006300000F031FD05461CB10020694600F03EFD8A
:1006400028467CBD9D0A000070B504468569006897
:10065000C10601D5302600E02026C00707D070BDB6
:10066000D4E9012130469047206A401C20626D1E6B
:10067000F6D570BD70B5044685690078C00707D10E
:1006800070BDD4E9012120209047206A401C2062DF
:100690006D1EF6D570BD00002DE9F0410646002420
:1006A00010687529314616A510D000F038FA0028D8
:1006B00002DA404213A507E031688A0701D512A586
:1006C00002E0490704D511A5012401E000F030FA49
:1006D00000210A2206F1240709E0B0FBF2FCB0FB7E
:1006E000F2F302FB1C00303078541846491C0028F5
:1006F000F3D123462A463046BDE8F04100F04ABA1D
:10070000000000002D0000002B0000002000000071
:100710002DE9F05F894604464FF0000ADFF874B116
:10072000FB44C0F820A02046E1688847002874D028
:10073000252806D0D4E901219047206A401C206278
:10074000F1E700265F462046E168884720280546F5
:1007500007DB312D05D2781910F8200C08B10643BB
:10076000F1E7B00701D526F00406C4F81CA0002765
:10077000C4F818A02A2D09D028460BF0C2FE38B3C1
:1007800004EB8708303DC8F8185019E059F8041BED
:10079000204604EB87029161E1688847012F0546F6
:1007A00018D1E069002820DA26F020061DE0D8F8EC
:1007B000180000EB800005EB40003038C8F8180046
:1007C0002046E168884705460BF09BFE0028EED1E5
:1007D000012F0AD02E2D08D12046E16888477F1CC2
:1007E0000546022F46F02006C4DBA069002803DA84
:1007F000404246F00106A061F00701D026F0100645
:100800006C2D0BD0682D09D04C2D39D06A2D35D0E8
:10081000742D35D07A2D33D016E038E0E1682F46BC
:1008200020468847B842054609D16C2F26D04FF4A0
:100830008060E168064320468847054604E06C2F47
:100840001AD04FF4807006430DB3A5F1410019286A
:1008500002D8203546F400664A46294620462660DE
:100860004E46FFF773FD80B101280BD0F61D26F030
:10087000070000F1080956E74020E4E78020D8E7A8
:100880000020D6E706F104094DE7284652E7206A22
:10089000BDE8F09FFCCF040040EA0103024630B5FA
:1008A0009B0710D14FF0013400E008C208C91D1B9E
:1008B0009D4315EAC41FF8D013F0FF0102F8011B95
:1008C0000DD01B0AF8E711F8013B002B02F8013BA1
:1008D00005D011F8013B002B02F8013BF3D130BDEC
:1008E00010B5431C02E010F8011B71B18107FAD169
:1008F0004FF0013202C88C1A8C4314EAC211F9D0AD
:10090000C01A0A0603D0C01E10BDC01A10BD0A04CA
:1009100001D0801E10BD0902FCD0401E10BD032A6C
:1009200040F2308010F0030C00F0158011F8013B0C
:10093000BCF1020F624498BF11F801CB00F8013BF3
:1009400038BF11F8013BA2F1040298BF00F801CBB7
:1009500038BF00F8013B11F0030300F02580083A8E
:10096000C0F0088051F8043B083A51F804CBA0E8E5
:100970000810F5E7121D5CBF51F8043B40F8043B3A
:10098000AFF30080D20724BF11F8013B11F801CB6F
:1009900048BF11F8012B24BF00F8013B00F801CB40
:1009A00048BF00F8012B704710B5203AC0F00B800B
:1009B000B1E81850203AA0E81850B1E81850A0E863
:1009C0001850BFF4F5AF5FEA027C24BFB1E81850BD
:1009D000A0E8185044BF18C918C0BDE810405FEA2D
:1009E000827C24BF51F8043B40F8043B08BF7047A9
:1009F000D20728BF31F8023B48BF11F8012B28BFAE
:100A000020F8023B48BF00F8012B704702F0FF03BB
:100A100043EA032242EA024200F002B84FF0000229
:100A20000429C0F0128010F0030C00F01B80CCF100
:100A3000040CBCF1020F18BF00F8012BA8BF20F86E
:100A4000022BA1EB0C0100F00DB85FEAC17C24BFC2
:100A500000F8012B00F8012B48BF00F8012B70476C
:100A60004FF0000200B5134694469646203922BF47
:100A7000A0E80C50A0E80C50B1F12001BFF4F7AF92
:100A8000090728BFA0E80C5048BF0CC05DF804EB74
:100A9000890028BF40F8042B08BF704748BF20F8E2
:100AA000022B11F0804F18BF00F8012B7047000097
:100AB0004FF0013C50F8042B51F8043B9A4215D1F9
:100AC000A2EB0C03934313EACC130BD150F8042B85
:100AD00051F8043B9A4209D1A2EB0C03934313EA69
:100AE000CC13E7D04FF00000704700BFD01A01BA16
:100AF000B1FA81F101F0180122FA01F0CB40C1F105
:100B00002001DBB2C0B2C01A2CFA01F3D11A914312
:100B100011EAC311E6D17047704770477047096802
:100B20004A0501D540B27047C905FCD500B27047EF
:100B300009684A0501D5C0B27047C905FCD580B225
:100B4000704770B50C460546012A05D02878800606
:100B500000D5EA69002302E0012305E05B1C934213
:100B600002D2E05C0028F9D1A869E618C01AA86191
:100B7000286A184428622846FFF766FD04E0D5E994
:100B8000012114F8010B9047B442F8D32846FFF72F
:100B900071FD70BD2DE9F0470D4699469246044619
:100BA00000F124080168880604D5E06921F01001ED
:100BB000216000E00120A84201DD471B00E0002782
:100BC000A1697A1902EB0900081AA0612078C00611
:100BD00002D42046FFF738FD002608E0D4E90121C1
:100BE0001AF806009047206A401C761C20624E4589
:100BF000F4DB2078C0060AD52046FFF725FD06E085
:100C0000D4E9012130209047206A401C2062381E20
:100C1000A7F10107F4DC07E0D4E9012118F8050089
:100C20009047206A401C2062281EA5F10105F3DCD4
:100C30002046FFF71FFD2078000602D50220BDE800
:100C4000F0870120FBE711680268006A530501D5AF
:100C500008700AE0D30501D5088006E0130603D525
:100C6000C217C1E9000200E0086001207047704728
:100C70002DE9FF4F0C461E464FF0FF378BB0D2E9EF
:100C80000001DDF860800A908A46C1F30A5505B973
:100C90003D46002108464FF00000BAF1000F00F475
:100CA000400005DA00EB80004FF4400101EA5000FB
:100CB0004FEA9059B9F1010F00DDB9460A9850EAA0
:100CC0004A000ED044F61050A5F2FF3545432F14CC
:100CD000B8F1000F1ED07542291E1EDDC9F10002B9
:100CE0001CE0B8F1010F4FF0000001D0302103E00B
:100CF000F24305E02154401CB042FBDB30460022A9
:100D0000002121540B99C1F80880C1E900200FB0DF
:100D1000BDE8F08FBD1B6D1CDEE74A4600DA694274
:100D200006A800F031FD06AB93E8070003AB83E8AB
:100D3000070050460A9900F0F4FD8DE80700A0F581
:100D400000501F3800900398002D0ADD42F21F0169
:100D50004A460844002303A90390684601F05DF861
:100D600009E0A0F500504A461F38002303A903906C
:100D7000684601F067F88DE807000004000C03D016
:100D80004FF0FF30410800E01046B8F1000F03D0EB
:100D90000022009215461EE0751E05D400F0C4FA2C
:100DA000303262556D1EF9D5B3460122084302D098
:100DB00000227F1C04E02078302801D100227F1E11
:100DC000002A099784D01DE0112D07DA00F0ACFA53
:100DD000303262556D1C50EA0102F5D1084302D051
:100DE0000098C8B10EE00021681E05E0235C625C3B
:100DF00063542254401E491C8142F7DBAB46A81BBA
:100E0000401E0990002004F80B000B98099AC0F8C6
:100E10000880C0E9002B7AE711264FF0000857E759
:100E20002DE9F04F88460446D21D22F0070191B00B
:100E3000D1E90001CDE90A010BF00EFB02460B9847
:100E4000C00F01D02D2007E02068810701D52B209D
:100E500002E0202101EAC000032A099001D0072AFC
:100E600005DB03464146204600F022FC0BE12078DA
:100E7000800601D5E06900E00620B8F1650F8146E3
:100E800006D0B8F1660F18D0B8F1670F70D131E015
:100E90000020B9F1110F009001DB112301E009F1ED
:100EA00001030AAA01A90CA8FFF7E2FEDDE90C7014
:100EB000002609F10105834647E001204B460090DA
:100EC0004FF000470AAA01A90CA8FFF7D1FEDDE9FF
:100ED0000DB00C995D46002610B909F101000D18FE
:100EE000B9EB050003D4C0F1FF3609F10105A5EB0C
:100EF00009002BE0B9F1010F01DA4FF001090020E0
:100F0000B9F1110F0090484601DD112300E00346BE
:100F10000AAA01A90CA8FFF7ABFEDDE90C704D464B
:100F200000268346207800070AD4AB4500DA5D46E8
:100F300001A8012D04DD411911F8011C302907D049
:100F40004F4502DA17F1040F04DA012082460FE060
:100F50006D1EEEE7002F02DCED1B3E4403E0781C23
:100F6000A84200DD7D1CB81B00F1010A4FF00047CC
:100F70002078000703D4AA4501DB4FF0FF3A002197
:100F8000B7F1004F0DF143088DF8431024D0022033
:100F90002B23002F01DA7F422D230A21021EA0F10C
:100FA000010000DC5FB197FBF1FC97FBF1F201FB64
:100FB0001C7C17460CF1300C08F801CDEEE7A8F1C7
:100FC000010003702188090501D5452100E0652154
:100FD000A0F1010800F8011C09980FA9A1EB08076E
:100FE000FF1D00B10120411901EBEA70A1693844ED
:100FF000081A401EA0612078C00602D42046FFF7E0
:1010000023FB099828B1D4E901219047206A401CAC
:1010100020622078C00622D52046FFF715FB1EE08F
:10102000002E04DBB34502DD01A8805D00E0302026
:10103000D4E901219047206A401C2062761CAAF165
:1010400001005FEA000A0AD100F06AF9C06801688D
:10105000405CD4E901219047206A401C2062281E90
:10106000A5F10105DCDC07E0D4E9012118F8010B4A
:101070009047206A401C2062381EA7F10107F3DC6C
:101080002046FFF7F7FA032011B041E601694A1C38
:1010900002610878704700B58FB0CDE901310021B9
:1010A000059105497944CDE9031011466846FFF7DB
:1010B0002FFB0FB000BD0000E5FFFFFF0A6802F83C
:1010C000010B0A607047D1E900239A4202D2531CF7
:1010D0000B601070704700002DE9FF5F15468A46CF
:1010E0000446DFF8AC80F8440027D8E900103E46FB
:1010F000CDE9001010E03AF816106A4602A800F098
:10110000B5FB411C07D02178890603D5E26939185F
:1011100091420DD80744761C2078800602D5E069FC
:10112000B84205DDAE42E6DB3AF816000028E2D10F
:10113000A069C01BA0612046FFF786FAD8E900101D
:10114000CDE90010002017E03AF818106A4602A80E
:1011500000F08CFBB0F1FF3F81460BD000250DF174
:10116000080B05E0D4E901211BF8050090476D1C30
:101170004D45F7D308F10100B0428046E4DB206A18
:10118000384420622046FFF775FABDE8FF9F000053
:101190004AC604002DE9F0418046D21D22F0070224
:1011A0000025D2E90002F52915A614D0011E72F11E
:1011B000000106DA0023D0EB030063EB020211A664
:1011C00008E0D8F800108B0701D50FA602E0490708
:1011D00001D50EA601251146002408F1240704E0DC
:1011E00000F0A2F830323A55641C50EA0102F7D1FF
:1011F0002B46324621464046BDE8F041FFF7CABCC7
:10120000000000002D0000002B0000002000000066
:1012100030B4002100F1240408E002F00705D208F0
:10122000303542EA4372DB086554491C52EA030533
:10123000F3D10468002310A2250707D5A40600D423
:1012400021B1C46901230DA2641EC46130BCFFF743
:10125000A1BC10B5044621461068FFF769FC0246A0
:101260002046BDE810400023D2E7D21D22F007013E
:10127000D1E90023CCE700000000000030000000AE
:10128000F0B40D460188090502D5214C7C4402E0EA
:101290001F4C7C440E34002100F1240608E002F0CB
:1012A0000F071209E75D42EA03721B097754491CD4
:1012B00052EA0307F3D102780023120704D5702DF8
:1012C00006D009B1022311342246F0BCFFF762BCFC
:1012D00001231034F8E770B504460D462146106826
:1012E000FFF726FC024629462046BDE87040002351
:1012F000C6E7D21D22F00703D3E90023C0E7036845
:10130000126843F0200303600823C3610023B7E79A
:10131000ACC4040001491820ABBEFEE72600020061
:1013200000487047AC0F012430B5B0F10A024FEA13
:10133000900E71F100034EEA817EB0EB0E0061EB7E
:1013400091014FEA101E4EEA017E10EB0E0041EBB8
:1013500011114FEA102E4EEA016E10EB0E0041EB18
:1013600011214FEA104E4EEA014E10EB0E0041EBF8
:101370001141401841F100014FEAD00040EA4170AC
:101380004FEAD10110EB80054FEA810444EA9074E2
:1013900044EB01046D1944EB0404521BA3414FF0CC
:1013A000000348BF0A3200D530BD401C41F10001A6
:1013B00030BD00002DE9F04F04460D46D21D22F04D
:1013C000070089B0D0E90097484639460BF044F849
:1013D0000246F80F01D02D2307E02068810701D5D0
:1013E0002B2302E0202101EAC0038DF820300BB14D
:1013F000012000E00020032A824601D0072A04DBF6
:101400002946204600F054F93FE12078800601D4B7
:101410000D2500E0E569C7F30A560D2D49DA0021D4
:101420004FEA175B08464FF00000002F00F4400021
:1014300007DA00EB80004FF4400100EBD07001EAC6
:1014400060008115012901DD4FF0FF3100224FEAD4
:10145000850CBCF1180F06D31346ACF118004FF001
:101460008052C24003E04FF4801323FA0CF30CF1D6
:101470000C0CBCF1200F04D3ACF1200C09FA0CF0D9
:1014800001E007FA0CF000294FF0004801DD18B91F
:101490000FE00ED140450CD319EB02095F4121B991
:1014A000404502D19F4329EA0209BBEB175F00D0F8
:1014B000761C2088000502D57B48784402E07A48F3
:1014C0007844193808AA302302F80A30037C0AF15C
:1014D0000101002E0AF1020A53546A4602DC4FF061
:1014E000300101E04FF031014FF001088DF800109C
:1014F00002D0A6F2FF3603E059EA470100D06B4E56
:10150000002D02DC2178090704D54FF002082E21B6
:101510008DF80110C44600210BE0C7F303433F01DF
:10152000C35C491C6D1E02F80830052908F101084A
:1015300001DA002DF1DC00210CE000EB1973491CED
:101540001B786D1E082902F808304FEA091908F1C6
:10155000010801DA002DF0DC21688B0602D516E0C7
:10156000A8F10108E04505DD02EB080313F8013C92
:10157000302BF5D0B8F1000F09DD02EB080313F8AA
:10158000013C2E2B03D1090701D4A8F10108002D3D
:1015900005DD3E2102F808106D1E08F10108407CAF
:1015A000002E02F8080008F1010804DA2D20764226
:1015B00002F8080002E02B2002F808000A214FF48C
:1015C0007A70864208F101080BDB96FBF0F33033AA
:1015D00002F8083096FBF0F308F1010800FB1366EF
:1015E00001E0642E0CDB642096FBF0F3303302F84C
:1015F000083096FBF0F308F1010800FB136601E0E8
:101600000A2E06DB96FBF1F0303002F8080008F1F4
:10161000010896FBF1F001FB1060303002F8080081
:10162000A16908F1010808EB050202EB0A00081A9B
:10163000A0612078C00602D42046FFF705F8216A91
:1016400008AE01EB0A00206204E0D4E9012116F89B
:10165000010B9047BAF1010AF7D22078C00602D5F3
:101660002046FEF7F1FF6E4609E016F8010B3E2812
:101670000FD0D4E901219047206A401C2062B8F1C4
:101680000108F2D22046FEF7F5FF09B00320BDE8BD
:10169000F08F206A2844206203E0D4E90121302041
:1016A00090476D1EEBD3F8E7B9C2040002FCFFFFC0
:1016B0002DE9F0411F46044603260168072A01F47C
:1016C000006004DB08B116A505E016A503E008B12B
:1016D00015A500E015A521F010002060A069C01E2E
:1016E000A0610FB1401EA0612046FEF7ADFF4FB1D3
:1016F000D4E9012138469047206A401C2062C01C72
:10170000206206E0206AFAE7D4E9012115F8010B0E
:101710009047761EF8D22046FEF7ACFFBDE8F08178
:101720004E414E006E616E00494E4600696E660085
:1017300010B5436913B1AFF3008001E0FFF701FA80
:10174000012010BD127800F124010A7000224A70B5
:101750000122EDE711684FF0FF32E9E710B5436968
:1017600013B1AFF3008001E0FFF7B6FC012010BD1C
:10177000128800F1240182840022C2840122EDE754
:1017800011684FF0FF32E9E72DE9F0478146164630
:101790008AB0354878440DC88DE80D003248784449
:1017A000801C03AC0DC884E80D0041F69B30084452
:1017B000372190FBF1F290FBF1F5A5F1800501FBDB
:1017C00012041B3C02D56442012000E00020DFF837
:1017D00098A080460027FA44AAF1BE0A0EE0E0076E
:1017E0000AD03246684607EB470101230AEB810124
:1017F00000F028FB8DE8070064107F1C002CEED160
:10180000194F7F44AE3F19E0E80715D007EB0410ED
:101810000DF1180A90E80E008AE80E00C068F04248
:1018200001D1981908903246012306A903A800F0B7
:1018300009FB03AB83E807006D10641C002DE3D1A6
:101840004FF0010332466946B8F1000F03A802D0F9
:1018500000F0E3FA01E000F0F5FAC9E90001C9F887
:1018600008200AB0BDE8F08770C0040070B51646C5
:101870000C46054600F044F8036893F8010101287E
:1018800006D0FF2C0FD8185D68B101202C7070BDF8
:10189000D3F807013246214603F2071303442846D2
:1018A000BDE8704018474FF0FF3070BD00487047EA
:1018B0008C0F012470477546FFF7F8FFAE46050010
:1018C0006946534620F00700854618B020B5FEF75C
:1018D00017FEBDE820404FF000064FF000074FF024
:1018E00000084FF0000B21F00701AC46ACE8C0093E
:1018F000ACE8C009ACE8C009ACE8C0098D46704747
:1019000010B5FFF70DFD001D10BD00BFDDAC0300DD
:1019100010B50446AFF300802046BDE81040FEF746
:101920007ABD5FEA400C08BF91F0000F4FEA8C23AC
:101930004FEAC12243EA51514FEA1C5018BF00F54B
:10194000F0404FEA300018BF41F000415FEA6C5CA4
:1019500000F02980BCF1FF3F08BF40F08040704795
:10196000130C06BF12044FF0100C4FF0000C130EB6
:1019700004BF12020CF1080C130F04BF12010CF18A
:10198000040C930F04BF92000CF1020CD30F04BFA0
:1019900052000CF1010C11464FF00002A0F11F00A3
:1019A000A0EB0C00704711F0004F08BF704731F0FA
:1019B00000413FF4D5AF0B0C06BF09044FF0100CEB
:1019C0004FF0000C0B0E04BF09020CF1080C0B0FBA
:1019D00004BF09010CF1040C8B0F04BF89000CF14A
:1019E000020CCB0F04BF49000CF1010CCCF1200319
:1019F000A0EB0C0022FA03F302FA0CF241EA030115
:101A000000F10100704720F07F4C80EA030023F0D2
:101A10007F47ACEB070303F57C5300F0004003F174
:101A2000FF032DE980494FEA154B09B44FEA1443EF
:101A300025EA0B4E24EA03480FF2042606EB13278F
:101A400049083E785FEA320203FB0667C7F50007E4
:101A500007FB06F64FEA54374FEAD64606F1020670
:101A600007FB066CCCF1005C4FEA1C472CEA074CE4
:101A700007FB06F40CFB06F504EB15464FEA961639
:101A800034BF00204FF000404FEAD13706FB07FC7F
:101A90004FEA1C4C0CFB0BF7D21B03FB0CF761EB62
:101AA00007010CFB0EF7B0EB074072EB17420CFB83
:101AB00008F734BFA2EB0742B2EB074261EB1741D4
:101AC0004FEA0C444FEA910706FB07FC4FEA1C4C17
:101AD0000CFB0BF7B0EBC74072EB573203FB0CF774
:101AE00034BFA2EBC742B2EBC74261EB57310CFBEC
:101AF0000EF7B0EBC70072EB57720CFB08F734BF60
:101B0000A2EBC702B2EBC70261EB5771039F4FEA2A
:101B1000816141EA921104EBCC044FEAD1374FEADC
:101B2000826206FB07FC42EA90124FEA80604FEAAD
:101B30001C4C0CFB0BF7D21B03FB0CF761EB0701F2
:101B40000CFB0EF7B0EB074072EB17420CFB08F7EB
:101B500034BFA2EB0742B2EB074261EB17414FEAF9
:101B60008C554FEA910704EB9C2406FB07FC4FEAD7
:101B70001C4C0CFB0BF7B0EBC74072EB573203FB6E
:101B80000CF734BFA2EBC742B2EBC74261EB57314F
:101B90000CFB0EF7B0EBC70072EB57720CFB08F7AB
:101BA00034BFA2EBC702B2EBC70261EB577115EB72
:101BB0004C254FEA816141EA92114FEA82624FEA75
:101BC000D13742EA901206FB07FC44F100044FEAC9
:101BD00080604FEA1C4C0CFB0BF7D21B03FB0CF78D
:101BE00061EB07010CFB0EF7B0EB074072EB1742FD
:101BF0000CFB08F734BFA2EB0742B2EB074261EBE4
:101C0000174115EB1C154FEA813141EA92414FEA29
:101C1000823242EA90424FEA80304FEA0C7644F139
:101C2000000448EA03434EEA0B484FF0000EB2EBC3
:101C3000080C71EB030724BF624639464EEB0E0ECB
:101C40004FF0000B0018524149414BEB0B0BB2EB2C
:101C5000080C71EB03077BF1000B24BF6246394689
:101C60004EEB0E0E4FF0000B0018524149414BEB6A
:101C70000B0BB2EB080C71EB03077BF1000B24BFDD
:101C8000624639464EEB0E0E51EA020718BF46F087
:101C9000010616EB0E7655F1000254F1000103D552
:101CA000BDE88901BDE80088BDE88901BDE80048BC
:101CB000B619524141EB0101A3F101037047808045
:101CC0007F7E7D7C7B7A7978777676757473727196
:101CD00071706F6E6E6D6C6C6B6A6A69686867664E
:101CE00066656464636362616160605F5F5E5E5DE0
:101CF0005D5C5C5B5B5A5A59595858575756565554
:101D000055555454535352525251515050504F4FB5
:101D10004F4E4E4D4D4D4C4C4C4B4B4B4A4A4A4905
:101D20004949484848474747474646464545454448
:101D30004444444343434342424242414141002BD5
:101D40009C4630D477002BD01CB54FEA370703B43C
:101D50004FF010004FF01001BAF1000F06D0BCF1A7
:101D6000000FDCBF40F0080040F008014FF0000019
:101D70000FBCBDE810400BF1010BBBF1010F08BF18
:101D80005FEA170722BF12F1010211F101014FF0C2
:101D9000004143F1000300F0004043EA00007047B7
:101DA000F9D35708D0E746EA064613F1400F4FEA49
:101DB00016461FDD13F1200FDFBF16430A46002130
:101DC00020335B42BED0C3F1200746EA064602FA42
:101DD00007F74FEA164646EA0706C3F1200722FA3C
:101DE00003F201FA07F721FA03F14FF0000342EA88
:101DF0000702A7E746EA020646EA06464FEA164603
:101E000046EA0106BCBF46EA0646360C4FF0000320
:101E10004FF000024FF0000194E72DE9804C9A4604
:101E2000934670B491E8380007C831EA400C48BFC7
:101E300034EA430C03D5FFF7E6FDFFF780FFF0BC63
:101E4000BDE8008C2DE9804C9A46934670B491E829
:101E5000380007C810F0804F08BF13F0804F03D13F
:101E600000F005F8FFF76BFFF0BCBDE8008C20F038
:101E70007F4780EA030023F07F4C07EB0C03A3F5B8
:101E80007C5300F00040A3F1FE0392F0000F00F03D
:101E9000B38095F0000F00F077802DE901494FEAFB
:101EA00011404FEA144621EA004800FB06FC24EAF0
:101EB000064708FB06F607FB08F800FB07F718EBD8
:101EC00006484CEB164C4FEA124B18EB07484FEA0A
:101ED00015464CEB174022EA0B4E0BFB06FC25EA9D
:101EE00006470EFB06F607FB0EFE0BFB07F71EEB85
:101EF000064E4CEB164C4FF000061EEB074E4CEB1B
:101F0000174B18EB0B0840F1000018EB0E0B58EBC9
:101F1000000840F100008F1A4FF000013CBFC94398
:101F2000661B14BFB5EB040C00213CBFC943F61B74
:101F30004FEA17444EEA8E0E27EA04454FEA1C4743
:101F400004FB07622CEA074C05FB07F70CFB05F6C0
:101F500004FB0CFC16EB074642EB174216EB0C4653
:101F600042EB1C421BEB060658EB0202414146EADB
:101F70009E0601D5BDE80189B619524141EB010128
:101F8000A3F10103BDE801894FEA14454FEA114767
:101F900024EA054621EA074C05FB07F406FB07F790
:101FA0000CFB06F105FB0CFC11EB074144EB17445D
:101FB0004FEA124711EB0C4144EB1C4422EA074C58
:101FC00005FB07F206FB07F70CFB06F605FB0CFC0E
:101FD00016EB074642EB174216EB0C4642EB1C454C
:101FE0006A1854F1000148BF7047B619524141EBDD
:101FF0000101A3F10103704795F0000F37D04FEABC
:1020000011424FEA144721EA024624EA074C02FB38
:1020100007F106FB07F70CFB06F402FB0CFC14EBC4
:10202000074441EB17414FEA154714EB0C4441EBD1
:102030001C4125EA074C02FB07F506FB07F70CFBE2
:1020400006F602FB0CFC16EB074645EB174516EBB4
:102050000C4645EB1C42121951F1000148BF704774
:10206000B619524141EB0101A3F1010370474FEA58
:1020700014454FEA114724EA054621EA074C05FBBF
:1020800007F106FB07F70CFB06F24FF0000605FB15
:102090000CFC12EB074241EB174112EB0C4251EBE7
:1020A0001C4148BF7047921841EB0101A3F10103A5
:1020B000704700BFFEE7000010B5024801F0A4F829
:1020C00010BD00003807002410B5024801F09CF84C
:1020D00010BD0000B007002410B5024801F094F8CC
:1020E00010BD00004806002410B5024801F08CF82D
:1020F00010BD0000C00600240146374A086890421F
:1021000049D0354A18320868904244D0324A3032B9
:10211000086890423FD0304A4832086890423AD02E
:102120002D4A60320868904235D02B4A78320868D0
:10213000904230D0284A9032086890422BD0264AEC
:10214000A8320868904226D0244A0868904222D0DB
:10215000224A1832086890421DD0204A303208685E
:10216000904218D01D4A48320868904213D01B4A4A
:102170006032086890420ED0184A7832086890425F
:1021800009D0164A90320868904204D0134AA83207
:102190000868904201D1012000E00020B0B10A7827
:1021A000103A1823B2FBF3F000F007020C4B9A5CD4
:1021B000CA65032805D90A686FF30902121D8A65EA
:1021C00003E00A686FF309028A6503E0086820F0FB
:1021D000FF008865886D70471000024010040240BF
:1021E0005480040810B502682B4C0368A34222D027
:1021F000294C14340368A3421DD0274C28340368AB
:10220000A34218D0244C3C340368A34213D0224C80
:1022100050340368A3420ED01F4C64340368A342B9
:1022200009D01D4C78340368A34204D01A4C8C3476
:102230000368A34201D1012300E000238BB103789E
:10224000083B1424B3FBF4F1144B03EB8103036646
:10225000124B8033436601F01F040123A3408366C1
:1022600018E00378103B1824B3FBF4F10C4B9A42AE
:1022700004D80B4BA83B9A4200D30831094B03EB1F
:1022800081030366074B8033436601F01F0401237B
:10229000A340836610BD000008540258005802583D
:1022A000B8040240000802400179A9B3082940D8C7
:1022B000204B02689A4222D01E4B143302689A4285
:1022C0001DD01C4B283302689A4218D0194B3C335E
:1022D00002689A4213D0174B503302689A420ED0CC
:1022E000144B643302689A4209D0124B7833026867
:1022F0009A4204D00F4B8C3302689A4201D10122DA
:1023000000E000224AB14A1E0B4B03EB8202C26678
:10231000094A4032026708E00BE04A1E074B03EB14
:102320008202C266054A403202674A1E0123934078
:102330004367704708540258005902580009024088
:10234000014600208A69D2B98A6A32B1012A0DD0C9
:10235000022A03D0032A10D10EE000BFCA6A02F09D
:102360008072B2F1807F00D1012007E0CA6AB2F129
:10237000C07F00D1012001E000E000BF36E08A69A3
:10238000B2F5005F1BD18A6A32B1012A07D0022A56
:1023900003D0032A11D10AE000BF01200EE0CA6A6F
:1023A00002F08072B2F1807F00D1012006E0CA6A9B
:1023B000B2F1C07F00D1012000E000BF16E08A6AC0
:1023C00032B1012A05D0022A04D0032A0CD103E03D
:1023D00000BF00BF012008E0CA6A02F08072B2F1BB
:1023E000807F00D1012000E000BF00BF70470000E7
:1023F000F0B5856D846D984F0668BE4270D0964FDB
:1024000018370668BE426BD0934F30370668BE421D
:1024100066D0914F48370668BE4261D08E4F603714
:102420000668BE425CD08C4F78370668BE4257D0F3
:10243000894F90370668BE4252D0874FA83706684A
:10244000BE424DD0854F0668BE4249D0834F1837F3
:102450000668BE4244D0814F30370668BE423FD046
:102460007E4F48370668BE423AD07C4F60370668D8
:10247000BE4235D0794F78370668BE4230D0774FAC
:1024800090370668BE422BD0744FA8370668BE420C
:1024900026D0734F0668BE4222D0714F14370668AB
:1024A000BE421DD06E4F28370668BE4218D06C4F12
:1024B0003C370668BE4213D0694F50370668BE42AB
:1024C0000ED0674F64370668BE4209D0644F783734
:1024D0000668BE4204D0624F8C370668BE4201D106
:1024E000012600E000263EB1D0E919767E60C66E76
:1024F00016B1D0E91C767E60574F0668BE4249D0BF
:10250000554F18370668BE4244D0534F30370668DF
:10251000BE423FD0504F48370668BE423AD04E4F79
:1025200060370668BE4235D04B4F78370668BE42EA
:1025300030D0494F90370668BE422BD0464FA8375F
:102540000668BE4226D0454F0668BE4222D0434FA1
:1025500018370668BE421DD0404F30370668BE426D
:1025600018D03E4F48370668BE4213D03B4F603705
:102570000668BE420ED0394F78370668BE4209D091
:10258000364F90370668BE4204D0344FA8370668ED
:10259000BE4201D1012600E00026DEB190F85C6069
:1025A00006F01F073F26BE40AE600668366826F478
:1025B000802607683E60066873608668402E04D1F6
:1025C0000668B2600668F16044E00668B1600668BB
:1025D000F2603FE0224F0668BE4222D0204F1437FF
:1025E0000668BE421DD01E4F28370668BE4218D06E
:1025F0001B4F3C370668BE4213D0194F5037066850
:10260000BE420ED0164F64370668BE4209D0144F42
:1026100078370668BE4204D0114F8C370668BE4238
:1026200001D1012600E00026A6B190F85C6006F01A
:102630001F070126BE406660066873608668402EEC
:1026400004D10668B2600668F16003E00668B16014
:102650000668F260F0BD0000100002401004024065
:10266000085402587047000010B500210F4805F0CB
:10267000EFF904210D4805F0EBF900210C4805F0B5
:10268000E7F904210A4805F0E3F90021094805F0BB
:10269000DFF90421074805F0DBF90021064805F0C1
:1026A000D7F90421044805F0D3F910BDA403002490
:1026B000F00300243C04002488040024014651B99E
:1026C0001A480068406A02B20020184B1B68586222
:1026D000504200B2704701290AD115480068406A8B
:1026E00002B20020124B1B685862504200B2F1E760
:1026F00002290AD10F480068406A02B200200D4B3F
:102700001B685862504200B2E4E703290AD10A4824
:102710000068406A02B20020074B1B6858625042B2
:1027200000B2D7E700BF0020D4E70000A4030024D4
:10273000F00300243C0400248804002472B600BF87
:10274000FEE702460868B0B9D1E901031843CB6837
:1027500018430B6918434B6918438B691843CB69BD
:1027600018430B6A18434B6A184313686FF30E0340
:102770001843106019E0D1E9070318434B6A184366
:10278000136823F4F84318431060D1E90103184398
:10279000CB6818430B6918434B6918438B6918437E
:1027A00053686FF30E0318435060002070470246D1
:1027B000506943F6FE73984340EA4100506100209F
:1027C000704710B50346D1E9000420438C68641EAD
:1027D00040EA4410CC6840EA44201C696FF31504B9
:1027E00020431861002010BD30B50346FAB90868CF
:1027F000401E4C68641E40EA04148868401E44EA87
:102800000024C868401E44EA0034088A401E44EA96
:102810000044888A401E44EA0054087E401E44EA70
:1028200000609C6804F070442043986022E0C8680F
:10283000401E0403888A401E44EA00509C680E4DE6
:102840002C40204398600868401E4C68641E40EA93
:1028500004148868401E44EA0024088A401E44EAA2
:102860000044087E401E44EA0060DC6804F07044C6
:102870002043D860002030BDFF0F0FFF2DE9F0414D
:1028800007460D4616464FF0010808F015FA38467F
:1028900000F068F8E0B908F00FFABB2008F07EFA03
:1028A000012815D100240DE0681EA04204D10020AB
:1028B00008F0D4F9305503E0012008F0CFF9305585
:1028C000601CC4B2AC42EFDB08F018FA4FF000080D
:1028D00008F014FA4046BDE8F081000010B508F099
:1028E000A7FA00224FF40061114802F071F80122AA
:1028F00091020F4802F06CF842F2107008F0FCF8F8
:1029000000224FF480610A4802F062F8094808F09A
:10291000F3F801229102064802F05AF8064808F03E
:10292000EBF808F06FFA44F6206008F0E5F810BD07
:1029300000200258F04902003057050070B50646E5
:102940000C4608F0B9F9304600F00CF828B92046DA
:1029500008F024FA012800D0012508F0CFF900255D
:10296000284670BD70B5044608F0A6F9BA2008F0F4
:1029700015FA01280AD1201208F010FA012805D111
:10298000E0B208F00BFA012800D001250025284606
:1029900070BD00002DE9F041044602F025F88046A4
:1029A00014B90120BDE8F08194F83500022808D060
:1029B0008020606500BF002084F8340000BF012043
:1029C000F0E7FE492068884249D0FC491831206868
:1029D000884244D0F9493031206888423FD0F749D5
:1029E0004831206888423AD0F449603120688842F2
:1029F00035D0F24978312068884230D0EF499031A3
:102A0000206888422BD0ED49A8312068884226D022
:102A1000EB492068884222D0E94918312068884271
:102A20001DD0E74930312068884218D0E449483148
:102A30002068884213D0E2496031206888420ED075
:102A4000DF4978312068884209D0DD49903120681B
:102A5000884204D0DA49A8312068884201D1012097
:102A600000E0002068B12068006820F01E002168A6
:102A700008602068406920F080002168486125686E
:102A800006E02068006820F00E00216808602568D4
:102A9000CA492068884270D0C849183120688842E5
:102AA0006BD0C64930312068884266D0C34948316E
:102AB0002068884261D0C1496031206888425CD07A
:102AC000BE4978312068884257D0BC49903120688F
:102AD000884252D0B949A831206888424DD0B849BF
:102AE0002068884249D0B64918312068884244D0CD
:102AF000B3493031206888423FD0B149483120681D
:102B000088423AD0AE4960312068884235D0AC491D
:102B100078312068884230D0A949903120688842B5
:102B20002BD0A749A8312068884226D0A549206823
:102B3000884222D0A3491431206888421DD0A1497F
:102B400028312068884218D09E493C31206888424C
:102B500013D09C495031206888420ED09949643185
:102B60002068884209D0974978312068884204D08B
:102B700094498C312068884201D1012000E0002076
:102B800028B1206E006820F48070216E08608B49A7
:102B90002068884249D0894918312068884244D049
:102BA00086493031206888423FD0844948312068C6
:102BB00088423AD0814960312068884235D07F49C7
:102BC00078312068884230D07C4990312068884232
:102BD0002BD07A49A8312068884226D078492068CD
:102BE000884222D076491831206888421DD0744925
:102BF00030312068884218D07149483120688842B5
:102C000013D06F496031206888420ED06C4978310A
:102C10002068884209D06A4990312068884204D0EF
:102C20006749A8312068884206D12068006820F0F2
:102C300001002168086005E02068006820F00100BC
:102C40002168086011E001F0CFFEA0EB0800052824
:102C50000BD920206065032084F8350000BF0020D8
:102C600084F8340000BF01209CE6286800F00100D1
:102C70000028E8D151492068884249D04F4918318D
:102C80002068884244D04D493031206888423FD086
:102C90004A494831206888423AD048496031206822
:102CA000884235D0454978312068884230D0434940
:102CB0009031206888422BD04049A8312068884252
:102CC00026D03F492068884222D03D4918312068EB
:102CD00088421DD03A4930312068884218D038499E
:102CE00048312068884213D03549603120688842D5
:102CF0000ED0334978312068884209D0304990316C
:102D00002068884204D02E49A8312068884201D129
:102D1000012000E0002040B1A66D94F85C0000F0B6
:102D20001F013F208840B06007E0A76D94F85C0069
:102D300000F01F0101208840786020492068884207
:102D400076D01E4918312068884271D01B49303135
:102D5000206888426CD0194948312068884267D081
:102D6000164960312068884262D014497831206861
:102D700088425DD0114990312068884258D00F496F
:102D8000A8312068884253D00D49206888424FD02E
:102D90000B491831206888424AD0094930312068EF
:102DA000884245D0064948312068884240D00449CD
:102DB0006031206888423BD0014905E010000240A4
:102DC00010040240085402587831206888422FD0FD
:102DD0002549206888422BD0234918312068884231
:102DE00026D022492068884222D020491431206808
:102DF00088421DD01D4928312068884218D01B49BF
:102E00003C312068884213D01849503120688842EC
:102E10000ED0164964312068884209D013497831B0
:102E20002068884204D011498C312068884201D141
:102E3000012000E0002068B1D4E919104860E06E7C
:102E400040B1E06E006820F48070E16E0860D4E963
:102E50001C104860012084F8350000BF002084F871
:102E6000340000BF00BF9DE5A00402400854025892
:102E700070B504460CB9012070BD94F835000228E5
:102E800003D0802060650120F6E7DC492068884295
:102E900049D0DA4918312068884244D0D7493031C6
:102EA000206888423FD0D5494831206888423AD0CE
:102EB000D24960312068884235D0D04978312068C5
:102EC000884230D0CD499031206888422BD0CB4900
:102ED000A8312068884226D0C9492068884222D07B
:102EE000C7491831206888421DD0C5493031206853
:102EF000884218D0C24948312068884213D0C0495E
:102F00006031206888420ED0BD49783120688842FF
:102F100009D0BB4990312068884204D0B849A83113
:102F20002068884201D1012000E00020F0B3042095
:102F300084F83500B149206888424BD0AF49183138
:102F40002068884246D0AD4930312068884241D05F
:102F5000AA494831206888423CD0A849603120689D
:102F6000884237D0A54978312068884232D0A349B9
:102F70009031206888422DD0A049A831206888422D
:102F800028D09F492068884224D09D491831206864
:102F900088421FD09A493031206888421AD0984917
:102FA00048312068884215D0954900E020E0603122
:102FB000206888420ED0924978312068884209D032
:102FC0008F4990312068884204D08D49A83120680B
:102FD000884206D12068006820F00100216808605E
:102FE00009E12068006820F001002168086002E122
:102FF0002068006820F00E00216808607F49206882
:10300000884249D07D4918312068884244D07B49A4
:103010003031206888423FD0784948312068884262
:103020003AD0764960312068884235D0734978318A
:103030002068884230D071499031206888422BD076
:103040006E49A8312068884226D06D4920688842A0
:1030500022D06B491831206888421DD06849303130
:103060002068884218D0664948312068884213D0C9
:1030700063496031206888420ED061497831206808
:10308000884209D05E4990312068884204D05C496A
:10309000A8312068884206D12068006820F001002D
:1030A0002168086005E02068006820F001002168C0
:1030B000086052492068884270D050491831206811
:1030C00088426BD04D4930312068884266D04B49E8
:1030D00048312068884261D0484960312068884280
:1030E0005CD0464978312068884257D043499031B6
:1030F0002068884252D04149A831206888424DD08A
:103100003F492068884249D03D49183120688842AB
:1031100044D03B493031206888423FD0384948315B
:10312000206888423AD0364960312068884235D0DC
:10313000334978312068884230D031499031206855
:1031400088422BD02E49A8312068884226D02D49AC
:103150002068884222D02B491431206888421DD033
:10316000284928312068884218D026493C312068F7
:10317000884213D023495031206888420ED021491B
:1031800064312068884209D01E497831206888421D
:1031900004D01C498C312068884201D1012000E014
:1031A0000020D8B1206E006820F48070216E086085
:1031B000A56D94F85C0000F01F0101208840686054
:1031C000D4E919104860E06E40B1E06E006820F468
:1031D0008070E16E0860D4E91C104860012084F81A
:1031E000350000BF002084F8340000BF206D10B10E
:1031F0002046216D884700203EE600001000024076
:1032000010040240085402582DE9F84F04460020EB
:103210000090FE4800684FF41651B0FBF1FAA66D1D
:10322000D4F858803768D8F80090F9492068884267
:1032300049D0F74918312068884244D0F4493031E8
:10324000206888423FD0F2494831206888423AD00D
:10325000EF4960312068884235D0ED4978312068E7
:10326000884230D0EA499031206888422BD0E84922
:10327000A8312068884226D0E6492068884222D0BA
:10328000E4491831206888421DD0E2493031206875
:10329000884218D0DF4948312068884213D0DD4980
:1032A0006031206888420ED0DA497831206888423F
:1032B00009D0D84990312068884204D0D549A83136
:1032C0002068884201D1012000E0002000287DD044
:1032D00094F85C0000F01F01082088403840002866
:1032E00068D0CB492068884249D0C9491831206844
:1032F000884244D0C6493031206888423FD0C44912
:103300004831206888423AD0C149603120688842FB
:1033100035D0BF4978312068884230D0BC499031DF
:10332000206888422BD0BA49A8312068884226D02C
:10333000B8492068884222D0B649183120688842AE
:103340001DD0B44930312068884218D0B149483185
:103350002068884213D0AF496031206888420ED07F
:10336000AC4978312068884209D0AA499031206858
:10337000884204D0A749A8312068884204D1206837
:10338000006800F0040003E02068006800F0080016
:1033900080B12068006820F004002168086094F87B
:1033A0005C0000F01F0108208840B060606D40F0B4
:1033B0000100606594F85C0000F01F010120884066
:1033C0003840E8B392492068884200E0B7E24BD029
:1033D0008F4918312068884246D08D4930312068A5
:1033E000884241D08A494831206888423CD0884987
:1033F00060312068884237D085497831206888421A
:1034000032D083499031206888422DD08049A8313C
:103410002068884228D07F492068884224D07D498E
:103420001831206888421FD07A493031206888429C
:103430001AD0784948312068884215D0754900E093
:1034400026E06031206888420ED0724978312068C9
:10345000884209D06F4990312068884204D06D4974
:10346000A8312068884204D12068406900F08000BB
:1034700002E020680068002050B194F85C0000F081
:103480001F0101208840B060606D40F0020060655F
:1034900094F85C0000F01F01042088403840E8B335
:1034A0005B49206888424BD05949183120688842CE
:1034B00046D0574930312068884241D0544948317C
:1034C000206888423CD0524960312068884237D019
:1034D0004F4978312068884232D04D499031206878
:1034E00088422DD04A49A8312068884228D04949CD
:1034F0002068884224D047491831206888421FD06C
:1035000044493031206888421AD042494831206805
:10351000884215D03F496031206800E024E08842AD
:103520000ED03C4978312068884209D03949903121
:103530002068884204D03749A8312068884204D1E5
:103540002068006800F0020002E0206800680020A7
:1035500050B194F85C0000F01F0104208840B06076
:10356000606D40F00400606594F85C0000F01F019D
:10357000102088403840E8B325492068884251D05F
:1035800023491831206888424CD0214930312068C5
:10359000884247D01E4948312068884242D01C49A1
:1035A0006031206888423DD01949783120688842CE
:1035B00038D0174990312068884233D01449A83157
:1035C000206888422ED01349206888422AD01149A9
:1035D00018312068884225D00E4930312068884251
:1035E00020D00C494831206888421BD009496031FD
:1035F000206800E04DE0884214D006497831206808
:1036000088420FD003499031206805E098000024DB
:103610001000024010040240884203D0FE49206896
:10362000884204D12068006800F0080003E02068A8
:10363000006800F0040060B394F85C0000F01F0123
:1036400010208840B0602068006800F4802080B1BD
:103650002068006800F4002028B9206CC8B120461A
:10366000216C884715E0A06C98B12046A16C884772
:103670000FE02068006800F4807028B920680068B6
:1036800020F0080021680860206C10B12046216CF1
:10369000884794F85C0000F01F01202088403840E3
:1036A00000287DD0DD492068884249D0DB491831A7
:1036B0002068884244D0D9493031206888423FD0C0
:1036C000D6494831206888423AD0D44960312068D0
:1036D000884235D0D14978312068884230D0CF49EE
:1036E0009031206888422BD0CC49A831206888428C
:1036F00026D0C949A8392068884221D0C6499039C6
:10370000206888421CD0C44978392068884217D084
:10371000C14960392068884212D0BF4948392068C1
:1037200088420DD0BC4930392068884208D0BA4957
:1037300018392068884203D0B7492068884204D1EC
:103740002068006800F0100003E02068006800F0C6
:10375000020028B394F85C0000F01F01202088408C
:10376000B06094F8350004282DD12068006820F05E
:103770001600216808602068406920F080002168F8
:103780004861206C08B9A06C28B12068006820F05E
:1037900008002168086094F85C0000F01F0100E058
:1037A0003FE03F208840B060012084F8350000BF32
:1037B000002084F8340000BF206D10B12046216D38
:1037C0008847BDE8F88F2068006800F4802080B149
:1037D0002068006800F4002028B9606C08B3204617
:1037E000616C88471DE0E06BD8B12046E16B8847EB
:1037F00017E02068006800F4807068B920680068ED
:1038000020F0100021680860012084F8350000BF16
:10381000002084F8340000BFE06B10B12046E16B5B
:103820008847606D00287AD0606D00F00100E8B331
:10383000042084F835007949206888424BD07749C4
:1038400018312068884246D0744930312068884257
:1038500041D072494831206888423CD06F4960317C
:103860002068884237D06D4978312068884232D04C
:103870006A499031206888422DD06849A831206873
:10388000884228D06449A8392068884223D06249F8
:103890009039206888421ED05F4978392068884274
:1038A00019D05D4960392068884200E040E012D0BC
:1038B00059494839206888420DD057493039206825
:1038C000884208D0544918392068884203D05249A8
:1038D0002068884206D12068006820F00100216835
:1038E000086005E02068006820F001002168086099
:1038F00000BF0098401C0090504500D905E02068AA
:10390000006800F001000028F3D100BF20680068C3
:1039100000F0010020B1032084F8350003E00DE041
:10392000012084F8350000BF002084F8340000BF77
:10393000E06C002802D02046E16C8847D9E1384984
:103940002068884222D036491431206888421DD030
:10395000334928312068884218D031493C312068E9
:10396000884213D02E495031206888420ED02C490D
:1039700064312068884209D029497831206888421A
:1039800004D027498C312068884201D1012000E011
:1039900000200028D2D02068056894F85C0000F070
:1039A0001F010420884000EA0900D8B305F0040094
:1039B000C0B394F85C0000F01F0104208840C8F8F0
:1039C000040005F4004080B105F4803030B9A06CEB
:1039D0000028B3D02046A16C88478AE1206C0028DB
:1039E000ACD02046216C884783E105F02000E8BB7D
:1039F0000A492068884253D0084918312068884213
:103A00004ED0064930312068884249D003494831B8
:103A10002068884244D006E0B8040240100002400A
:103A2000085402584FE0B44960312068884237D0CA
:103A3000B14978312068884232D0AF49903120684E
:103A400088422DD0AC49A8312068884228D0AB49A3
:103A50002068884224D0A9491831206888421FD0A4
:103A6000A6493031206888421AD000E025E0A349F9
:103A700048312068884213D0A049603120688842CC
:103A80000ED09E4978312068884209D09B499031F8
:103A90002068884204D09949A8312068884206D11C
:103AA0002068006820F008002168086005E02068B0
:103AB000006820F0040021680860206C10B32046E4
:103AC000216C884715E194F85C0000F01F0102208A
:103AD000884000EA0900E8B305F00200D0B394F88A
:103AE0005C0000F01F0102208840C8F8040005F4C3
:103AF000004070B105F4803028B9606C10B12046E8
:103B0000616C8847F5E0E06BF0B32046E16B8847D5
:103B1000EFE005F02000C0BB7749206888424ED016
:103B2000754918312068884249D07349303120687E
:103B3000884244D070494831206888423FD06E495D
:103B40006031206888423AD06B49783120688842D9
:103B500035D000E04EE068499031206888422ED090
:103B60006549A8312068884229D064492068884284
:103B700025D0624918312068884220D05F49303111
:103B8000206888421BD001E06EE02DE05B4948319F
:103B90002068884213D059496031206888420ED08D
:103BA000564978312068884209D0544990312068BC
:103BB000884204D05149A8312068884206D1206843
:103BC000006820F014002168086005E020680068A3
:103BD00020F00A0021680860012084F8350000BF49
:103BE000002084F8340000BFE06BE8B32046E16BAE
:103BF00088477EE094F85C0000F01F0108208840B0
:103C000000EA090080B305F0080068B33A4920686B
:103C100088424BD0384918312068884246D036490E
:103C200030312068884241D0334948312068884289
:103C30003CD0314960312068884237D02E497831F4
:103C40002068884232D02C499031206888422DD09B
:103C50002949A8312068884228D02849206888420C
:103C600024D02649183100E043E0206888421DD066
:103C7000224930312068884218D0204948312068D4
:103C8000884213D01D496031206888420ED01B49FC
:103C900078312068884209D01849903120688842DC
:103CA00004D01649A8312068884206D120680068EF
:103CB00020F01C002168086005E02068006820F002
:103CC0000E002168086094F85C0000F01F010120DC
:103CD0008840C8F804000120606584F8350000BF02
:103CE000002084F8340000BFE06C10B12046E16C85
:103CF000884700BF65E50000100002401004024044
:103D00002DE9F041044600F06FFE804614B9012011
:103D1000BDE8F081FE492068884249D0FC4918314D
:103D20002068884244D0FA493031206888423FD028
:103D3000F7494831206888423AD0F5496031206817
:103D4000884235D0F24978312068884230D0F04935
:103D50009031206888422BD0ED49A83120688842F4
:103D600026D0EC492068884222D0EA4918312068E0
:103D700088421DD0E74930312068884218D0E54993
:103D800048312068884213D0E24960312068884277
:103D90000ED0E04978312068884209D0DD49903161
:103DA0002068884204D0DB49A8312068884201D1CC
:103DB000012000E00020002873D0606A00B100BF3D
:103DC000022084F8350000BF002084F8340000BFD2
:103DD000CF492068884249D0CD49183120688842AF
:103DE00044D0CB493031206888423FD0C84948315F
:103DF000206888423AD0C64960312068884235D070
:103E0000C34978312068884230D0C1499031206858
:103E100088422BD0BE49A8312068884226D0BD49AF
:103E20002068884222D0BB491831206888421DD0C2
:103E3000B84930312068884218D0B64948312068E6
:103E4000884213D0B3496031206888420ED0B1490E
:103E500078312068884209D0AE4990312068884284
:103E600004D0AC49A8312068884206D12068006897
:103E700020F001002168086005E02068006820F05B
:103E80000100216808600DE000F0AEFDA0EB080025
:103E9000052807D920206065032084F8350001201B
:103EA00036E76AE02068006800F001000028EBD1E6
:103EB0002068056898480540D4E902010843216953
:103EC000084361690843A1690843E1690843216A1D
:103ED00008430543606A042803D1D4E90B01084371
:103EE00005438E4800686FF30F00B0F1005F1DD3EB
:103EF0006068292802D360682E2811D960683F289D
:103F000002D3606842280BD96068472802D36068F2
:103F1000482805D960684F2804D36068522801D822
:103F2000012000E0002008B145F4801520680560FC
:103F30002068456925F00705606A0543606A042822
:103F40000DD1A06A0543E06A48B12046FEF7F8F9B2
:103F500028B140206065012084F83500D8E620684B
:103F600045612046FEF7C8F8064694F85C0000F06C
:103F70001F013F208840B0609EE069492068884268
:103F800022D067491431206888421DD06449283105
:103F90002068884218D062493C312068884213D09A
:103FA0005F495031206888420ED05D4964312068F5
:103FB000884209D05A4978312068884204D058494B
:103FC0008C312068884201D1012000E00020E0B35C
:103FD00053492068884222D05149143120688842D0
:103FE0001DD04F4928312068884218D04C493C31B7
:103FF0002068884213D04A495031206888420ED048
:10400000474964312068884209D0454978312068A1
:10401000884204D042498C312068884201D1012075
:1040200000E0002000B100BF022084F8350000BF8E
:10403000002084F8340000BF206805683948054036
:10404000A068402802D1102106E02EE0A068802858
:1040500001D1C10100E00021E06841EAD0012069FE
:1040600041EAD001606941EAD001A06941EAD0018A
:10407000E06941EAD001206A41EA10100543206856
:10408000056027492068401A1421B0FBF1F0800038
:10409000E0652046FEF730F8074694F85C0000F033
:1040A0001F0101208840786006E040206065032001
:1040B00084F8350001202BE61549206888427FD01E
:1040C00013491831206888427AD01149303120686C
:1040D000884275D00E4948312068884270D00C491A
:1040E0006031206888426BD0094978312068884265
:1040F00066D0074990312068884261D00449A831D0
:10410000206888425CD003492068884258D00BE080
:1041100010000240100402403F8010FE0010005CBE
:10412000085402580F00FEFF3B49183120688842AE
:1041300046D0394930312068884241D0364948312B
:10414000206888423CD0344960312068884237D0AA
:10415000314978312068884232D02F499031206827
:1041600088422DD02C49A8312068884228D02B497C
:104170002068884224D029491431206888421FD001
:1041800026492831206888421AD024493C312068C9
:10419000884215D0214950312068884210D01F49EB
:1041A0006431206888420BD01C49783120688842ED
:1041B00006D01A498C312068884200E000E001D125
:1041C000012000E0002000B32046FEF70BF8A068B5
:1041D000802801D1002060602079216E0860D4E938
:1041E00019104860606860B16068082809D82046E6
:1041F000FEF75AF80020E16E0860D4E91C10486010
:1042000003E00020E0662067606700206065012011
:1042100084F8350000207BE5100402400854025861
:104220002DE9F04104460D4616461F464FF00008A2
:1042300014B90120BDE8F08100BF94F834000128D2
:1042400001D10220F6E7012084F8340000BF94F881
:10425000350001287ED1022084F8350000206065F9
:10426000E4492068884249D0E249183120688842F0
:1042700044D0E0493031206888423FD0DD494831A0
:10428000206888423AD0DB4960312068884235D0C6
:10429000D84978312068884230D0D649903120689A
:1042A00088422BD0D349A8312068884226D0D249F1
:1042B0002068884222D0D0491831206888421DD019
:1042C000CD4930312068884218D0CB494831206828
:1042D000884213D0C8496031206888420ED0C64950
:1042E00078312068884209D0C349903120688842DB
:1042F00004D0C149A8312068884206D120680068EE
:1043000020F001002168086005E02068006820F0C6
:104310000100216808603B46324629462046FEF7E8
:1043200067F8B449206888424BD0B24918312068F8
:10433000884246D0AF4930312068884241D0AD49EB
:104340004831206888423CD0AA49603120688842C0
:1043500037D000E042E1A74978312068884230D068
:10436000A4499031206888422BD0A249A831206806
:10437000884226D0A0492068884222D09E49183120
:10438000206888421DD09C4930312068884218D06E
:10439000994948312068884213D097496031206894
:1043A00088420ED0944978312068884209D09249D9
:1043B00090312068884204D08F49A8312068884213
:1043C00001D1012000E0002080B12068006820F0C9
:1043D0001E0040F0160021680860206CB0B1206813
:1043E000006840F00800216808600FE0206800685D
:1043F00020F00E0040F00A0021680860206C28B10F
:104400002068006840F0040021680860794920684D
:10441000884270D077491831206888426BD075493E
:1044200030312068884266D072494831206888421D
:1044300061D070496031206888425CD06D49783124
:104440002068884257D06B4990312068884252D00A
:104450006849A831206888424DD067492068884261
:1044600049D0654918312068884244D062493031CA
:10447000206888423FD060494831206888423AD05D
:104480005D4960312068884235D05B4978312068C9
:10449000884230D058499031206888422BD0564904
:1044A000A8312068884226D054492068884222D00A
:1044B00052491431206888421DD050492831206863
:1044C000884218D04D493C312068884213D04B496E
:1044D0005031206888420ED04849643120688842B3
:1044E00009D0464978312068884204D043498C314C
:1044F0002068884201D1012000E0002090B1206EA8
:10450000006800F4803028B1206E006840F48070AC
:10451000216E0860E06E28B1E06E006840F48070A3
:10452000E16E086033492068884249D0314918312A
:104530002068884244D02F493031206888423FD0DB
:104540002C494831206888423AD02A496031206895
:10455000884235D0274978312068884230D02549B3
:104560009031206888422BD02249A83120688842A7
:1045700026D021492068884222D01F49183120685E
:1045800088421DD01C4930312068884218D01A4911
:1045900048312068884213D017496031206888422A
:1045A0000ED0154978312068884209D012499031DF
:1045B0002068884204D01049A8312068884206D17A
:1045C0002068006840F001002168086010E0206861
:1045D000006840F001002168086009E04FF40060C5
:1045E000606500BF002084F8340000BF4FF0010870
:1045F00040461FE6100002401004024008540258D2
:1046000070B5044600F0F0F906462546681C10B166
:1046100004480078054400BF00F0E6F9801BA8427A
:10462000FAD370BDA800002400B587B0142102A8F9
:10463000FCF716FA00BF5C48006840F480505A4905
:1046400008600846006800F48050019000BF00BF79
:1046500000BF55480C30006840F0040052490C314E
:1046600008600846006800F00400019000BF00BF29
:1046700000BF0846006840F008000860084600686F
:1046800000F00800019000BF00BF00BF08460068AE
:1046900040F0100008600846006800F0100001902B
:1046A00000BF00BF00BF0846006840F0200008605F
:1046B0000846006800F02000019000BF00BF00BF66
:1046C0000846006840F0400008600846006800F0B6
:1046D0004000019000BF00BF00BF0846006840F0E6
:1046E000800008600846006800F08000019000BF6C
:1046F00000BF4FF63F00029002200390002004907C
:10470000032005900C20069002A9284800F05AF8D2
:104710000C200290022003900020049003200590BA
:104720000C20069002A9224800F04CF848F23710FD
:1047300002900220039000200490032005900C209A
:10474000069002A91B4800F03DF84FF683700290D6
:104750000220039000200490032005900C20069076
:1047600002A9154800F02EF84CF2037002900220C6
:10477000039000200490032005900C20069002A9CD
:104780000E4800F01FF80120029002200390002044
:104790000490032005900C20069002A9084800F020
:1047A00011F807B000BD0000D444025800140258AC
:1047B000001C02580018025800100258000C025841
:1047C00000080258F8B502460B4600216F4DD7E0AD
:1047D00001278F401E6806EA0704002C72D01E795C
:1047E00006F00306012E04D01E7906F00306022E01
:1047F00013D190684F000326BE40B0434F00DE68DF
:10480000BE4030439060506801268E40B0431E7910
:10481000C6F300168E40304350601E7906F0030642
:10482000032E09D0D0684F000326BE40B0434F008E
:104830009E68BE403043D0601E7906F00306022E0B
:1048400013D1CF0802F1200656F827004E07F70EC5
:104850000F26BE40B0434F07FF0E1E69BE403043D7
:10486000CF0802F1200646F8270010684F00032603
:10487000BE40B0431E7906F003064F00BE403043F1
:1048800010605E6806F44036002E78D000BF404EBF
:10489000366846F002063E4F3E603E46366806F0F9
:1048A0000206009600BF00BF3A4E8F0856F8270058
:1048B0008E07370F0F26BE40B043374EB24202D1AB
:1048C00000262EE05BE0354EB24201D1012628E001
:1048D000334EB24201D1022623E0324EB24201D120
:1048E00003261EE0304EB24201D1042619E02F4EBD
:1048F000B24201D1052614E02D4EB24201D1062666
:104900000FE02C4EB24201D107260AE02A4EB242F5
:1049100001D1082605E0294EB24201D1092600E066
:104920000A268F073F0FBE4030431A4E8F0846F8C5
:1049300027004FF0B0463068A0435E6806F480164A
:1049400006B120434FF0B04630607068A0435E6807
:1049500006F4001606B120434FF0B0467060686858
:10496000A0435E6806F4003606B1204368602868FC
:10497000A0435E6806F4803606B120432860491CD7
:104980001E68CE40002E7FF423AFF8BD8000005893
:10499000F444025808040058000002580004025869
:1049A00000080258000C0258001002580014025867
:1049B00000180258001C0258002002580024025817
:1049C000024613690B400BB1012000E00020704744
:1049D0000AB1816101E00B048361704701480068FE
:1049E000000C70470010005C014800687047000030
:1049F000A0000024034800680349097808440149DD
:104A000008607047A0000024A800002410B503200F
:104A100000F0C4FB01F00CFF10490968C1F3032149
:104A20000F4A515C01F01F0120FA01F40B480068A5
:104A300000F00F001146085C00F01F0024FA00F09F
:104A400008490860084804600F2000F00FF808B11A
:104A5000012010BD00F038FB0020FAE7184402588E
:104A6000448004089C0000249800002470B58AB09B
:104A70000446102C0AD200222146762000F050FB7A
:104A8000762000F039FB1948046002E001200AB0EA
:104A900070BD00BF1648006840F4802014490860CB
:104AA0000846006800F48020009000BF00BF01A904
:104AB00002A801F03DFE01F0A9FE45000D48B5FB3E
:104AC000F0F0461E0C480D49086040F2E7310B48F3
:104AD000C160466000210161816002F01DFD18B9CE
:104AE000064802F069FDD2E70120D0E7A4000024C7
:104AF000F044025840420F0000480140580300248F
:104B000070B504460E46154600BF94F8A000012873
:104B100001D1022070BD012084F8A00000BF022056
:104B200084F8A10005EB850101EBC50204F1380111
:104B300001EB820034223146FBF736FF2A4631462C
:104B4000204604F013FB01202168486284F8A1008C
:104B500000BF002084F8A00000BF00BFDAE7704764
:104B600070B504462068856B2068466B05F004002C
:104B7000E0B106F00400C8B12068406B20F00400EA
:104B80002168486304202168C863D4F8A40040F079
:104B90000100C4F8A400042084F8A10000BF002094
:104BA00084F8A00000BF2046FFF7D9FF05F00200FF
:104BB000E0B106F00200C8B12068406B20F00200AE
:104BC0002168486302202168C863D4F8A40040F03B
:104BD0000200C4F8A400042084F8A10000BF002053
:104BE00084F8A00000BF2046FFF7B9FF05F00100E0
:104BF000A8B106F0010090B12068406B20F00100E0
:104C00002168486301202168C86384F8A10000BFBF
:104C1000002084F8A00000BF204600F0A7F805F0AF
:104C20000800B0B106F0080098B12068406B20F091
:104C300008002168486308202168C863012084F8BF
:104C4000A10000BF002084F8A00000BF204600F0B3
:104C5000D5F970BD70B504460CB9012070BD94F84B
:104C6000A10028B9002084F8A000204600F08CF8AC
:104C7000022084F8A1002068806920F0704021683B
:104C80008861D4E901010843E168084321690843C8
:104C900021688969084321688861206880683249F1
:104CA000084021688860A08A050420688068A1699E
:104CB00029430843216888602068C0682A49084061
:104CC0002168C860A08B05042068C068216A294358
:104CD00008432168C86020680069234908402168AA
:104CE0000861A08C050420680069A16A2943084373
:104CF00021680861206840691B49084021684861B3
:104D0000A08D050420684069216B29430843216870
:104D1000486194F83500050294F8360006042068CE
:104D2000C06A00F07F402168C86246EA050094F836
:104D3000341008432168C96A08432168C8622068A2
:104D4000406B40F00600216848632068806940F0AD
:104D50000100216888610020C4F8A400012084F8C3
:104D6000A10000207AE7000000F800F010B504462A
:104D70002068406A40F00100216848620021204616
:104D800000F012F910BD000030B587B004460025D0
:104D9000142102A8FBF764FE7C49206888427CD17C
:104DA00000BF7B48006840F0080079490860084669
:104DB000006800F00800019000BF00BF00BF081F9E
:104DC000006840F48060091F08600846006800F42D
:104DD0008060019000BF00BF00BF0846006840F03F
:104DE000400008600846006800F04000019000BFE5
:104DF00000BF00BF0846006840F400700860084625
:104E0000006800F40070019000BF00BF00BF0846BA
:104E1000006840F0800008600846006800F08000EC
:104E2000019000BF00BF00BF0846006840F48070DA
:104E300008600846006800F48070019000BF00BF61
:104E400000BF0846006840F080000860084600681F
:104E500000F08000019000BF00BF0020039004908C
:104E60004FF40040029002A94A48FFF7ABFC8020B3
:104E7000029002A94848FFF7A5FC4FF48050029029
:104E800002A94548FFF79EFC4FF400414148FFF757
:104E900097FD68B98021404800E075E0FFF790FD7C
:104EA00030B94FF480513C48FFF78AFD00B9012525
:104EB000FE20029002200390002004900320059021
:104EC0000E20069002A93548FFF77CFC4FF4806065
:104ED00002900220039000200490032005900920F6
:104EE000069002A92E48FFF76DFC4FF2FF300290AA
:104EF0000220039000200490032005900E200690CD
:104F000002A92548FFF75EFC4FF400400290022002
:104F1000039000200490032005900E20069002A923
:104F20002048FFF74FFC4FF470400290022003909E
:104F300000200490032005900E20069002A9154839
:104F4000FFF740FC10200290022003900020049004
:104F5000032005900920069002A91248FFF732FCB1
:104F6000402002900120039000200490059002A9A7
:104F70000C48FFF727FC002240210A48FFF728FDD4
:104F8000012D01D103F0D8FF07B030BD0010005053
:104F9000E444025800200258002402580028025815
:104FA00000180258001C0258024600BF92F8A000E8
:104FB000012801D102207047012082F8A00000BF23
:104FC000022082F8A1001068406B20F001001368F5
:104FD0005863094801641068406B40F00100136891
:104FE0005863012082F8A10000BF002082F8A000D1
:104FF00000BF00BFDFE70000001000507047000056
:105000004178154A11600178F9B1121D41681160AB
:10501000017B0907C27A41EA0261827A41EAC24110
:10502000427B41EA8241827B41EA4241C27B41EAC2
:105030000241427A41EA0221027A41EA42010278BF
:105040001143054A0832116005E00021024A121D91
:105050001160121D1160704798ED00E000BF00BFA5
:1050600000BFBFF35F8F00BF00BF00BF05480068EF
:1050700020F4803003490860002002497031086044
:105080007047000024ED00E040F001010D4A11607E
:105090000C497039096841F480310A4A703A11604C
:1050A00000BF00BF00BFBFF34F8F00BF00BF00BFF6
:1050B00000BF00BF00BFBFF36F8F00BF00BF00BFC6
:1050C0007047000094ED00E008B500BF0948006893
:1050D00040F00200074908600846006800F002003E
:1050E000009000BF00BF00220F21901E00F018F8B2
:1050F00008BD0000F44402580146084600280DDBB4
:1051000000BF00BF00F01F0301229A4043099B002B
:1051100003F1E023C3F8002100BF00BF00BF7047C8
:105120002DE9F05F80460D46164607F0ADF90746BB
:1051300039462A46334601F00700C0F1070ABAF1A2
:10514000040F02D94FF0040A01E0C0F1070AD1466A
:1051500000F1040ABAF1070F02D24FF0000A01E091
:10516000A0F1030AD4464FF0010A0AFA09FAAAF19B
:10517000010A0AEA020A0AFA0CFA4FF0010B0BFACA
:105180000CFBABF1010B0BEA030B4AEA0B042146C3
:10519000404607F081F9BDE8F09F000000BF00F035
:1051A0000702064B19684FF6FF031940044B0B43E7
:1051B00043EA0221014B196000BF70470CED00E08B
:1051C0000000FA0570B5044615480068C0F3800079
:1051D00048B91348006800F00700A04201D0012040
:1051E00070BD0020FCE70E48006820F00700204357
:1051F0000B490860FFF7F8FB054607E0FFF7F4FBF3
:10520000401BB0F57A7F01D90120E9E7044808384E
:105210000068C0F340300028F0D00020E0E7000034
:105220000C48025810B501F0B9FA05490968C1F3F4
:105230000211044A515C01F01F01C84010BD00007A
:10524000204402584480040870B50146844D2D68FE
:1052500005F00303824D2D68C5F30530804D2D1DEB
:105260002D68C5F300147E4D14352D68C5F3CC05AB
:1052700015FB04F501EE105AB8EE411AF0EE410AA2
:1052800000286FD023B1012B4ED0022B6BD16BE0E5
:10529000734D283D2D68C5F340153DB3704D283D35
:1052A0002D68C5F3C1066F4D25FA06F201EE102AEE
:1052B000F8EE411A01EE100AB8EE411A81EE812A89
:1052C0009FED691AC0EE811A654D10352D68C5F342
:1052D000080501EE105AB8EE411A31EE811AF7EEC8
:1052E000001A31EE211A22EE010A1CE001EE100A2A
:1052F000B8EE411ADFED5D1A81EE812A9FED5A1A50
:10530000C0EE811A564D10352D68C5F3080501EE23
:10531000105AB8EE411A31EE811AF7EE001A31EE4A
:10532000211A22EE010A5BE001EE100AB8EE411AE2
:10533000DFED4F1A81EE812A9FED4B1AC0EE811AE4
:10534000474D10352D68C5F3080501EE105AB8EE2B
:10535000411A31EE811AF7EE001A31EE211A22EECF
:10536000010A3DE077E01DE001EE100AB8EE411AB7
:105370009FED402AC2EE011A9FED3B1A80EE812A72
:10538000374D10352D68C5F3080501EE105AB8EEFB
:10539000411A32EE011AB7EE002A31EE021A21EE5E
:1053A000810A1DE001EE100AB8EE411ADFED301A55
:1053B00081EE812A9FED2C1AC0EE811A284D1035FE
:1053C0002D68C5F3080501EE105AB8EE411A31EE0A
:1053D000811AF7EE001A31EE211A22EE010A00BFFF
:1053E00000BF1F4D10352D68C5F3462501EE105A3C
:1053F000B8EE411AF7EE001A31EE211AC0EE011A8A
:10540000BCEEE11A81ED001A154D10352D68C5F37B
:10541000064501EE105AB8EE411AF7EE001A31EEC9
:10542000211AC0EE011ABCEEE11A81ED011A0C4DF1
:1054300010352D68C5F3066501EE105AB8EE411A15
:10544000F7EE001A31EE211AC0EE011ABCEEE11A95
:1054500081ED021A03E000250D604D608D6070BD86
:10546000284402580090D003000000460024744CE9
:105470000024744A20BCBE4B70B50146844D2D6893
:1054800005F00303824D2D68C5F30550804D2D1D99
:105490002D68C5F300247E4D1C352D68C5F3CC0561
:1054A00015FB04F501EE105AB8EE411AF0EE410A70
:1054B00000286FD023B1012B4ED0022B6BD16BE0B3
:1054C000734D283D2D68C5F340153DB3704D283D03
:1054D0002D68C5F3C1066F4D25FA06F201EE102ABC
:1054E000F8EE411A01EE100AB8EE411A81EE812A57
:1054F0009FED691AC0EE811A654D18352D68C5F308
:10550000080501EE105AB8EE411A31EE811AF7EE95
:10551000001A31EE211A22EE010A1CE001EE100AF7
:10552000B8EE411ADFED5D1A81EE812A9FED5A1A1D
:10553000C0EE811A564D18352D68C5F3080501EEE9
:10554000105AB8EE411A31EE811AF7EE001A31EE18
:10555000211A22EE010A5BE001EE100AB8EE411AB0
:10556000DFED4F1A81EE812A9FED4B1AC0EE811AB2
:10557000474D18352D68C5F3080501EE105AB8EEF1
:10558000411A31EE811AF7EE001A31EE211A22EE9D
:10559000010A3DE077E01DE001EE100AB8EE411A85
:1055A0009FED402AC2EE011A9FED3B1A80EE812A40
:1055B000374D18352D68C5F3080501EE105AB8EEC1
:1055C000411A32EE011AB7EE002A31EE021A21EE2C
:1055D000810A1DE001EE100AB8EE411ADFED301A23
:1055E00081EE812A9FED2C1AC0EE811A284D1835C4
:1055F0002D68C5F3080501EE105AB8EE411A31EED8
:10560000811AF7EE001A31EE211A22EE010A00BFCC
:1056100000BF1F4D18352D68C5F3462501EE105A01
:10562000B8EE411AF7EE001A31EE211AC0EE011A57
:10563000BCEEE11A81ED001A154D18352D68C5F341
:10564000064501EE105AB8EE411AF7EE001A31EE97
:10565000211AC0EE011ABCEEE11A81ED011A0C4DBF
:1056600018352D68C5F3066501EE105AB8EE411ADB
:10567000F7EE001A31EE211AC0EE011ABCEEE11A63
:1056800081ED021A03E000250D604D608D6070BD54
:10569000284402580090D003000000460024744CB7
:1056A0000024744A20BCBE4B2DE9F041044600257D
:1056B000A8464FF00062D4E90010114000201346C4
:1056C00059404040014331D1A06E48B1B0F5801F30
:1056D0000DD0B0F5001F11D0B0F5401F16D114E069
:1056E000F948006840F40030F749086010E00221F2
:1056F00004F1080004F062FC054609E0022104F10F
:10570000280004F00DFD054602E001E0012500BF80
:1057100000BF55B9EC482430006820F44010A16E59
:105720000843E9492431086000E0A8464FF480733B
:10573000D4E90010194000205940404001432ED1C7
:10574000A06D05281BD2DFE800F0030A111819002C
:10575000DD48006840F40030DB49086011E00021BA
:1057600004F1080004F02AFC05460AE0002104F1D7
:10577000280004F0D5FC054603E002E001E0012525
:1057800000BF00BF55B9D0482430006820F00700A2
:10579000A16D0843CC492431086000E0A8464FF4CD
:1057A0000073D4E9001019400020594040400143E3
:1057B00034D1E06D802818D003DC40B140281DD1E1
:1057C0000CE0C02818D0B0F5807F17D115E0BE4896
:1057D000006840F40030BC49086011E0002104F189
:1057E000080004F0EBFB05460AE0002104F1280064
:1057F00004F096FC054603E002E001E0012500BF4D
:1058000000BF55B9B0482430006820F4E070E16D65
:105810000843AD492431086000E0A8464FF4806396
:10582000D4E900101940002059404040014339D1CB
:10583000D4F8A800B0F5800F1AD004DC50B1B0F550
:10584000001F1ED10DE0B0F5C00F18D0B0F5000F4D
:1058500017D115E09C48006840F400309A49086070
:1058600011E0002104F1080004F0A8FB05460AE05D
:10587000002104F1280004F053FC054603E002E097
:1058800001E0012500BF00BF5DB98F482C300068E2
:1058900020F46000D4F8A81008438B492C3108602C
:1058A00000E0A8464FF40062D4E900101140002047
:1058B000134659404040014339D1D4F8AC00B0F10F
:1058C000007F1AD004DC50B1B0F1807F1ED10DE012
:1058D000B0F1407F18D0B0F1806F17D115E07A4851
:1058E000006840F400307849086011E0002104F1BC
:1058F000080004F063FB05460AE0002104F12800DB
:1059000004F00EFC054603E002E001E0012500BFC3
:1059100000BF5DB96C482C30006820F0E060D4F81E
:10592000AC10084368492C31086000E0A8464FF0ED
:105930000073D4E900011840002158404940084351
:1059400028D1E06CA8B1102804D0202809D0302834
:1059500010D10DE05C48006840F400305A490860FE
:105960000AE0022104F1080004F028FB054603E0E8
:1059700002E001E0012500BF00BF55B952482030C8
:10598000006820F03000E16C08434F492031086086
:1059900000E0A8464FF48053D4E9001019400020DD
:1059A00059404040014337D1206EB0F5005F1AD016
:1059B00004DC50B1B0F5805F1ED10DE0B0F5405F62
:1059C00018D0B0F5804F17D115E03F48006840F47B
:1059D00000303D49086011E0002104F1080004F0A6
:1059E000EDFA05460AE0002104F1280004F098FBD6
:1059F000054603E002E001E0012500BF00BF55B904
:105A000031482430006820F4E040216E08432E49DC
:105A10002431086000E0A8464FF40053D4E9001098
:105A20001940002059404040014335D1606EB0F527
:105A3000403F1ED007DC68B1B0F5803F0BD0B0F519
:105A4000003F19D10EE0B0F5802F13D0B0F5A02F94
:105A500012D110E012E0012104F1080004F0AEFAC6
:105A600005460BE0012104F1280004F059FB05462E
:105A700004E003E002E001E0012500BF00BF55B9EA
:105A800011482430006820F4E020616E08430E497C
:105A90002431086000E0A8464FF48043D4E90001B7
:105AA0001840002158404940084337D1D4F8B0008D
:105AB000B0F1405F20D009DC78B1B0F1805F0DD04B
:105AC000B0F1005F1BD110E02C440258B0F1804FC0
:105AD00013D0B0F1A04F12D110E012E0012104F177
:105AE000080004F06BFA05460BE0012104F12800E0
:105AF00004F016FB054604E003E002E001E00125A6
:105B000000BF00BF4DB9FE48006820F0E040D4F867
:105B1000B0100843FA49086000E0A8464FF400427C
:105B2000D4E9001011400020134659404040014381
:105B300029D1206FB0B1B0F1805F03D0B0F1005F28
:105B400011D108E0EE482C38006840F40030EC49F0
:105B50002C39086009E0012104F1080004F02EFA54
:105B6000054602E001E0012500BF00BF55B9E44849
:105B70000838006820F04050216F0843E049083998
:105B8000086000E0A8464FF08072D4E90010114090
:105B9000002013465940404001432AD1A06CB8B1BF
:105BA000012804D002280BD0032812D10FE0D448DA
:105BB0002C38006840F40030D1492C3908600AE0E4
:105BC000022104F1080004F0F9F9054603E002E0BF
:105BD00001E0012500BF00BF55B9C9480C38006875
:105BE00020F00300A16C0843C5490C39086000E0AF
:105BF000A8464FF48002D4E900011040002113466A
:105C00005840494008437DD1BE48006840F4807048
:105C1000BC490860FEF7E8FE064606E0FEF7E4FE33
:105C2000801B642801D9032505E0B648006800F40C
:105C300080700028F2D000BF85BBB14818300068E2
:105C400000F44070B4F8B41001F44071884213D0ED
:105C5000AB481830006820F44077A9481830006835
:105C600040F48030A649183108600846006820F4E6
:105C70008030086008460760D4F8B400B0F5807F33
:105C800015D1FEF7B1FE064609E0FEF7ADFE801B1A
:105C900041F28831884202D9032507E038E098486C
:105CA00018300068C0F340000028EED000BF55BB9C
:105CB00000BFB4F8B40000F44070B0F5407F0ED1DE
:105CC0008F484838006820F47C518F4AD4F8B400DB
:105CD000104041EA10108A494839086007E08848B6
:105CE0004838006820F47C50854948390860844869
:105CF00018300068B4F8B410C1F30B0108438049B0
:105D0000183101E005E001E0086002E0A84600E08B
:105D1000A8460122D4E90001104000211346584052
:105D20004940084330D1E06F18281AD005DC48B14B
:105D3000082808D0102817D10CE0202812D02828D5
:105D400012D110E012E0012104F1080004F036F94C
:105D500005460BE0012104F1280004F0E1F90546B5
:105D600004E003E002E001E0012500BF00BF55B9F7
:105D70006348001F006820F03800E16F0843604965
:105D8000091F086000E0A8460222D4E90001104083
:105D90000021134658404940084329D1A06F0628E6
:105DA00016D2DFE800F003040B12131412E00121F5
:105DB00004F1080004F002F905460BE0012104F1AA
:105DC000280004F0ADF9054604E003E002E001E03C
:105DD000012500BF00BF55B94948001F006820F0E9
:105DE0000700A16F08434649091F086000E0A84664
:105DF0000423D4E9001019400020594040400143D9
:105E000029D1D4F89400062816D2DFE800F0030464
:105E10000B12131412E0012104F1080004F0CEF873
:105E200005460BE0012104F1280004F079F905464C
:105E300004E003E002E001E0012500BF00BF4DB92E
:105E40002F48006820F00700D4F8941008432C492C
:105E5000086000E0A8462023D4E900011840002192
:105E600058404940084337D1D4F89000B0F1405F22
:105E70001ED007DC68B1B0F1805F0BD0B0F1005FDD
:105E800019D10EE0B0F1804F13D0B0F1A04F12D174
:105E900010E012E0002104F1080004F08FF805463C
:105EA0000BE0022104F1280004F03AF9054604E071
:105EB00003E002E001E0012500BF00BF5DB910482A
:105EC000001F006820F0E040D4F8901008430C490F
:105ED000091F086000E0A8464023D4E900101940DB
:105EE00000205940404001433CD1D4F89C00B0F51B
:105EF000406F25D00EDCA0B1B0F5806F12D005E068
:105F00005844025800480258FFFCFF0FB0F5006FDC
:105F100019D10EE0B0F5805F13D0B0F5A05F12D1BB
:105F200010E012E0002104F1080004F047F80546F3
:105F30000BE0022104F1280004F0F2F8054604E029
:105F400003E002E001E0012500BF00BF4DB9FE48BB
:105F5000006820F4E050D4F89C100843FA49086027
:105F600000E0A8468023D4E90010194000205940E1
:105F70004040014335D1D4F8A000B0F5C04F1ED049
:105F800007DC68B1B0F5005F0BD0B0F5804F19D1D8
:105F90000EE0B0F5004F13D0B0F5204F12D110E055
:105FA00012E0002104F1080004F008F805460BE0B7
:105FB000022104F1280004F0B3F8054604E003E0F0
:105FC00002E001E0012500BF00BF4DB9DE480068D6
:105FD00020F46040D4F8A0100843DB49086000E0DA
:105FE000A8460823D4E90010194000205940404039
:105FF000014317D1D4F88400B0F5805F07D10221A6
:1060000004F1280004F08CF808B14FF00108CE48E4
:10601000001F006820F44050D4F884100843CA4997
:10602000091F08601023D4E90010194000205940CE
:106030004040014315D1D4F89800B0F5807F07D1D6
:10604000022104F1280004F06BF808B14FF00108B8
:10605000BD48006820F44070D4F898100843BA494D
:1060600008604FF40022D4E90001104000211346DB
:1060700058404940084327D1D4F8A40030B1B0F5C6
:10608000803F0AD0B0F5003F0FD10DE0002104F1B0
:10609000080003F093FF054609E0022104F12800FF
:1060A00004F03EF8054602E001E0012500BF00BF14
:1060B0004DB9A548006820F44030D4F8A410084336
:1060C000A149086000E0A8464FF48023D4E900010C
:1060D000184000215840494008432DD1D4F8880089
:1060E000B0F5801F06D0B0F5001F0CD0B0F5401FF2
:1060F00011D10FE094482C38006840F400309249E8
:106100002C39086009E0012104F1280004F008F8A6
:10611000054602E001E0012500BF00BF5DB98A48E5
:10612000001F006820F44010D4F888100843864906
:10613000091F086000E0A8464FF48032D4E900014E
:1061400010400021134658404940084325D1206D96
:1061500018B1B0F5803F10D108E07B482C380068BA
:1061600040F4003078492C39086008E0022104F13D
:10617000080003F023FF054601E0012500BF00BF32
:1061800055B971480C38006820F48030216D0843FF
:106190006D490C39086000E0A8464FF00052D4E980
:1061A000001011400020134659404040014307D1E0
:1061B000022104F1280003F0B3FF08B14FF00108F9
:1061C0004FF40033D4E90001184000215840494001
:1061D000084329D1D4F88000A0B1B0F5807F06D063
:1061E000B0F5007F0CD0B0F5407F0CD109E05648E7
:1061F0002C38006840F4003053492C39086004E022
:1062000003E002E001E0012500BF00BF5DB94E4898
:10621000001F006820F44070D4F8801008434A49F9
:10622000091F086000E0A8464FF48012D4E900106E
:1062300011400020134659404040014309D14248D3
:106240000838006820F00040616F08433E49083973
:1062500008604FF08052D4E900101140002013462E
:106260005940404001430AD137484838006820F47B
:106270008040D4F8B81008433349483908604FF4D7
:106280000012D4E90010114000201346594040404C
:10629000014309D12C480838006820F08070E16E75
:1062A00008432949083908604FF08042D4E90010BA
:1062B00011400020134659404040014311D100BF16
:1062C00021484838006820F400401F4948390860D8
:1062D00008460068D4F8BC1008431B4948390860D8
:1062E00000BF4FF00042D4E90010114000201346D7
:1062F00059404040014309D113480C38006820F050
:106300004050616D084310490C3908604FF4000299
:10631000D4E9001011400020134659404040014389
:106320000AD10948001F006820F44000D4F88C10FE
:1063300008430549091F08600123002160681840CF
:1063400001224940504001E058440258014306D11F
:1063500004F1080003F032FE054605B1A84602220A
:1063600000216068104049405040014307D101219D
:1063700004F1080003F022FE054605B1A8460423F7
:10638000002061681940042240405140084307D171
:10639000022104F1080003F011FE054605B1A846EC
:1063A00008230021606818400822494050400143FA
:1063B00006D104F1280003F0B3FE054605B1A84656
:1063C000102200216068104049405040014307D12D
:1063D000012104F1280003F0A3FE054605B1A846FB
:1063E000202200206168114040405140084307D1FD
:1063F000022104F1280003F093FE054605B1A846EA
:10640000B8F1000F02D10020BDE8F0810120FBE7C8
:106410002DE9F04104460D4614B90120BDE8F08194
:10642000BD48006800F00F00A8420ED2BA480068CC
:1064300020F00F002843B84908600846006800F0C3
:106440000F00A84201D00120E8E7207800F0040006
:1064500004280ED1B1492069096801F07001884211
:1064600007D9AE48006820F0700021690843AB49A5
:106470000860207800F00800082811D1A749091DFC
:106480006069096801F07001884209D9A348001DBC
:10649000006820F0700061690843A049091D086088
:1064A000207800F01000102811D19C49091DA06926
:1064B000096801F4E061884209D99848001D006824
:1064C00020F4E060A16908439449091D0860207820
:1064D00000F02000202811D190490831E0690968B6
:1064E00001F07001884209D98C480830006820F01A
:1064F0007000E1690843894908310860207800F09C
:10650000020002280ED18549E068096801F00F01F8
:10651000884207D98148006820F00F00E1680843ED
:106520007E490860207800F00100002850D07B48A8
:10653000006820F47060A1680843784908606068CA
:10654000022807D1754818380068C0F34040F8B9F0
:10655000012063E76068032807D170481838006895
:10656000C0F34060A0B9012058E76068012807D156
:106570006A4818380068C0F3002048B901204DE788
:10658000664818380068C0F3800008B9012045E764
:1065900062480838006820F00700616808435F49D6
:1065A00008390860FEF720FA064608E0FEF71CFAF4
:1065B000801B41F28831884201D903202EE75748D9
:1065C0000838006800F038006168B0EBC10FEDD109
:1065D000207800F0020002280ED15049E0680968D6
:1065E00001F00F01884207D24C48006820F00F00EC
:1065F000E1680843494908604748006800F00F0017
:10660000A8420ED94448006820F00F0028434249B0
:1066100008600846006800F00F00A84201D0012081
:10662000FCE6207800F0040004280ED13B492069E4
:10663000096801F07001884207D23848006820F0EC
:1066400070002169084335490860207800F008008F
:10665000082811D13149091D6069096801F07001EC
:10666000884209D22D48001D006820F07000616941
:1066700008432A49091D0860207800F010001028FE
:1066800011D12649091DA069096801F4E061884219
:1066900009D22248001D006820F4E060A169084387
:1066A0001E49091D0860207800F02000202811D123
:1066B0001A490831E069096801F07001884209D27D
:1066C00016480830006820F07000E169084313495B
:1066D0000831086000F0ACF810490968C1F30321E3
:1066E0000F4A515C01F01F0120FA01F70B480068C6
:1066F00000F00F001146085C00F01F0027FA00F0C0
:10670000084908600848076008480068FEF7AEF9C5
:106710008046404682E6000000200052184402589D
:10672000448004089C00002498000024A400002455
:106730003F220260174A126802F007024260154ABF
:106740000832126802F470628260124A08321268DB
:1067500002F00F02C2600F4A0832126802F07002A3
:1067600002610C4A0C32126802F070024261094A5E
:106770000C32126802F4E0628261064A103212683A
:1067800002F07002C261044A126802F00F020A604D
:1067900070470000104402580020005210B500F06D
:1067A00047F80D490968C1F303210C4A515C01F017
:1067B0001F0120FA01F40848006800F00F0011469C
:1067C000085C00F01F0024FA00F005490860054845
:1067D00004600846006810BD18440258448004084C
:1067E0009C0000249800002400B5FFF7D7FF05495E
:1067F0000968C1F30211044A515C01F01F01C8404D
:1068000000BD00001C4402584480040800B5FFF796
:10681000C5FF05490968C1F30221044A515C01F032
:106820001F01C84000BD00001C44025844800408F9
:10683000F0B5824E366806F0380636B1082E15D00F
:10684000102E15D0182E7DD114E07C4E103E3668E7
:10685000C6F3401646B1794E103E3668C6F3C107FE
:10686000774E26FA07F000E07548E5E07548E3E06A
:106870007548E1E0714E1836366806F003046F4E35
:1068800018363668C6F305116C4E1C36366806F0AD
:1068900001056A4E24363668C6F3CC0616FB05F6AB
:1068A00001EE106AB8EE410A002971D024B1012C22
:1068B00050D0022C6DD16DE0604E103E3668C6F3AC
:1068C00040163EB35D4E103E3668C6F3C1075C4EBF
:1068D00026FA07F301EE103AF8EE411A01EE101A0B
:1068E000B8EE411A81EE812A9FED581AC0EE011AC6
:1068F000524E20363668C6F3080601EE106AB8EE2E
:10690000411A31EE811AF7EE001A31EE211A62EEC9
:10691000010A1EE001EE101AB8EE411ADFED4C1A22
:1069200081EE812A9FED491AC0EE011A434E2036AE
:106930003668C6F3080601EE106AB8EE411A31EE69
:10694000811A00E076E0F7EE001A31EE211A62EECD
:10695000010A5BE001EE101AB8EE411A9FED3D2AE4
:10696000C2EE011A9FED391A80EE012A334E20360D
:106970003668C6F3080601EE106AB8EE411A32EE28
:10698000011AB7EE002A31EE021A61EE810A3DE0EB
:106990004EE01DE001EE101AB8EE411ADFED2E1A9E
:1069A00081EE812A9FED291AC0EE011A234E20366E
:1069B0003668C6F3080601EE106AB8EE411A31EEE9
:1069C000811AF7EE001A31EE211A62EE010A1DE07B
:1069D00001EE101AB8EE411A9FED1E2AC2EE011AFE
:1069E0009FED1A1A80EE012A144E20363668C6F33F
:1069F000080601EE106AB8EE411A32EE011AB7EE3F
:106A0000002A31EE021A61EE810A00BF00BF0B4E70
:106A100020363668C6F34626721C01EE102AB8EE00
:106A2000411AC0EE811ABCEEE11A11EE100A00E024
:106A3000002001E0034800BF00BFF0BD1044025831
:106A40000090D00300093D0040787D010000004621
:106A50000024744C0024744A20BCBE4B2DE9F0473E
:106A6000044614B90120BDE8F087207800F0010049
:106A7000002870D0FA48006800F03808F84818304C
:106A8000D0F80090B8F1100F06D0B8F1180F0FD160
:106A900009F0030002280BD1F14810380068C0F358
:106AA000404000286AD06068002867D10120DAE7FA
:106AB00000BF6068B0F5803F08D1E9481038006831
:106AC00040F48030E649103908602EE0606868B90B
:106AD000E3481038006820F48030E149103908603C
:106AE0000846006820F4802008601EE06068B0F569
:106AF000A02F0DD1DA481038006840F48020D84922
:106B0000103908600846006840F4803008600CE0E6
:106B1000D3481038006820F48030D149103908601B
:106B20000846006820F48020086000BF606898B1C3
:106B3000FDF75AFF054606E0FDF756FF401B6428A7
:106B400001D903208FE7C64810380068C0F34040E1
:106B50000028F1D012E012E0FDF746FF054606E0FE
:106B6000FDF742FF401B642801D903207BE7BC48A6
:106B700010380068C0F340400028F1D100BF2078F1
:106B800000F00200022874D1B548006800F038080F
:106B9000B3481830D0F80090B8F1000F05D0B8F124
:106BA000180F56D109F00300D0BBAD48103800686B
:106BB000C0F3800018B1E06808B9012053E7A84885
:106BC0001038006820F01900E1680843A449103922
:106BD0000860FDF709FF054606E0FDF705FF401BCD
:106BE000022801D903203EE79D4810380068C0F311
:106BF00080000028F1D000BFFDF7F0FE41F2030154
:106C000088421AD8206940280BD195480C38006872
:106C100020F47C3040F4003091490C39086017E0D2
:106C200017E08F480C38006820F47C30216940EA76
:106C300001308B490C3908600AE089480C3800683B
:106C400020F0FE40217C40EA016085490C39086053
:106C500066E0E06888B382481038006820F01900C8
:106C6000E16808437E4910390860FDF7BDFE05461E
:106C700007E056E0FDF7B8FE401B022801D90320CB
:106C8000F1E6774810380068C0F380000028F1D0A2
:106C900000BFFDF7A3FE41F2030188421AD8206924
:106CA00040280BD16E480C38006820F47C3040F44A
:106CB00000306B490C39086017E017E068480C3861
:106CC000006820F47C30216940EA013064490C39C5
:106CD00008600AE062480C38006820F0FE40217C21
:106CE00040EA01605E490C39086019E05C481038E0
:106CF000006820F001005A4910390860FDF774FE61
:106D0000054606E0FDF770FE401B022801D903206E
:106D1000A9E6534810380068C0F380000028F1D17C
:106D200000BF207800F0100010287CD14C4800688B
:106D300000F038084A481830D0F80090B8F1080F31
:106D400006D0B8F1180F3DD109F00300012839D160
:106D5000434810380068C0F3002020B1E069802863
:106D600001D001207FE600BFFDF738FE41F20301AC
:106D700088421AD8206A20280AD139480C3800687D
:106D800020F0F84040F0804035490C39086018E0A8
:106D900033480C38006820F0F84094F8201040EA9E
:106DA00081602F490C3908600BE02D48001F0068F6
:106DB00020F07C5094F8201040EA01602849091F17
:106DC000086066E0E06978B325481038006840F054
:106DD0008000234910390860FDF706FE054606E0ED
:106DE000FDF702FE401B022801D903203BE61C48A8
:106DF00010380068C0F300200028F1D000BFFDF774
:106E0000EDFD41F2030188421CD8206A20280CD1F4
:106E100013480C38006820F0F84040F080401049DA
:106E20000C3908601AE035E01CE00D480C380068A9
:106E300020F0F84094F8201040EA816008490C39AD
:106E400008600BE00648001F006820F07C5094F8B2
:106E5000201040EA01600249091F086019E00000A3
:106E600010440258FA48006820F08000F849086091
:106E7000FDF7BAFD054606E0FDF7B6FD401B02280A
:106E800001D90320EFE5F2480068C0F30020002894
:106E9000F2D100BF207800F00800082836D16069E0
:106EA000D0B1EB487430006840F00100E84974311B
:106EB0000860FDF799FD054606E0FDF795FD401BCE
:106EC000022801D90320CEE5E14874300068C0F300
:106ED00040000028F1D019E0DD487430006820F04F
:106EE0000100DB4974310860FDF77EFD054606E0D0
:106EF000FDF77AFD401B022801D90320B3E5D448F1
:106F000074300068C0F340000028F1D1207800F010
:106F10002000202830D1A069B8B1CD48006840F4E5
:106F20008050CB490860FDF75FFD054606E0FDF7A0
:106F30005BFD401B022801D9032094E5C44800688A
:106F4000C0F340300028F2D016E0C148006820F4B9
:106F50008050BF490860FDF747FD054606E0FDF794
:106F600043FD401B022801D903207CE5B848006896
:106F7000C0F340300028F2D1207800F0040004284B
:106F80007DD1B448006840F48070B2490860FDF7D4
:106F90002BFD054606E0FDF727FD401B642801D9BF
:106FA000032060E5AB48006800F480700028F2D050
:106FB00000BFA068012808D1A5487030006840F0E3
:106FC0000100A349703108602DE0A06868B9A048AD
:106FD0007030006820F001009D497031086008465B
:106FE000006820F0040008601DE0A06805280DD1AD
:106FF00097487030006840F004009549703108608F
:107000000846006840F0010008600CE090487030CD
:10701000006820F001008E49703108600846006861
:1070200020F00400086000BFA068A0B1FDF7DCFC00
:10703000054608E0FDF7D8FC401B41F28831884244
:1070400001D903200FE5824870300068C0F340008A
:107050000028EFD013E0FDF7C7FC054608E0FDF778
:10706000C3FC401B41F28831884201D90320FAE475
:10707000774870300068C0F340000028EFD1606AA4
:1070800000287DD072481030006800F038001828C1
:1070900077D0606A022875D16D48006820F0807052
:1070A0006B490860FDF7A0FC054606E0FDF79CFC77
:1070B000401B022801D90320D5E465480068C0F3CD
:1070C00040600028F2D100BFD4E90A1041EA001064
:1070D0005F492831096840F2F332914308435C4923
:1070E00028310860208E401EC0F30800616B491EE5
:1070F0004FF47E4202EA41210843218F491ED2010A
:1071000002EA014108433C21095D491E120202EADC
:10711000016108434E493031086000BF081F006814
:1071200020F00100091F08604948343000684FF61C
:10713000F8718843A16C40EAC100454934310860C8
:1071400043482C30006820F00C00216C0843404973
:107150002C3108600846006820F00200616C08438A
:107160003B492C3108600846006840F480300860D4
:107170000846006840F4003008600846006802E0F5
:1071800093E038E01FE040F4802008600846006883
:1071900040F0010008602E48006840F080702C49E3
:1071A0000860FDF721FC054606E0FDF71DFC401BCD
:1071B000022801D9032056E425480068C0F3406046
:1071C0000028F2D071E02248006820F08070204949
:1071D0000860FDF709FC054606E0FDF705FC401BCD
:1071E000022801D903203EE419480068C0F340603A
:1071F0000028F2D159E0164828300768144830308A
:107200000668606A012821D007F00301A06A814264
:107210001CD1C7F30511E06A884217D1C6F30801F3
:10722000206B401E814211D1606B401EC6F3462187
:1072300088420BD1A06B401EC6F30641884205D19F
:10724000E06B401EC6F30661884205D001200AE4C7
:10725000004402580048025815480068C0F3CC07A3
:10726000A06CB84221D012480838006820F0010014
:107270000F4908390860FDF7B7FB054600BFFDF769
:10728000B3FB401BFBD00A4800684FF6F8718843F7
:10729000A16C40EAC100064908600548083800684A
:1072A00040F0010002490839086000204AE400006B
:1072B0003444025870B504460D460CB9012070BD27
:1072C00094F82C0028B9002084F82D00204600F006
:1072D00019F8022084F82C00211D2068FBF731FAF0
:1072E0002946D4E90002FBF77FFA0548006840F020
:1072F000004003490860012084F82C000020DEE7EC
:107300000040005210B50446FDF78EF910BD70B56F
:1073100004460D4694F82C00022800D170BD94F864
:107320002C0001280AD1022084F82C00294620686C
:10733000FBF73DFA012084F82C0001E00120EDE785
:107340000020EBE72DE9F04104460E46174694F87D
:107350002C50022D02D10220BDE8F081012D01D078
:10736000052D12D1022084F82C003A4631462068BF
:10737000FBF727FA3068022803D1052084F82C0097
:1073800005E0012084F82C0001E00120E4E7002062
:10739000E2E770477047704710B50346002200BF10
:1073A00093F83C00012801D1022010BD012083F890
:1073B0003C0000BF22F0FF00CC6840EA040222F447
:1073C00040708C6840EA040222F480604C6840EA15
:1073D000040222F400600C6840EA040222F48050A7
:1073E0000C6940EA040222F400504C6940EA0402AD
:1073F00022F480408C6A40EA040222F470200C8B54
:1074000040EA04420F4C1868A04203D00E4C1868A2
:10741000A0420ED122F470008C8C40EA045222F07B
:107420008070CC6940EA040222F000700C6A40EAE5
:1074300004021868426400BF002083F83C0000BFCB
:1074400000BFB2E7000001400004014030B5024631
:107450000B4600BF92F83C00012801D1022030BD4C
:10746000012082F83C0000BF022082F83D00106835
:10747000416810688468214D1068A84203D0204DEF
:107480001068A84203D121F470015868014321F02B
:1074900070011868014310684160184D1068A842D7
:1074A0001BD01068B0F1804F17D0164D1068A8425D
:1074B00013D0154D1068A8420FD0144D1068A84283
:1074C0000BD00F4D1068A84207D0114D1068A8428C
:1074D00003D0104D1068A84205D124F080049868AC
:1074E000044310688460012082F83D0000BF002042
:1074F00082F83C0000BF00BFB1E70000000001407F
:10750000000401400004004000080040000C00405E
:10751000001800400040014010B504460CB901209D
:1075200010BD94F83D0028B9002084F83C002046A6
:1075300000F02AF8022084F83D00211D206803F0A5
:1075400047F8012084F8480000BF84F83E0001217C
:107550003F20015540200155412001554220015551
:107560004320015500BF00BF012084F8440045209E
:107570000155462001554720015500BF012084F8E0
:107580003D000020CCE7000008B5094A016891429F
:107590000DD100BF0749096841F00201054A116099
:1075A0001146096801F00201009100BF00BF08BD4B
:1075B00000040140F0440258014691F83D000128C2
:1075C00001D001207047022081F83D000868C068A2
:1075D00040F001000B68D8601C4B086898421BD033
:1075E0000868B0F1804F17D0194B0868984213D043
:1075F000184B086898420FD0174B086898420BD078
:10760000164B0868984207D0154B0868984203D07B
:10761000144B0868984210D108688068124B00EA41
:107620000302062A0FD0B2F5803F0CD0086800682C
:1076300040F001000B68186005E00868006840F041
:1076400001000B6818600020BCE70000000001404A
:107650000004004000080040000C0040000401400D
:107660000018004000400140070001002DE9F041F2
:1076700004460D46002700BF94F83C00012802D1C3
:107680000220BDE8F081012084F83C0000BF022008
:1076900084F83D00206886684048064026F47F460E
:1076A000206886602868702826D00CDC00F00F0166
:1076B000002966D10011072863D2DFE800F0555693
:1076C00057584B374100B0F1101F52D009DCB0F5CC
:1076D000805F10D0B0F5005F1BD0B0F5801F50D197
:1076E00046E0A0F580102038002843D0102842D072
:1076F000202846D140E046E0D5E902136A682068B8
:1077000002F0DDFF2068866846F077062068866014
:1077100039E0D5E902136A68206802F0D0FF2068DA
:10772000806840F48040216888602CE0EA686968DD
:10773000206803F08FF95021206802F0CBFF22E08F
:10774000EA686968206803F098F96021206802F00F
:10775000C1FF18E0EA686968206803F07BF94021FE
:10776000206802F0B7FF0EE000BF00BF00BF00BFFF
:1077700000BF00BF00BF00BF2968206802F0AAFF59
:1077800001E0012700BF00BF012084F83D0000BFD9
:10779000002084F83C0000BF384672E788FFCEFF27
:1077A0002DE9F04104460D4614B90120BDE8F081F1
:1077B00094F83D0028B9002084F83C00204600F0F1
:1077C00055F8022084F83D0020688068264908406A
:1077D00021688860211D206802F0FAFE2068D0F838
:1077E0000880206886692068076A286840EA0808D7
:1077F00040F203308643A969A86840EA01200643A5
:1078000040F60C4086434FF2F0008643E969E86891
:1078100040EA0120064328690001296A40EA013054
:10782000064327F0220727F088076969686840EA5D
:10783000011007432068C0F808802068866120682E
:107840000762012084F8480084F83E0001213F20AF
:107850000155012084F8440045200155012084F899
:107860003D000020A2E70000F8BFFEFF10B586B083
:107870000446142101A8F9F7F3F82068B0F1804F0D
:1078800045D100BF6B48006840F0010069490860BD
:107890000846006800F00100009000BF00BF00BF74
:1078A00064480838006840F00200624908390860FE
:1078B0000846006800F00200009000BF00BF00BF53
:1078C0000846006840F0010008600846006800F0C3
:1078D0000100009000BF00BF08200190022002902C
:1078E0000020039004900120059001A95248FCF764
:1078F00069FF202001900220029000200390049054
:107900000120059001A94D48FCF75CFF8FE04C4930
:10791000206888422BD100BF4648006840F0020032
:10792000444908600846006800F00200009000BF6B
:1079300000BF00BF3F480838006840F002003D49E2
:10794000083908600846006800F00200009000BF97
:1079500000BF30200190022002900020039004908C
:107960000220059001A93448FCF72CFF5FE035495F
:10797000206888422BD100BF2E48006840F00400E8
:107980002C4908600846006800F00400009000BF21
:1079900000BF00BF27480838006840F002002549B2
:1079A000083908600846006800F00200009000BF37
:1079B00000BFC0200190022002900020039004909C
:1079C0000220059001A91C48FCF7FCFE2FE01E498F
:1079D000206888422BD100BF1648006840F008009C
:1079E000144908600846006800F00800009000BFD5
:1079F00000BF00BF0F480838006840F080000D4904
:107A0000083908600846006800F08000009000BF58
:107A100000BF4FF4406001900220029000200390CC
:107A200004900220059001A90848FCF7CBFE06B09F
:107A300010BD0000E844025800040258000002583B
:107A40000004004000080040000C0040001C0258E8
:107A50002DE9F04304460D4694F83E603F20075D53
:107A600094F84480452010F804906DB9012E02D19D
:107A7000B8F1010F02D00120BDE8F083022084F8A4
:107A80003E0084F8440025E0042D0CD1012F02D1E2
:107A9000B9F1010F01D00120EEE702213F2001558D
:107AA0004520015516E0012E07D1012F05D1B8F16F
:107AB000010F02D1B9F1010F01D00120DCE7022052
:107AC00084F83E0002213F200155022084F8440042
:107AD0004520015515B1042D0CD105E001220021EE
:107AE000206802F0DBFD10E001220421206802F092
:107AF000D5FD0AE001220021206802F0CFFD01221D
:107B00000421206802F0CAFD00BF00BF20680068A1
:107B100040F00100216808600020ADE7704710B513
:107B2000044620680069C0F34000D8B12068C068EE
:107B3000C0F34000B0B16FF002002168086101207D
:107B400020772068806900F0030018B12046FFF715
:107B5000E5FF05E0204600F0EFF8204600F0DDF9F3
:107B60000020207720680069C0F38000D8B1206829
:107B7000C068C0F38000B0B16FF0040021680861F4
:107B8000022020772068806900F4407018B12046F8
:107B9000FFF7C4FF05E0204600F0CEF8204600F0D5
:107BA000BCF90020207720680069C0F3C000D8B17C
:107BB0002068C068C0F3C000B0B16FF00800216851
:107BC0000861042020772068C06900F0030018B124
:107BD0002046FFF7A3FF05E0204600F0ADF8204661
:107BE00000F09BF90020207720680069C0F30010A6
:107BF000D8B12068C068C0F30010B0B16FF01000B9
:107C000021680861082020772068C06900F440706E
:107C100018B12046FFF782FF05E0204600F08CF8FF
:107C2000204600F07AF9002020772068006900F0F3
:107C3000010058B12068C06800F0010030B16FF059
:107C4000010021680861204600F01AFA20680069E6
:107C5000C0F3C01058B12068C068C0F3C01030B184
:107C60006FF08000216808612046FFF793FB2068D1
:107C70000069C0F3002058B12068C068C0F3C0108C
:107C800030B16FF48070216808612046FFF781FBF6
:107C900020680069C0F3801058B12068C068C0F344
:107CA000801030B16FF0400021680861204600F07C
:107CB000F3F920680069C0F3401058B12068C0682B
:107CC000C0F3401030B16FF02000216808612046F9
:107CD000FFF761FB10BD000010B586B0044614210B
:107CE00001A8F8F7BDFE1149206888421BD100BFEA
:107CF0000F48006840F480700D490860084600682D
:107D000000F48070009000BF00BFE42001900220CA
:107D1000029000200390022004900320059001A906
:107D20000448FCF74FFD06B010BD00000004014000
:107D3000E04402580020025870472DE9F041044603
:107D40000D461646002700BF94F83C00012802D1DA
:107D50000220BDE8F081012084F83C0000BF0C2E19
:107D600051D005DC4EB1042E1ED0082E7AD133E05E
:107D7000102E60D0142EF9D175E02946206802F04B
:107D8000B5FC2068806940F008002168886120689F
:107D9000806920F004002168886120688069296971
:107DA00008432168886178E02946206802F0F4FCE5
:107DB0002068806940F400602168886120688069DB
:107DC00020F480602168886120688069296940EA20
:107DD00001202168886160E02946206802F036FDB4
:107DE0002068C06940F008002168C8612068C06947
:107DF00020F004002168C8612068C069296908432F
:107E00002168C86149E02946206802F079FD2068B0
:107E1000C06940F400602168C8612068C06920F42E
:107E200080602168C8612068C069296940EA012032
:107E30002168C86131E02946206802F09BFD206876
:107E4000406D40F00800216848652068406D20F0D2
:107E50000400216848652068406D2969084321684D
:107E600048651AE017E02946206802F0BBFD20684B
:107E7000406D40F40060216848652068406D20F442
:107E80008060216848652068406D296940EA0120CA
:107E90002168486501E0012700BF00BF00BF002046
:107EA00084F83C0000BF384653E710B504460CB9CF
:107EB000012010BD94F83D0028B9002084F83C0052
:107EC000204600F029F8022084F83D00211D20689A
:107ED00002F07EFB012084F8480000BF84F83E00D9
:107EE00001213F20015540200155412001554220EC
:107EF00001554320015500BF00BF012084F8440014
:107F000045200155462001554720015500BF01205D
:107F100084F83D000020CCE77047704770B50446F8
:107F20000D4615B994F83E0015E0042D02D13F200E
:107F3000005D10E0082D02D14020005D0BE00C2D0B
:107F400002D14120005D06E0102D02D14220005DEB
:107F500001E04320005D012801D0012070BD1DB962
:107F6000022084F83E001AE0042D03D102213F20B4
:107F7000015514E0082D03D10221402001550EE0E7
:107F80000C2D03D102214120015508E0102D03D111
:107F900002214220015502E0022143200155012225
:107FA0002946206802F07AFB2B49206888420FD0CE
:107FB0002A49206888420BD029492068884207D086
:107FC00028492068884203D027492068884201D187
:107FD000012000E0002028B12068406C40F40040FF
:107FE000216848641C49206888421BD02068B0F191
:107FF000804F17D01D492068884213D01C49206843
:1080000088420FD01B49206888420BD01349206852
:10801000884207D018492068884203D01049206858
:10802000884210D120688068144900EA0106062EB3
:108030000FD0B6F5803F0CD02068006840F00100FA
:108040002168086005E02068006840F001002168B0
:108050000860002082E700000000014000040140A9
:10806000004001400044014000480140000400403D
:1080700000080040000C004000180040070001000C
:1080800010B5044603492068884201D1FCF7B2FCD0
:1080900010BD0000004801407047014600BF91F844
:1080A0008400012801D102207047012081F884005A
:1080B00000BF2420C1F888000868026808680068CA
:1080C00020F001000B68186022F000520020486682
:1080D000086802602020C1F8880000BF002081F8F5
:1080E000840000BF00BFDFE72DE9F04104460E46E3
:1080F0001746D4F88C00202825D106B117B90120E5
:10810000BDE8F0810120E066002020673A46314654
:10811000204603F055FF05469DB9E06E01280FD1BA
:1081200010202168086200BF00BF216851E8001FCD
:1081300041F01000226842E800010029F5D100E07A
:1081400001252846DCE70220DAE72DE9F041044664
:108150000E461746D4F88C00202825D106B117B951
:108160000120BDE8F0810120E066002020673A464A
:108170003146204603F088FF05469DB9E06E012890
:108180000FD110202168086200BF00BF216851E8AC
:10819000001F41F01000226842E800010029F5D1DB
:1081A00000E001252846DCE70220DAE770B5044646
:1081B0000D46124884421FD111480078032805D18A
:1081C000052210490D48FFF7C0FF08E00C48007871
:1081D000012804D105220B490848FFF785FF09480B
:1081E0000078312808D1012307A2002103482CF090
:1081F000E1FF00200349087070BD0000B4050024B1
:108200004E0300244F03002425640D0A00000000E3
:10821000704770B504460D4600BF94F884000128ED
:1082200001D1022070BD012084F8840000BF242009
:10823000C4F88800206806682068006820F0010003
:10824000216808602068806820F060602843216809
:108250008860204602F08EFE206806602020C4F868
:10826000880000BF002084F8840000BF00BFD9E769
:1082700070B504460D4600BF94F88400012801D172
:10828000022070BD012084F8840000BF2420C4F8BF
:108290008800206806682068006820F001002168D6
:1082A00008602068806820F060402843216888606A
:1082B000204602F05FFE206806602020C4F8880097
:1082C00000BF002084F8840000BF00BFD9E77047DA
:1082D000704770472DE9F04704462068C56920685B
:1082E00006682068876840F60F0005EA0009B9F1C2
:1082F000000F0FD105F0200060B106F0200010B98A
:1083000007F0805030B1606F10B12046616F884730
:10831000BDE8F087B9F1000F7ED0FE48384018B9AB
:10832000FD4830400028F7D005F0010058B106F4B0
:10833000807040B1012021680862D4F8900040F0BC
:108340000100C4F8900005F0020058B107F00100E8
:1083500040B1022021680862D4F8900040F0040087
:10836000C4F8900005F0040058B107F0010040B1D6
:10837000042021680862D4F8900040F00200C4F89C
:10838000900005F0080070B106F0200010B9E14837
:10839000384040B1082021680862D4F8900040F0CD
:1083A0000800C4F8900005F4006060B106F0806039
:1083B00048B14FF4006021680862D4F8900040F0A2
:1083C0002000C4F89000D4F89000002852D005F0A6
:1083D000200050B106F0200010B907F0805020B105
:1083E000606F10B12046616F8847D4F890A0206874
:1083F000806800F04000402802D00AF0280070B3E6
:10840000204602F0ABFF2068806800F04000402862
:1084100026D100BF00BF00E02DE02168083151E8FF
:10842000001F21F040002168083141E80002002AC5
:10843000F1D100BFD4F8800068B1B848D4F88010FA
:108440000865D4F88000FAF713FD98B1D4F88000DD
:10845000016D88470EE02046FFF73BFF0AE003E08E
:108460002046FFF736FF05E02046FFF732FF0020E9
:10847000C4F890004CE7E06E01287DD105F01000B3
:10848000002879D006F010000028FAD010202168CA
:1084900008622068806800F0400040286DD1D4F860
:1084A000800000689E4988426BD0D4F88000006844
:1084B0009B491831884264D0D4F8800000689849FC
:1084C000303188425DD0D4F880000068944948314A
:1084D000884256D0D4F880000068914960318842C3
:1084E0004FD0D4F8800000688D497831884248D058
:1084F000D4F8800000688A499031884241D0D4F88D
:10850000800000688649A83188423AD0D4F88000BB
:1085100000688449884234D0D4F8800000688149DA
:10852000183188422DD0D4F8800000687D49303160
:10853000884226D0D4F8800000687A4948318842C1
:108540001FD0D4F88000006876496031884218D086
:10855000D4F88000006873497831884211D0D4F88B
:10856000800000686F49903188420AD0D4F88000BA
:1085700000686C49A83102E0AEE069E001E08842A1
:1085800004D1D4F880000068406803E0D4F880008B
:10859000006840681FFA80F8B8F1000F57D0B4F8AF
:1085A0005C00404553DDA4F85E80D4F88000C069CB
:1085B000B0F5807F40D000BF00BF216851E8001FA8
:1085C00021F48070226842E800010029F5D100BF43
:1085D00000BF00BF2168083151E8001F21F00100F1
:1085E0002168083141E80002002AF3D100BF00BF32
:1085F00000BF2168083151E8001F21F040002168C8
:10860000083141E80002002AF3D100BF2020C4F85D
:108610008C000020E06600BF00BF216851E8001F09
:1086200021F01000226842E800010029F5D100BFC6
:10863000D4F88000FAF7AEF902202067B4F85C00A5
:10864000B4F85E20801A81B22046FFF7AFFD5FE6E6
:1086500034F85C0F6188401A1FFA80F860885C3C2F
:10866000C8B3B8F1000F36D000BF00BF216851E891
:10867000001F21F49070226842E800010029F5D122
:1086800000BF00BF00BF2168083151E8001F214A28
:10869000D24301EA02002168083141E80002002AC1
:1086A000F1D100BF2020C4F88C000020E066606794
:1086B00000BF00BF216851E8001F21F010002268B0
:1086C00042E800010029F5D100BF022020674146A1
:1086D0002046FFF76BFD1BE605F4801050B107F450
:1086E000800038B14FF48010216808622046FFF7FF
:1086F000EFFD0DE605F08000B0B106F0800010B986
:1087000007F4000080B1A06F10B12046A16F884728
:10871000FEE500000100001020010004AFB10008D8
:10872000100002401004024005F0400030B106F095
:10873000400018B1204602F047FEE9E505F40000CC
:1087400030B106F0804018B12046FFF7C0FDDFE5EC
:1087500005F0807030B106F0004018B12046FFF7F8
:1087600057FDD5E500BFD3E510B504460CB901208F
:1087700010BDA06900B100E000BFD4F8880028B99E
:10878000002084F88400204600F02AF82420C4F851
:1087900088002068006820F00100216808602046F9
:1087A00003F048F9012800D1E2E7A06A10B12046A1
:1087B00002F00CFC2068406820F49040216848607A
:1087C0002068806820F02A0021688860206800689E
:1087D00040F0010021680860204602F073FCC7E702
:1087E00010B5B8B00446142132A8F8F739F9C02101
:1087F00002A8F8F735F99849206888427ED102210D
:108800000020CDE90210209002A8FCF74DFF08B12E
:10881000F9F794FF00BF9148006840F400208F49A9
:1088200008600846006800F40020019000BF00BF07
:1088300000BF8A480838006840F0040087490839BA
:1088400008600846006800F00400019000BF00BF07
:1088500000BF0846006840F08000086008460068D5
:1088600000F08000019000BF00BF4FF480603290A4
:10887000022033900020349002203590082036905A
:1088800032A97748FBF79EFF4FF4804032900220D8
:10889000339001203490022035900820369032A980
:1088A0007048FBF78FFF70487049086040204860AF
:1088B00040216E4881600021C1604FF480610161F8
:1088C000002141618161C16101624162FBF718FAD7
:1088D00008B1F9F733FF00BF6448E067846300BF65
:1088E00061481830624908603F20486000216048B4
:1088F0008160C1604FF48061016100E019E00021F6
:1089000041618161C16101624162FBF7F9F908B11E
:10891000F9F714FF00BF5648C4F88000846300BF15
:10892000002205213420FCF7FBFB3420FCF7E4FB9C
:1089300090E0504920688842FAD101210020CDE919
:108940000210219002A8FCF7AFFE08B1F9F7F6FE7D
:1089500000BF42480830006840F010003F4908312D
:1089600008600846006800F01000019000BF00BFDA
:1089700000BF3A480838006840F00100374908391C
:1089800008600846006800F00100019000BF00BFC9
:108990004FF4806032900220339001203490022006
:1089A00035900720369032A93348FBF70BFF4FF480
:1089B00000703290022033900020349002203590D5
:1089C0000720369032A92C48FBF7FCFE26483038A9
:1089D0002A49086029204860002128488160C16038
:1089E0004FF480610161002141618161C1610162D7
:1089F0004162FBF785F908B1F9F7A0FE00BF1F48F7
:108A0000C4F88000846300BF174818381C49086008
:108A10002A20486040211A4881600021C1604FF43B
:108A200080610161002141618161C1610162416236
:108A3000FBF766F908B1F9F781FE00BF1048E0675F
:108A4000846300BF002205212520FCF769FB252057
:108A5000FCF752FB38B010BD004C0040E84402580F
:108A600000080258001C025840000240480600243A
:108A7000C0060024001001400000025838070024FE
:108A8000B00700242DE9F84F04460E4617469A46D3
:108A9000D4F88C0020287CD106B117B90120BDE89C
:108AA000F88F00205C346063222020630020206166
:108AB000FBF79AFF8346278067805C3C00BFA06875
:108AC000B0F5805F0AD1206920B940F2FF10A4F808
:108AD000600020E0FF20A4F860001CE0A06848B916
:108AE000206918B9FF20A4F8600014E07F20A4F8E2
:108AF000600010E0A068B0F1805F09D1206918B96A
:108B00007F20A4F8600006E03F20A4F8600002E0A7
:108B10000020A4F8600000BFB4F86090A068B0F531
:108B2000805F04D1206910B90025B04602E03546C7
:108B30004FF0000823E05B46002220212046CDF8BC
:108B400000A003F02EFC20B12020C4F88C000320EC
:108B5000A5E745B92068406A00EA0900A8F80000C6
:108B600008F1020806E02068406A09F0FF010840A9
:108B700028706D1CB4F85E00401EA4F85E00B4F8C6
:108B80005E000028D7D12020C4F88C00002086E7A2
:108B9000FFE7022083E7000070B504460D46164645
:108BA000D4F88C00202821D105B10EB9012070BD68
:108BB0000020E0660E492068884211D02068406895
:108BC00000F4000060B100BF00BF216851E8001F41
:108BD00041F08060226842E800010029F5D100BF21
:108BE00032462946204603F0EBF9E0E70220DEE7B3
:108BF000000C005870B504460D461646D4F88C009B
:108C0000202821D105B10EB9012070BD0020E066F9
:108C10000E492068884211D02068406800F40000A6
:108C200060B100BF00BF216851E8001F41F08060C3
:108C3000226842E800010029F5D100BF32462946EA
:108C4000204603F021FAE0E70220DEE7000C00589E
:108C500010B50446114884421ED1114800780228FC
:108C600005D105220F490D48FFF7C4FF07E00C4866
:108C7000007820B905220B490848FFF78DFF094805
:108C80000078312808D1012307A2002103482CF0E5
:108C900091FA00200349087010BD0000B4050024BB
:108CA0004E0300244F03002425640D0A0000000039
:108CB00070472DE9F84F04460E4617469946D4F8FA
:108CC0008800202854D106B117B90120BDE8F88FDB
:108CD00000205434E06321206063FBF785FE824668
:108CE00027806780543CA068B0F5805F04D120697C
:108CF00010B90025B04602E035464FF0000820E0EC
:108D00005346002280212046CDF8009003F049FB15
:108D100020B12020C4F888000320D7E745B9B8F86F
:108D20000000C0F308002168886208F1020803E02F
:108D30002878216888626D1CB4F85600401EA4F89B
:108D40005600B4F856000028DAD1534600224021DC
:108D50002046CDF8009003F024FB20B12020C4F879
:108D600088000320B2E72020C4F888000020ADE787
:108D70000220ABE770B504460E461546D4F88800CD
:108D800020283FD106B10DB9012070BD44F8506FC5
:108D9000A580E580002020642120A063E06A503C8B
:108DA000E0B11948E16FC8631848E16F08641848DA
:108DB000E16FC8640020E16F0865236803F12802B1
:108DC0002B46216DE06FFBF72BFA38B11020C4F869
:108DD00090002020C4F888000120D6E740202168B8
:108DE000086200BF00BF2168083151E8001F41F050
:108DF00080002168083141E80002002AF3D100BF59
:108E00000020C2E70220C0E7F9B200084DB3000815
:108E1000C7B1000830B50346D3F88800202845D1F3
:108E200001B10AB9012030BD43F8501F9A80DA80A1
:108E3000002098621864212098635869503BB0F173
:108E4000005F19D19868B0F5805F04D1186910B936
:108E50001748986701E01748986700BF00BF1C6873
:108E6000083454E8004F44F400001C68083444E817
:108E70000005002DF3D117E09868B0F5805F04D1AC
:108E8000186910B90C48986701E00C48986700BF52
:108E900000BF1C6854E8004F44F080001D6845E89E
:108EA0000004002CF5D100BF0020BCE70220BAE787
:108EB00047C2000825C30008E5C10008C9C2000870
:108EC0007047704700BFFEE71448006820F00100BB
:108ED000124908604FF440300860114880684863C8
:108EE000002008640E48C068C8630E4848640C48F7
:108EF0004068886300BF0C48806C0128FBD107489C
:108F0000006840F001000549086000BF03480068A0
:108F100000F001000028F9D1704700000010005255
:108F20007C090024580200040010005001494874D4
:108F3000704700007C09002400B585B00120019035
:108F40000020029003904FF40040009069462448AE
:108F5000FBF738FC0120009069462248FBF732FC01
:108F60008020009069461F48FBF72CFC4FF480706E
:108F7000009069461B48FBF725FC4FF48050009099
:108F800069461848FBF71EFC4FF4005000906946F4
:108F90001448FBF717FC00224FF400411048FBF780
:108FA00017FD002201210F48FBF712FD002280214E
:108FB0000C48FBF70DFD00224FF480710948FBF7C8
:108FC00007FD00224FF480510648FBF701FD002207
:108FD0004FF400510348FBF7FBFC05B000BD000057
:108FE000002002580024025870B5002400210023FC
:108FF0000022224DAD68022D0DD100F47805290A1A
:1090000000F47C456B09C0F3C40241EA0305154333
:109010001A4E756030E0194DAD68032D15D100F082
:109020007F450DB9002401E04FF4004400F47805B9
:10903000690A00F47845AB09C0F3C40244EA0105AB
:109040001D4315430D4E756016E00C4DAD68042DA3
:1090500010D1050F2C0300F47005290B00F47045A6
:109060002B0AC0F3031244EA01051D431543034EC6
:10907000756001E0014D686070BD00007C0900244E
:1090800070B50024002100230022224DAD68022D7E
:109090000DD100F47805290A00F47C456B09C0F372
:1090A000C40241EA030515431A4E356030E0194DFC
:1090B000AD68032D15D100F07F450DB9002401E006
:1090C0004FF4004400F47805690A00F47845AB09D0
:1090D000C0F3C40244EA01051D4315430D4E35603B
:1090E00016E00C4DAD68042D10D1050F2C0300F4D3
:1090F0007005290B00F470452B0AC0F3031244EAF3
:1091000001051D431543034E356001E0014D286004
:1091100070BD00007C090024014908607047000010
:10912000140000244FF04041034AD16002219160B5
:1091300091740021117470477C0900240149C8749E
:10914000704700007C09002410B500224FF4005144
:109150000148FBF73DFC10BD0008025810B502485D
:10916000FBF7FEFC10BD0000D4080024F0B58E888B
:109170000768FF68C7F30B473E443304066884362C
:10918000802707FB0266766806F470470668843617
:109190004FF0800C0CFB026677600E680768FF6872
:1091A000C7F30B473E44761C1E43076884370CFB0D
:1091B00002777E608E890768FF68C7F30A073E441E
:1091C000330406688436802707FB0266B66806F417
:1091D0007047066884360CFB0266B7608E680768C5
:1091E000FF68C7F30A073E44761C46EA0307066891
:1091F00084360CFB0266B76006688436802707FB5E
:109200000266366926F00707066884360CFB02669C
:1092100037610F69066884360CFB026637613126B8
:10922000765C33023226765C34040E7E35060668A0
:109230008436802707FB0266B669002706688436F5
:109240000CFB0266B76191F830601E43264346EA84
:109250000507066884360CFB0266B761066884362B
:10926000802707FB0266766926F0FF0706688436CA
:109270000CFB026677614F69066884360CFB026658
:10928000776106688436802707FB0266F66940F23C
:109290000777BE43076884370CFB0277FE61D1E98C
:1092A00007763743066884360CFB0266F76106686A
:1092B0008436802707FB0266B66A00270668843674
:1092C0000CFB0266B7624F6A066884360CFB0266C6
:1092D000B7620E690EB9042313E00E69012E01D1A5
:1092E00003230EE00E69042E08D00E69022E05D06D
:1092F0000E69032E02D00E69072E01D1022300E071
:10930000012306688436802707FB0266F66A06F0AA
:10931000E027066884364FF0800C0CFB0266F7628B
:10932000D1E90076F61B5E43F61D0F8D5F4346EADA
:109330000747066884360CFB0266F76206688436C7
:10934000802707FB0266366BF70AFF020668843641
:109350000CFB02663763CF6A066884360CFB026634
:10936000376306688436D701F65946F00107066868
:1093700084364FEAC21C46F80C70F0BD1FB5FBF7EF
:109380006DFE01208DF800004FF04040019012204A
:109390008DF8080003208DF80B0000208DF80F00D9
:1093A0008DF80E008DF80D008DF801008DF80A0083
:1093B0008DF809008DF80C006846FBF721FE0120AE
:1093C0008DF800004FF04040019018208DF8080003
:1093D00003208DF80B0000208DF80F0001208DF880
:1093E0000E0000208DF80D0001208DF801000020F6
:1093F0008DF80A008DF809008DF80C006846FBF71F
:10940000FFFD0420FBF740FE1FBD000008B500BFB4
:109410001648006840F001001449086008460068DA
:1094200000F00100009000BF00BF002205210B20CA
:10943000FBF776FE0B20FBF75FFE002205210C20D8
:10944000FBF76EFE0C20FBF757FE002205210D20D6
:10945000FBF766FE0D20FBF74FFE002205210E20D4
:10946000FBF75EFE0E20FBF747FE08BDD84402580E
:1094700000B587B01C216846F7F7F2FA1848194979
:109480000860002048600121164881600821C16001
:1094900010210161402141614FF4C07181610021BF
:1094A000C1614FF40061016249004162490081627B
:1094B00002200090072001900420029007200390D2
:1094C0000320049002200590069069460548FDF7A8
:1094D000F1FE0549034800F0D5FE07B000BD0000CD
:1094E00040410052280800245C08002410B50B4AB3
:1094F00000210B482CF00AF80A4908600A4A0021AA
:109500000A482CF003F80A4908600A4A00210A4870
:109510002BF0FCFF0949086010BD000094C6030849
:1095200017A300081000002428C603089951030857
:10953000040000244CC60308A1040108080000240C
:1095400000B587B0142102A8F7F78AFA00BF764861
:10955000006840F48070744908600846006800F4B0
:109560008070019000BF00BF00BF0846006840F057
:10957000020008600846006800F00200019000BF89
:1095800000BF00BF0846006840F4806008600846DD
:10959000006800F48060019000BF00BF00BF084673
:1095A000006840F0400008600846006800F0400095
:1095B000019000BF00BF00BF0846006840F00800EF
:1095C00008600846006800F00800019000BF00BF76
:1095D00000BF0846006840F00100086008460068C7
:1095E00000F00100019000BF00BF00BF0846006806
:1095F00040F0100008600846006800F0100001907C
:1096000000BF00BF00BF0846006840F4007008605B
:109610000846006800F40070019000BF00BF00BF62
:109620000846006840F0040008600846006800F042
:109630000400019000BF00BF00BF0846006840F072
:10964000800008600846006800F08000019000BFBC
:1096500000BF00BF0846006840F0200008600846D0
:10966000006800F02000019000BF00BF00224FF40E
:10967000C0512E48FBF7ACF900224FF4C0512C48E2
:10968000FBF7A6F900224FF47C412A48FBF7A0F92A
:109690004FF400400290002003900120049002A9A2
:1096A0002348FBF78FF84FF4C0500290012003903D
:1096B000002004900220059002A91C48FBF782F8C4
:1096C0004FF4C0500290012003900020049002202B
:1096D000059002A91648FBF775F84FF480600290D8
:1096E0000120039000200490059002A91148FBF787
:1096F00069F84FF40060029001200390049002206A
:10970000059002A90B48FBF75DF84FF470400290FA
:1097100001200390002004900220059002A9054832
:10972000FBF750F807B000BDE044025800080258AB
:10973000000002580004025800B58FB0342102A87E
:10974000F7F78EF900BF3C48006840F010003A4936
:1097500008600846006800F01000019000BF00BFDC
:10976000364837490860002048600021344881604D
:10977000C1600161416181615021C16128210162A3
:109780004FF48A6141624FF4207181624FF4A3610A
:10979000C16240F296210163002180F8361080F802
:1097A000351080F83410FBF755FA002002904FF482
:1097B00080600390002004904FF4167005904FF4E1
:1097C00080600C904FF416700D9002200690FF20E0
:1097D00007904FF48060099005200A904FF04040B8
:1097E0000B90002008908DF8380000218DF839107A
:1097F0008DF83A10002202A91148FBF781F90020E8
:10980000FFF794FB0F48FFF787FC0120FFF796FC5A
:109810000020FFF787FC4FF07F40FFF7E5FB4FF09C
:10982000FF30FFF72DFCFFF74FFB012240210648D8
:10983000FBF7CEF80FB000BDD44402580010005022
:10984000D408002464000024001C025800B58DB028
:10985000242104A8F7F704F9002001900290039056
:109860004FF08040184908600020486000211648E9
:109870008160491EC1600021016181610320049063
:1098800000200590012006900020079006200890F7
:109890000020099001200A9000200B9006200C90D7
:1098A00004A90948FDF77CFF08B1F8F747FF00203D
:1098B0000190039001A90448FDF7C8FD08B1F8F72D
:1098C0003DFF0DB000BD0000A403002400B58DB025
:1098D000242104A8F7F7C4F8002001900290039017
:1098E0001848194908600020486000211648816026
:1098F0004FF6FF71C1600021016181610320049076
:109900000020059001200690002007900620089076
:109910000020099001200A9000200B900C9004A9CF
:109920000948FDF73DFF08B1F8F708FF0020019056
:10993000039001A90448FDF789FD08B1F8F7FEFE80
:109940000DB000BD00040040F003002400B58DB050
:10995000242104A8F7F784F80020019002900390D6
:1099600018481949086000204860002116488160A5
:109970004FF6FF71C16000210161816103200490F5
:1099800000200590012006900020079006200890F6
:109990000020099001200A9000200B900C9004A94F
:1099A0000948FDF7FDFE08B1F8F7C8FE0020019058
:1099B000039001A90448FDF749FD08B1F8F7BEFE80
:1099C0000DB000BD000800403C04002400B58DB07F
:1099D000242104A8F7F744F8002001900290039096
:1099E0001848194908600020486000211648816025
:1099F000491EC160002101618161032004900020A3
:109A00000590012006900020079006200890002075
:109A1000099001200A9000200B900C9004A90A489C
:109A2000FDF7BEFE08B1F8F789FE00200190039013
:109A300001A90548FDF70AFD08B1F8F77FFE0DB052
:109A400000BD0000000C00408804002400B599B05F
:109A50000020159016901790189012901390149063
:109A60001C210BA8F6F7FCFF2C216846F6F7F8FF3F
:109A70003A483B490860EF2048600021384881603F
:109A80006321C1600021016141618161FDF744FDF5
:109A900008B1F8F753FE4FF48050159015A93048DF
:109AA000FDF7E4FD08B1F8F749FE2D48FEF7FDF992
:109AB00008B1F8F743FE002012901390149012A9F9
:109AC0002748FDF7C3FC08B1F8F738FE60200B907B
:109AD00000200C900D900E900F901090119000228D
:109AE0000BA91F48FEF729F908B1F8F727FE042251
:109AF0000BA91B48FEF721F908B1F8F71FFE082251
:109B00000BA91748FEF719F908B1F8F717FE0C2250
:109B10000BA91348FEF711F908B1F8F70FFE002062
:109B2000009001900290039004904FF40050059033
:109B30000020069007904FF00070089000200990D8
:109B40000A9069460648FDF727FC08B1F8F7F6FDCC
:109B50000348FEF7C1F819B000BD00000004014041
:109B6000D404002410B51848184908604FF4E130B7
:109B70004860002115488160C16001610C2141618C
:109B800000218161C1610162416200200F49886248
:109B90000846FEF7E9FD08B1F8F7D0FD00210B48B3
:109BA000FEF766FB08B1F8F7C9FD00210748FEF78C
:109BB00030FB08B1F8F7C2FD0448FEF76EFA08B1B1
:109BC000F8F7BCFD10BD0000004C0040200500244B
:109BD00010B51848184908604FF4E130486000217A
:109BE00015488160C16001610C21416100218161E2
:109BF000C1610162416200200F4988620846FEF798
:109C0000B3FD08B1F8F79AFD00210B48FEF730FBD1
:109C100008B1F8F793FD00210748FEF7FAFA08B1FA
:109C2000F8F78CFD0448FEF738FA08B1F8F786FD1E
:109C300010BD000000100140B405002400BFFEE785
:109C400010B500210748FEF769F904210548FEF721
:109C500065F908210348FEF761F90C210148FEF778
:109C60005DF910BDD404002470B504460D4635B12D
:109C7000012D1ED0022D36D0032D68D14DE0002CD1
:109C80000BDB0122D1023348FAF7A2FE00224FF487
:109C900080513048FAF79CFE0AE000224FF4006140
:109CA0002C48FAF795FE012211032A48FAF790FE94
:109CB0004EE0002C0BDB0122D1022748FAF788FE88
:109CC00000224FF480512448FAF782FE0AE0002275
:109CD0004FF400612048FAF77BFE012211031E4871
:109CE000FAF776FE34E0002C0BDB012211031B484F
:109CF000FAF76EFE00224FF400511848FAF768FE9A
:109D00000AE000224FF480511448FAF761FE012264
:109D100051031248FAF75CFE1AE0002C0BDB01221B
:109D200091030E48FAF754FE00224FF400410B480D
:109D3000FAF74EFE0AE000224FF480410748FAF796
:109D400047FE0122D1030548FAF742FE00E000BFBA
:109D500000BF70BD000002580008025800040258FD
:109D600070B504460D46632C01DD632404E014F154
:109D7000630F01DA6FF0620429462046FFF774FF93
:109D8000231E01DB194600E0594288B2294600F043
:109D9000A5F870BD00BFFEE7B0EE402B01780029AA
:109DA00071D180ED021B80ED042B90ED020B90ED44
:109DB000043B30EE430B80ED0E0B90ED120B90ED5B
:109DC0000E3B30EE030B80ED120B90ED120B90ED7D
:109DD000183BB4EEC30BF1EE10FA04DD90ED180B56
:109DE00080ED120B10E090ED120B90ED183BB1EEF0
:109DF000433BB4EEC30BF1EE10FA05D290ED180B15
:109E0000B1EE400B80ED120B90ED0E0B90ED103B80
:109E100030EE430B80ED140B90ED080B90ED0E3BF4
:109E200020EE030B90ED0A3B90ED124B03EE040B7A
:109E300090ED0C3B90ED144B03EE040B80ED060B04
:109E400090ED060B90ED163BB4EEC30BF1EE10FA5D
:109E500004DD90ED160B80ED060B10E090ED060B87
:109E600090ED163BB1EE433BB4EEC30BF1EE10FAAE
:109E700005D290ED160BB1EE400B80ED060B90ED88
:109E80000E0B80ED100B90ED060B704700B102B980
:109E90007047017092ED002B80ED082B92ED022BA4
:109EA00080ED0A2B92ED042B80ED0C2B80ED160B30
:109EB00080ED181B9FED072B80ED142B9FED052BDC
:109EC00080ED122B80ED062B80ED102B80ED0E2BFC
:109ED00000BFDDE7000000000000000031B10129F3
:109EE00008D002290AD0032910D10BE0094A1268D0
:109EF00050630CE0074A1268906308E0054A126854
:109F0000D06304E0034A1268106400E000BF00BFA1
:109F100070470000D404002400B587B0142102A8C3
:109F2000F6F79EFD00BF2248006840F4807020498B
:109F300008600846006800F48070019000BF00BF10
:109F400000BF0846006840F480700860084600685A
:109F500000F48070019000BF00BF00200390022039
:109F60000490002005904FF40060029002A911486F
:109F7000FAF728FC4FF48060029002A90D48FAF726
:109F800021FC4FF47A6000F0B7FD4FF4806109487E
:109F9000FAF716FD012809D04FF400610548FAF7D9
:109FA0000FFD012802D001200349087007B000BD51
:109FB000E044025800200258940000242DE9F041AA
:109FC00004460E4600275548006800F003000328A9
:109FD00002D10120BDE8F08150482838006820F007
:109FE00080604E4928390860FAF7FEFC054606E015
:109FF000FAF7FAFC401B022801D90320EAE7474898
:10A0000028380068C0F3C0600028F1D100BF434881
:10A01000006820F47C30216840EA01303F49086044
:10A02000A088401EC0F30800A168491E4FF47E427C
:10A0300002EA41210843A189491ED20102EA0141F5
:10A040000843217C491E120202EA01610843334998
:10A050001031086000BF3148001D006820F0C000CA
:10A06000616908432D49091D08600846006820F011
:10A070002000A16908432949091D086008460068B5
:10A0800020F0100008602548143000684FF6F87181
:10A090008843E16940EAC1002049143108601F4843
:10A0A000001D006840F010001C49091D08602EB911
:10A0B0000846006840F40020086012E0012E08D134
:10A0C0001648001D006840F480101449091D0860FE
:10A0D00007E01248001D006840F400100F49091DF8
:10A0E00008600E482838006840F080600B49283925
:10A0F0000860FAF779FC054606E0FAF775FC401BA4
:10A10000022801D9032065E7044828380068C0F315
:10A11000C0600028F1D038465CE7000028440258AF
:10A120002DE9F04104460E4600275548006800F02E
:10A130000300032802D10120BDE8F08150482838EF
:10A14000006820F080504E4928390860FAF74CFC2E
:10A15000054606E0FAF748FC401B022801D9032017
:10A16000EAE7474828380068C0F340700028F1D17A
:10A1700000BF4348006820F07C70218840EA01500D
:10A180003F490860A088401EC0F30800A168491E2E
:10A190004FF47E4202EA41210843A189491ED201BF
:10A1A00002EA01410843217C491E120202EA0161D0
:10A1B000084333491831086000BF3148001D00686A
:10A1C00020F44060616908432D49091D0860084674
:10A1D000006820F40070A16908432949091D08603E
:10A1E0000846006820F48070086025481C3000682C
:10A1F0004FF6F8718843E16940EAC10020491C31FB
:10A2000008601F48001D006840F480701C49091D4B
:10A2100008602EB90846006840F48000086012E02B
:10A22000012E08D11648001D006840F400001449B2
:10A23000091D086007E01248001D006840F08070AA
:10A240000F49091D08600E482838006840F080500A
:10A250000B4928390860FAF7C7FB054606E0FAF70C
:10A26000C3FB401B022801D9032065E704482838B6
:10A270000068C0F340700028F1D038465CE7000069
:10A280002844025838B505460C46002000900120AD
:10A290002060102060600120A0600020E0604FF48A
:10A2A000805221462846FDF74DF80120FAF7A8F91B
:10A2B00002202060102060600120A0600020E0608B
:10A2C0004FF4805221462846FDF73CF803202060D9
:10A2D000102060600820A0600020E0604FF48052F1
:10A2E00021462846FDF72EF840F231200090042048
:10A2F0002060102060600120A0600098E0604FF4B2
:10A30000805221462846FDF71DF840F29631284636
:10A31000FCF7FDFF38BD00BF01202BF0A1F8FBE7E3
:10A3200010B54FF0E020006931F0C6FE012801D0E1
:10A3300031F010FB10BD000000B5CDB04C213AA8A3
:10A34000F6F78EFB202132A8F6F78AFBC02102A87F
:10A35000F6F786FB0220FAF735FF00BF00200190D8
:10A360005448006820F0010052490860084600681F
:10A3700000F0010001905048006840F440404E4910
:10A3800008600846006800F44040019000BF00BF2C
:10A3900000BF4948006800F40050B0F5005FF8D1F4
:10A3A00000BF4648006840F0020044490860084683
:10A3B000006800F00200019000BF00BF00BF002055
:10A3C00001903D48006840F440403B490860084621
:10A3D000006800F4404001903648006840F00100F9
:10A3E000344908600846006800F00100019000BF91
:10A3F00000BF00BF3048006800F40050B0F5005FB7
:10A40000F8D12E48CC38006820F00300801C2B497E
:10A41000CC39086001203A9000043B900220439020
:10A4200002213AA881620521C162C0210163022193
:10A4300041638163C1630821016400214164816437
:10A44000FCF70CFB08B1F8F779F93F2032900320B4
:10A45000339000203490082035904020369037907B
:10A460000001389040203990042132A8FBF7D0FF3A
:10A4700008B1F8F763F919200C904FF4A5710D910C
:10A4800002210E910F910A211091002111914FF498
:10A49000007112910021139109490020CDE90210A9
:10A4A0001490219002A8FBF7FFF808B1F8F746F9DD
:10A4B0004DB000BD2C04005818480258F44402580E
:10A4C000010000213448006840F4700032490860FF
:10A4D0003248006800F00F00072806D22F480068B5
:10A4E00020F00F00C01D2D4908602D48006840F085
:10A4F00001002B49086000202949103108602848D4
:10A50000006828490840264908602448006800F08F
:10A510000F00072806D92148006820F00F00C01D51
:10A520001E49086000201E4918310860091D086096
:10A53000091D08601C481A49283108601B48091D7C
:10A5400008601B48091D08600020091D08601848A4
:10A55000091D08600020091D08601548091D0860D4
:10A560000020091D08600E48006820F480200C4976
:10A57000086000200A49603108600E4800686FF3E7
:10A580000F00B0F1005F02D201200B49086043F2D6
:10A59000D2000A490860704788ED00E000200052B0
:10A5A000004402587FEDF6EA000202020000FF01BB
:10A5B000800201010010005C08810051004000523F
:10A5C00010B50248FDF7ABFA10BD00005803002497
:10A5D00010B50268294B98420ED0B0F1804F0BD0D5
:10A5E000274B984208D0274B984205D0264B9842DB
:10A5F00002D0264B984203D122F070024B681A43D6
:10A600001E4B984217D0B0F1804F14D01C4B98428B
:10A6100011D01C4B98420ED01B4B98420BD01B4BB9
:10A62000984208D01A4B984205D01A4B984202D053
:10A63000194B984203D122F44072CB681A4322F09E
:10A6400080034C6943EA040202608B68C3620B68B2
:10A6500083620A4B98420BD00C4B984208D00C4BAB
:10A66000984205D00B4B984202D00B4B984201D137
:10A670000B6903630123436110BD0000000001402A
:10A680000004004000080040000C004000040140AD
:10A6900000400140004401400048014030B501F055
:10A6A0001F05012404FA05F3046A9C430462046A4A
:10A6B00001F01F0502FA05F52C43046230BD30B5E8
:10A6C0000C46816821F47F4142EA03252543294352
:10A6D000816030BD0A468168034B194042F0070390
:10A6E00019438160704700008FFFCFFF30B5056AC6
:10A6F00025F001050562026A43688469204D2C40FB
:10A7000024F003040D682C4322F002028D682A43D2
:10A710001C4DA84200D10FE01B4DA84200D10BE018
:10A720001A4DA84200D107E0194DA84200D103E01C
:10A73000184DA84206D100BF22F00802CD682A4376
:10A7400022F004020F4DA8420BD00F4DA84208D0B2
:10A750000E4DA84205D00E4DA84202D00D4DA84284
:10A7600007D123F4807323F400734D692B438D6963
:10A770002B43436084614D684563026230BD000035
:10A780008FFFFEFF00000140000401400040014037
:10A79000004401400048014030B5056A25F010052D
:10A7A0000562026A43688469224D2C4024F4407497
:10A7B0000D6844EA052422F020028D6842EA051261
:10A7C0001D4DA84200D10FE01C4DA84200D10BE066
:10A7D0001B4DA84200D100BF1A4DA84200D100BFB6
:10A7E000194DA84207D106E022F08002CD6842EA66
:10A7F000051222F04002104DA8420BD00F4DA84286
:10A8000008D00F4DA84205D00E4DA84202D00E4DE3
:10A81000A84209D123F4806323F400634D6943EA1D
:10A8200085038D6943EA8503436084614D688563D0
:10A83000026230BDFF8FFFFE0000014000040140B6
:10A8400000400140004401400048014030B5056A25
:10A8500025F480750562026A4368C469224D2C4064
:10A8600024F003040D682C4322F400728D6842EA40
:10A8700005221E4DA84200D10FE01D4DA84200D177
:10A880000BE01C4DA84200D100BF1B4DA84200D1D7
:10A8900000BF1A4DA84207D106E022F40062CD683D
:10A8A00042EA052222F48062104DA8420BD0104DDE
:10A8B000A84208D00F4DA84205D00F4DA84202D0A3
:10A8C0000E4DA84209D123F4805323F400534D695F
:10A8D00043EA05138D6943EA05134360C4614D687B
:10A8E000C563026230BD00008FFFFEFF0000014023
:10A8F0000004014000400140004401400048014084
:10A9000030B5056A25F480550562036A4468C2695A
:10A91000124D2A4022F440720D6842EA052223F4C7
:10A9200000538D6843EA05330D4DA8420BD00D4D01
:10A93000A84208D00C4DA84205D00C4DA84202D028
:10A940000B4DA84204D124F480444D6944EA851497
:10A950004460C2614D680564036230BDFF8FFFFE35
:10A96000000001400004014000400140004401405B
:10A970000048014030B5056A25F480350562026A59
:10A980004368446D114D2C400D682C4322F4003275
:10A990000D8942EA05420E4DA8420BD00D4DA8424A
:10A9A00008D00D4DA84205D00C4DA84202D00C4D48
:10A9B000A84204D123F480334D6943EA0523436060
:10A9C00044654D688565026230BD00008FFFFEFF63
:10A9D00000000140000401400040014000440140EB
:10A9E0000048014030B5056A25F480150562026A09
:10A9F0004368446D114D2C400D6844EA052422F44F
:10AA000000120D8942EA05520D4DA8420BD00D4DA2
:10AA1000A84208D00C4DA84205D00C4DA84202D047
:10AA20000B4DA84204D123F480234D6943EA8523CA
:10AA3000436044654D68C565026230BDFF8FFFFE0F
:10AA4000000001400004014000400140004401407A
:10AA50000048014030B50B461446026A056A25F0ED
:10AA600001050562816921F0F00141EA041122F03B
:10AA70000A021A438161026230BD30B50B461446AA
:10AA8000056A25F0100505628169026A21F47041AA
:10AA900041EA043122F0A00242EA0312816102621B
:10AAA00030BD000010B5002208211248F9F790FFD0
:10AAB000142000F021F8002280210E48F9F788FFC9
:10AAC000142000F019F8012208210A48F9F780FF44
:10AAD000142000F011F8002208210648F9F778FF49
:10AAE000012280210348F9F773FF142000F004F8D5
:10AAF00010BD00000018025808B50BE000210091BD
:10AB000004E0BDF80010491C89B20091BDF80010A6
:10AB10000829F6DB011EA0F10100EFD108BD0000FD
:10AB200000B587B0142102A8F5F79AFF00BF364898
:10AB3000006840F04000344908600846006800F0B2
:10AB40004000019000BF00BF00BF0846006840F011
:10AB5000400008600846006800F04000019000BF17
:10AB600000BF00BF0846006840F4807008600846D7
:10AB7000006800F48070019000BF00BF00BF08466D
:10AB8000006840F4807008600846006800F4807037
:10AB9000019000BF00BF0820029011200390002008
:10ABA0000490059002A91948F9F70CFE8020029044
:10ABB00002A91648F9F706FE012003900490C0028E
:10ABC000029002A91248F9F7FDFD4FF4806002904F
:10ABD00002A90F48F9F7F6FD012208210B48F9F701
:10ABE000F7FE012280210948F9F7F2FE00224FF416
:10ABF00000610748F9F7ECFE012291020448F9F7D9
:10AC0000E7FE07B000BD0000E044025800180258FB
:10AC10000020025810B5002208210F48F9F7D8FE8D
:10AC20001420FFF769FF012280210B48F9F7D0FEBD
:10AC30001420FFF761FF012208210748F9F7C8FE39
:10AC40001420FFF759FF002208210348F9F7C0FE3E
:10AC50001420FFF751FF10BD0018025870B50546CB
:10AC60000024002600BF1AE06006040E012208211D
:10AC70001048F9F7ADFE1420FFF73EFF80210D4884
:10AC8000F9F79EFE00F00100044300220821094864
:10AC9000F9F79EFE1420FFF72FFF701CC6B2082E96
:10ACA000E2DB012D02D1FFF7FDFE01E0FFF7B2FF6D
:10ACB000204670BD0018025810B5012280210E48B0
:10ACC000F9F786FE012208210B48F9F781FE1420CE
:10ACD000FFF712FF002280210748F9F779FE1420C0
:10ACE000FFF70AFF002208210348F9F771FE14203C
:10ACF000FFF702FF10BD00000018025810B5002237
:10AD000008210F48F9F764FE1420FFF7F5FE002232
:10AD100080210B48F9F75CFE1420FFF7EDFE0122BD
:10AD200008210748F9F754FE1420FFF7E5FE012239
:10AD300080210348F9F74CFE1420FFF7DDFE10BD1B
:10AD40000018025810B5012280211348F9F740FE7F
:10AD50001420FFF7D1FE012208210F48F9F738FE31
:10AD60001420FFF7C9FE80210B48F9F729FE48B1EE
:10AD7000002208210848F9F72BFE1420FFF7BCFE3B
:10AD8000002010BD002208210348F9F721FE1420FD
:10AD9000FFF7B2FE0120F4E70018025870B5044630
:10ADA000002528E004F0800028B101228021144809
:10ADB000F9F70EFE04E0002280211148F9F708FEA1
:10ADC0001420FFF799FE012208210D48F9F700FE33
:10ADD0001420FFF791FE002208210948F9F7F8FD39
:10ADE000072D04D1012280210548F9F7F1FD600605
:10ADF000040E681CC5B2082DD4DBFFF7A3FF70BD9D
:10AE00000018025800B585B014216846F5F728FEF1
:10AE100000200190029003904FF40060009069467A
:10AE20000248F9F7CFFC05B000BD00000020025831
:10AE300000B585B014216846F5F712FE0120019097
:10AE40000290002003904FF4006000906946024891
:10AE5000F9F7B8FC05B000BD002002581FB500206E
:10AE60000090FFF759F8FFF75BFEF7F737FD01AAEF
:10AE70000B2148F24010F7F701FD6A46012148F224
:10AE80004700F7F7FBFC9DF8040039281BD19DF81B
:10AE90000A009DF80B1000EB0120B0F5806F03D184
:10AEA00001200A4908700BE09DF80A009DF80B107C
:10AEB00000EB0120B0F5487F02D100200349087063
:10AEC000002004B010BD0120FBE700009400002426
:10AED00010B58CB0002401AA2A2148F24E10F7F7D1
:10AEE000CDFC002148F24E10F7F728FD9DF8040034
:10AEF00000F00F001A4948700846407801282ADB04
:10AF000008464078052826DC00BF1CE0E000001D54
:10AF100001A9095CE000401D01AA105C41EA002182
:10AF20000F480C3020F81410E000801C01A9095CC7
:10AF3000E000C01C105C41EA00210948801C20F898
:10AF40001410601CC4B206484078A042DEDC012028
:10AF50000349087002E00020014908700CB010BDE0
:10AF60009009002410B50248FDF7B4F910BD0000A7
:10AF70002005002470B5456E2DB90125A0F86A5052
:10AF8000A0F868501CE0102310240568AD68C5F3D4
:10AF900042610568AD686A0F0A4DAD5C15FB04F5AA
:10AFA000094EB65C95FBF6F5A0F86A50054D6D5C50
:10AFB00015FB03F5044E765C95FBF6F5A0F868509A
:10AFC00070BD0000748004087C80040890F828108C
:10AFD00001F0010139B10168496821F40031C26A08
:10AFE00011430268516090F8281001F00201022913
:10AFF00007D10168496821F48031026B114302686E
:10B00000516090F8281001F00401042907D101686B
:10B01000496821F48021426B11430268516090F825
:10B02000281001F00801082907D10168496821F4B6
:10B030000041826B11430268516090F8281001F0C2
:10B040001001102907D10168896821F48051C26B71
:10B0500011430268916090F8281001F02001202926
:10B0600007D10168896821F40051026C114302681C
:10B07000916090F8281001F04001402913D1016837
:10B08000496821F48011426C114302685160416C9F
:10B09000B1F5801F07D10168496821F4C001826CB5
:10B0A00011430268516090F8281001F08001802956
:10B0B00007D10168496821F40021C26C114302687C
:10B0C0005160704738B504460020C4F89000F9F785
:10B0D0008BFC05462068006800F00800082821D194
:10B0E0006FF07E402B4600224FF400110090204666
:10B0F00001F057F9B0B100BF00BF216851E8001F4F
:10B1000021F08000226842E800010029F5D100BF4B
:10B110002020C4F8880000BF002084F8840000BF0D
:10B12000032038BD2068006800F00400042830D1F6
:10B130006FF07E402B4600224FF4800100902046A5
:10B1400001F02FF928B300BF00BF216851E8001FAC
:10B1500021F49070226842E800010029F5D100BF77
:10B1600000BF00BF2168083151E8001F21F0010035
:10B170002168083141E80002002AF3D100BF2020F5
:10B18000C4F88C0000BF002084F8840000BF0320B6
:10B19000C7E72020C4F88800C4F88C000020E066CF
:10B1A000206700BF84F8840000BF00BFB9E770B516
:10B1B0000546AC6B0020A4F85E00A4F856002046BB
:10B1C000FDF787F870BD2DE9F0410546AC6BD4F86A
:10B1D0008860D4F88C702068806800F08000802837
:10B1E00007D1212E05D10020A4F85600204600F0FA
:10B1F00003F92068806800F04000402807D1222F22
:10B2000005D10020A4F85E00204600F0A7F8D4F88D
:10B21000900040F01000C4F890002046FDF759F867
:10B22000BDE8F08170B50546AC6BE869B0F5807F8C
:10B2300040D00020A4F85E0000BF00BF216851E8A4
:10B24000001F21F48070226842E800010029F5D136
:10B2500000BF00BF00BF2168083151E8001F21F086
:10B2600001002168083141E80002002AF3D100BF43
:10B2700000BF00BF2168083151E8001F21F04000E5
:10B280002168083141E80002002AF3D100BF2020E4
:10B29000C4F88C00E06E01280CD100BF00BF21680B
:10B2A00051E8001F21F01000226842E80001002947
:10B2B000F5D100BF00202067E06E012805D1B4F869
:10B2C0005C102046FCF772FF02E02046FDF7C0FC50
:10B2D00070BD70B50546AC6B01202067E06E01289B
:10B2E00006D1B4F85C0041082046FCF75FFF02E09D
:10B2F0002046FDF7DDFC70BD70B50546AC6BE86916
:10B30000B0F5807F1ED00020A4F8560000BF00BF1B
:10B310002168083151E8001F21F0800021680831C0
:10B3200041E80002002AF3D100BF00BF00BF21683E
:10B3300051E8001F41F04000226842E80001002966
:10B34000F5D102E02046FDF7BBFD70BD70B50446A7
:10B35000A56B2846FDF7B5FD70BD000000BF00BF1E
:10B36000026852E8002F22F49071036843E800124B
:10B37000002AF5D100BF00BF00BF0268083252E8C2
:10B38000002F104B02EA03010268083242E8001362
:10B39000002BF2D100BFC16E01290CD100BF00BF4C
:10B3A000026852E8002F22F01001036843E80012FF
:10B3B000002AF5D100BF2021C0F88C100021C16601
:10B3C00041677047FEFFFFEF10B5044600BF00BFA6
:10B3D000216851E8001F21F04000226842E8000186
:10B3E0000029F5D100BF2020C4F888000020A06704
:10B3F0002046FDF765FD10BD00BF00BF026852E8A2
:10B40000002F22F0C001036843E80012002AF5D1A2
:10B4100000BF00BF00BF0268083252E8002F22F4CC
:10B4200000010268083242E80013002BF3D100BF8C
:10B430002021C0F8881070472DE9F0410446B4F887
:10B440006070D4F88C0022286ED12068406A86B2E1
:10B45000A56D06EA07002880A06D801CA065B4F8E1
:10B460005E00401EA4F85E00B4F85E00002861D1C2
:10B4700000BF00BF216851E8001F21F490702268CE
:10B4800042E800010029F5D100BF00BF00BF2168DC
:10B49000083151E8001F21F001002168083141E81E
:10B4A0000002002AF3D100BF2020C4F88C00002045
:10B4B0006067206720492068884211D02068406872
:10B4C00000F4000060B100BF00BF216851E8001F18
:10B4D00021F08060226842E800010029F5D100BF18
:10B4E000E06E01281CD10020E06600BF00BF21688B
:10B4F00051E8001F21F01000226842E800010029F5
:10B50000F5D100BF2068C069C0F3001010B1102051
:10B5100021680862B4F85C102046FCF747FE09E099
:10B520002046FDF795FB05E02068806940F00800A3
:10B5300021688861BDE8F081000C00582DE9F84FC2
:10B540000446B4F860B02068C569206800680090BF
:10B550002068D0F808A0D4F88C0022287ED1B4F856
:10B560006890ADE02068406A1FFA80F8A76D08EA8D
:10B570000B003880A06D801CA065B4F85E00401EF2
:10B58000A4F85E002068C56905F00700B0B305F0B7
:10B59000010060B1009800F4807040B10120216882
:10B5A0000862D4F8900040F00100C4F8900005F063
:10B5B000020058B10AF0010040B10220216808627F
:10B5C000D4F8900040F00400C4F8900005F00400A6
:10B5D00058B10AF0010040B1042021680862D4F893
:10B5E000900040F00200C4F89000D4F8900028B118
:10B5F0002046FCF76EFE0020C4F89000B4F85E0010
:10B6000000285DD100BF00BF216851E8001F21F470
:10B610008070226842E800010029F5D100BF00BF18
:10B6200000BF2168083151E8001F404A01EA0200CA
:10B630002168083141E80002002AF2D100BF202031
:10B64000C4F88C0000206067206739492068884270
:10B6500013D02068406800F4000000E05DE060B1B5
:10B6600000BF00BF216851E8001F21F08060226800
:10B6700042E800010029F5D100BFE06E01281CD18D
:10B680000020E06600BF00BF216851E8001F21F0E4
:10B690001000226842E800010029F5D100BF2068AF
:10B6A000C069C0F3001010B1102021680862B4F81E
:10B6B0005C102046FCF77AFD02E02046FDF7C8FA50
:10B6C000B9F1000F04D005F0200000287FF44AAF44
:10B6D000B4F85E6006B3B4F86800B04223DD00BF82
:10B6E00000BF2168083151E8001F21F08050216817
:10B6F000083141E80002002AF3D100BF0D4860671D
:10B7000000BF00BF216851E8001F41F020002268FF
:10B7100042E800010029F5D105E02068806940F089
:10B72000080021688861BDE8F88F0000FEFFFFEF88
:10B73000000C005839B4000870B50446B4F86060D5
:10B74000D4F88C0022286FD12068406A85B2F0B20C
:10B750002840A16D0870A06D401CA065B4F85E0083
:10B76000401EA4F85E00B4F85E00002862D100BF5D
:10B7700000BF216851E8001F21F49070226842E860
:10B7800000010029F5D100BF00BF00BF21680831CA
:10B7900051E8001F21F001002168083141E8000252
:10B7A000002AF3D100BF2020C4F88C00002060677D
:10B7B000206721492068884211D02068406800F441
:10B7C000000060B100BF00BF216851E8001F21F0F8
:10B7D0008060226842E800010029F5D100BFE06ED8
:10B7E00001281CD10020E06600BF00BF216851E89D
:10B7F000001F21F01000226842E800010029F5D165
:10B8000000BF2068C069C0F3001010B1102021688B
:10B810000862B4F85C102046FCF7C8FC0AE0204639
:10B82000FDF716FA06E0FFE72068806940F008009F
:10B830002168886170BD0000000C00582DE9F05FA0
:10B840000446B4F860A02068C5692068D0F800B04C
:10B850002068D0F80890D4F88C0022287ED1B4F863
:10B860006880ACE02068406A87B20AF0FF00384088
:10B87000A16D0870A06D401CA065B4F85E00401E6C
:10B88000A4F85E002068C56905F00700A8B305F0BC
:10B89000010058B10BF4807040B1012021680862AA
:10B8A000D4F8900040F00100C4F8900005F00200C8
:10B8B00058B109F0010040B1022021680862D4F8B3
:10B8C000900040F00400C4F8900005F0040058B166
:10B8D00009F0010040B1042021680862D4F890000A
:10B8E00040F00200C4F89000D4F8900028B120463F
:10B8F000FCF7EFFC0020C4F89000B4F85E000028CC
:10B900005DD100BF00BF216851E8001F21F48070A5
:10B91000226842E800010029F5D100BF00BF00BF46
:10B920002168083151E8001F3F4A01EA02002168FE
:10B93000083141E80002002AF2D100BF2020C4F8FB
:10B940008C0000206067206738492068884213D047
:10B950002068406800F4000070B100E05CE000BFC7
:10B9600000BF216851E8001F21F08060226842E892
:10B9700000010029F5D100BFE06E01281CD1002094
:10B98000E06600BF00BF216851E8001F21F01000F1
:10B99000226842E800010029F5D100BF2068C06993
:10B9A000C0F3001010B1102021680862B4F85C10D8
:10B9B0002046FCF7FBFB02E02046FDF749F9B8F111
:10B9C000000F04D005F0200000287FF44BAFB4F83E
:10B9D0005E6006B3B4F86800B04223DD00BF00BF6C
:10B9E0002168083151E8001F21F08050216808319A
:10B9F00041E80002002AF3D100BF0D48606700BF94
:10BA000000BF216851E8001F41F02000226842E891
:10BA100000010029F5D105E02068806940F00800A8
:10BA200021688861BDE8F09FFEFFFFEF000C005821
:10BA300039B700082DE9F04F89B00546002008907D
:10BA4000F8492868884200D100E000BF2969A86849
:10BA5000084369690843E96940EA01082868006801
:10BA6000F149084040EA08002968086028684068F1
:10BA700020F44050E968084329684860D5F81880E8
:10BA8000E8492868884202D0286A40EA08082868FD
:10BA90008068E649084040EA08002968886028680C
:10BAA000C06A20F00F00696A08432968C86200BFB5
:10BAB000DF492868884220D1DE48006800F038005D
:10BAC000182811D005DC48B1082809D0102811D158
:10BAD00008E020280AD028280CD109E001240BE036
:10BAE000042409E0082407E0102405E0202403E0F2
:10BAF000402401E0802400BFF8E0CF492868884254
:10BB000019D1CC48006800F00700062810D2DFE801
:10BB100000F0030507090B0D00240BE0042409E0E5
:10BB2000082407E0102405E0202403E0402401E07D
:10BB3000802400BFDAE0C1492868884219D1BD4895
:10BB4000006800F00700062810D2DFE800F00305C7
:10BB500007090B0D00240BE0042409E0082407E08A
:10BB6000102405E0202403E0402401E0802400BFED
:10BB7000BCE0B3492868884219D1AE48006800F09B
:10BB80000700062810D2DFE800F0030507090B0DB7
:10BB900000240BE0042409E0082407E0102405E059
:10BBA000202403E0402401E0802400BF9EE0A5495A
:10BBB0002868884219D19F48006800F007000628CD
:10BBC00010D2DFE800F0030507090B0D00240BE09D
:10BBD000042409E0082407E0102405E0202403E001
:10BBE000402401E0802400BF80E097492868884213
:10BBF00020D19048006800F03800182811D005DCEA
:10BC000048B1082809D0102811D108E020280AD00E
:10BC100028280CD109E001240BE0042409E00824C1
:10BC200007E0102405E0202403E0402401E0802404
:10BC300000BF5BE085492868884219D17D480068CB
:10BC400000F00700062810D2DFE800F0030507091E
:10BC50000B0D00240BE0042409E0082407E0102465
:10BC600005E0202403E0402401E0802400BF3DE003
:10BC700077492868884219D16E48006800F00700AB
:10BC8000062810D2DFE800F0030507090B0D002499
:10BC90000BE0042409E0082407E0102405E0202438
:10BCA00003E0402401E0802400BF1FE05D492868D4
:10BCB00088421AD15F48001D006800F0070006287E
:10BCC00010D2DFE800F0030507090B0D02240BE09A
:10BCD000042409E0082407E0102405E0202403E000
:10BCE000402401E0802400BF00E0802400BF4D49D3
:10BCF000286888427DD1102C1AD006DC022C09D08D
:10BD0000042C0BD0082C29D10DE0202C21D0402C64
:10BD100024D120E0F9F786FA064623E005A8F9F7D2
:10BD200093FA069E1EE002A8F9F7A6FB039E19E00F
:10BD3000404854380068C0F3401040B13D48543882
:10BD40000068C0F3C101434820FA01F600E0414E0B
:10BD500008E0414E06E04FF4004603E000260120D3
:10BD6000089000BF00BF002E10D03C49686A31F82F
:10BD70001000B6FBF0F9686800EB4000484503D8B6
:10BD800068680003484502D20120089003E1334966
:10BD9000686A31F810C06246002330461946F4F74D
:10BDA000C1FB4FF4807300228446ACFB030B01FB04
:10BDB00003B10CFB021C69684908034659184CEB97
:10BDC0000200CDE90010D5F804C062460023084601
:10BDD0000199F4F7A7FB0746B7F5407F06D3B7F5FF
:10BDE000801F03D22868C760D5E002E001200890D8
:10BDF000D1E0E869B0F5004F7BD1082C39D005DCE3
:10BE00005CB1012C2CD0042C4CD12DE0102C35D061
:10BE1000202C42D0402C45D141E0FAF7E5FC064603
:10BE200044E00000000C0058F369FFCFFFF4FF115D
:10BE300000100140544402580044004000480040B3
:10BE4000004C0040005000400014014000780040C9
:10BE5000007C00400090D00300093D005C80040895
:10BE6000FAF7D4FC064621E005A8F9F7EDF9069E9D
:10BE70001CE002A8F9F700FB039E17E04C4800689D
:10BE8000C0F3401038B14A480068C0F3C1014948C6
:10BE900020FA01F600E0474E08E0474E06E04FF476
:10BEA000004603E000260120089000BF00BFFEB15D
:10BEB0004249686A31F81000B6FBF0F0400069684A
:10BEC00000EB5100B0FBF1F7102F0FD3B7F5803F17
:10BED0000CD24FF6F07007EA000AC7F342004AEAB4
:10BEE000000A2868C0F80CA055E002E00120089084
:10BEF00051E0082C1AD005DC5CB1012C0DD0042CCB
:10BF00002DD10EE0102C16D0202C23D0402C26D181
:10BF100022E0FAF769FC064625E0FAF777FC0646C8
:10BF200021E005A8F9F790F9069E1CE002A8F9F7B0
:10BF3000A3FA039E17E01E480068C0F3401038B112
:10BF40001B480068C0F3C1011A4820FA01F600E05E
:10BF5000184E08E0184E06E04FF4004603E00026B5
:10BF60000120089000BF00BFAEB11449686A31F8E3
:10BF70001000B6FBF0F0696800EB5100B0FBF1F780
:10BF8000102F06D3B7F5803F03D2B8B22968C86036
:10BF900001E0012008900120A5F86A00A5F86800DA
:10BFA00000206867A867089809B0BDE8F08F000016
:10BFB000004402580090D00300093D005C80040852
:10BFC00070B504460E46154644F8586FA58000200B
:10BFD000A06322206063A06A583CF8B12748241D62
:10BFE000E16FC8632648E16F08642648E16FC864C2
:10BFF0000020E16F086554F8043C03F12401626DF0
:10C00000E06F241F2B46F8F70BF938B11020C4F865
:10C0100090002020C4F88C00012070BD206960B120
:10C0200000BF00BF216851E8001F41F48070226802
:10C0300042E800010029F5D100BF00BF00BF216820
:10C04000083151E8001F41F001002168083141E842
:10C050000002002AF3D100BF00BF00BF21680831F1
:10C0600051E8001F41F040002168083141E800021A
:10C07000002AF3D100BF0020CFE7000025B200085E
:10C08000D3B20008C7B1000830B503469965A3F8DC
:10C090005C20A3F85E200020586700BF9868B0F5C8
:10C0A000805F0AD1186920B940F2FF10A3F8600040
:10C0B00020E0FF20A3F860001CE0986848B91869E8
:10C0C00018B9FF20A3F8600014E07F20A3F86000F7
:10C0D00010E09868B0F1805F09D1186918B97F2025
:10C0E000A3F8600006E03F20A3F8600002E0002013
:10C0F000A3F8600000BF0020C3F890002220C3F81E
:10C100008C0000BF00BF1C68083454E8004F44F0A6
:10C1100001001C68083444E80005002DF3D100BF7D
:10C12000586EB0F1005F2CD1B3F86800904228DC63
:10C130009868B0F5805F04D1186910B92548586730
:10C1400001E025485867186960B100BF00BF1C684E
:10C1500054E8004F44F480701D6845E80004002C4A
:10C16000F5D100BF00BF00BF1C68083454E8004F81
:10C1700044F080501C68083444E80005002DF3D1D9
:10C1800026E09868B0F5805F04D1186910B91348AB
:10C19000586701E012485867186960B100BF00BFD6
:10C1A0001C6854E8004F44F490701D6845E8000492
:10C1B000002CF5D10CE000BF00BF1C6854E8004F14
:10C1C00044F020001D6845E80004002CF5D100BFB4
:10C1D000002030BD3DB500083DB8000839B4000866
:10C1E00039B7000810B5D0F88820212A2AD1B0F834
:10C1F0005620CAB900BF00BF036853E8003F23F0D0
:10C200008002046844E80023002BF5D100BF00BF82
:10C2100000BF036853E8003F43F04002046844E86D
:10C220000023002BF5D10DE0016D0A88C2F308024E
:10C2300003689A62026D921C0265B0F85620521E85
:10C24000A0F8562010BD30B5D0F88830212B3AD157
:10C25000B0F86A1034E0B0F85630E3B900BF00BF60
:10C260000468083454E8004F24F4000304680834D8
:10C2700044E80035002DF3D100BF00BF00BF0468C3
:10C2800054E8004F44F04003056845E80034002CB2
:10C29000F5D100BF16E00368DB6903F080036BB1E2
:10C2A000026D1388C3F308030468A362036D9B1C2B
:10C2B0000365B0F856305B1EA0F856304B1E99B29D
:10C2C0000029C8D100BF30BDD0F88810212928D15D
:10C2D000B0F85610C9B900BF00BF026852E8002F7D
:10C2E00022F08001036843E80012002AF5D100BF64
:10C2F00000BF00BF026852E8002F42F0400103680F
:10C3000043E80012002AF5D10BE0016D09780268BC
:10C310009162016D491C0165B0F85610491EA0F8E4
:10C320005610704710B5D0F88820212A38D1B0F8BF
:10C330006A1032E0B0F85620E2B900BF00BF0368CF
:10C34000083353E8003F23F400020368083343E84E
:10C350000024002CF3D100BF00BF00BF036853E8E6
:10C36000003F43F04002046844E80023002BF5D16D
:10C3700000BF14E00268D26902F080025AB1026D77
:10C38000127803689A62026D521C0265B0F856205A
:10C39000521EA0F856204A1E91B20029CAD100BFF1
:10C3A00010BD2DE9F04104460D4617469846069EFD
:10C3B0003CE0701CC8B3F8F717FBA0EB0800B042D4
:10C3C00000D816B90320BDE8F0812068006800F0AD
:10C3D000040050B32068C069C0F3C00078B10820E1
:10C3E000216808622046FEF7B9FF0820C4F89000D3
:10C3F00000BF002084F8840000BF0120E3E720682C
:10C40000C069C0F3C02080B14FF4006021680862A9
:10C410002046FEF7A3FF2020C4F8900000BF0020B4
:10C4200084F8840000BF0320CDE7FFE72068C069DF
:10C430002840A84201D1012000E00020B842B8D035
:10C440000020C0E710B50248FBF744FF10BD000014
:10C45000B405002400BFFEE703B401984100009832
:10C4600050EAC12018BF04204A0D18BF40F0010057
:10C4700040F2FF72B2EB515F08BF40F002000128AA
:10C4800008BF052002B0704702480068C0F30220D0
:10C49000704700000CED00E010B5002804DB0A072F
:10C4A000130E054A135406E00A07140E034A00F05F
:10C4B0000F031B1FD45410BD00E400E018ED00E092
:10C4C000EFF30580704770B50446002508E0216849
:10C4D000481C20600878303805EB850100EB4105E9
:10C4E0002168087800F004F80028F0D1284670BDD3
:10C4F0000146302903DB392901DC01207047002087
:10C50000FCE730380A2801D201207047002070472C
:10C5100010B54021074801F0FDFB0022102106481C
:10C5200027F0E2FA0549086002F03AFF00200449CA
:10C53000087010BDC40B00246DF4000838020024FC
:10C540003402002430B50346B1F90040B2F900507E
:10C55000AC4202DDB1F9004001E0B2F900401C80BC
:10C56000B1F90240B2F90250AC4202DDB1F9024029
:10C5700001E0B2F902405C80B1F90440B2F9045024
:10C58000AC4202DAB1F9044001E0B2F904409C8007
:10C59000B1F90640B2F90650AC4202DAB1F90640F0
:10C5A00001E0B2F90640DC800120B3F90040B3F9A4
:10C5B0000450AC4205DCB3F90240B3F90650AC427A
:10C5C00000DD002030BDF8B504460D4616460027B4
:10C5D000B4F90000B5F90010884212DBB4F902008A
:10C5E000B5F9021088420CDBB4F90400B5F9041067
:10C5F000884206DCB4F90600B5F90610884200DC72
:10C6000001270FB90020F8BD0EB90120FBE72088F3
:10C61000ADF800006088ADF8020032466946284651
:10C6200000F0A7F808B90020EDE7A088ADF80000F9
:10C630006088ADF8020032466946284600F099F855
:10C6400008B90020DFE72088ADF80000E088ADF8E9
:10C65000020032466946284600F08BF808B90020EF
:10C66000D1E7A088ADF80000E088ADF802003246BE
:10C670006946284600F07DF808B90020C3E701208C
:10C68000C1E70246B2F90000B1F90430984213DC68
:10C69000B2F90400B1F9003098420DDBB2F90200A2
:10C6A000B1F90630984207DCB2F90600B1F9023060
:10C6B000984201DB012070470020FCE7F8B50446F2
:10C6C0000D461646B4F90400B5F90010884211DB96
:10C6D000B4F90600B5F9021088420BDBB4F900008A
:10C6E000B5F90410884205DCB4F90200B5F906106A
:10C6F000884201DD0120F8BD0EB90020FBE720884B
:10C70000ADF800006088ADF8020032466946284660
:10C7100000F02FF808B10020EDE7A088ADF8000088
:10C720006088ADF8020032466946284600F021F8DC
:10C7300008B10020DFE72088ADF80000E088ADF800
:10C74000020032466946284600F013F808B100207E
:10C75000D1E7A088ADF80000E088ADF802003246CD
:10C760006946284600F005F808B10020C3E701201B
:10C77000C1E72DE9FC5F05460E4614464FF0000A5E
:10C78000B6F90000B5F90010884213DBB6F90000D5
:10C79000B5F9041088420DDCB6F90200B5F90210B3
:10C7A000884207DBB6F90200B5F90610884201DCC1
:10C7B0004FF0010ABAF1000F02D10020BDE8FC9F42
:10C7C000002C01DC0120F9E7284612F0BEFD83466B
:10C7D00000EBDB704710284612F028FD834600EB83
:10C7E000DB704FEA6008474501DA384600E0404612
:10C7F00081464C4500DD4C462888ADF8000028886D
:10C80000204400B2ADF804006888ADF802006888E2
:10C81000204400B2ADF80600002231466846FFF71A
:10C82000A8FF80B1BDF80400204400B2ADF80400B8
:10C83000BDF80600204400B2ADF806003146684657
:10C8400023F094FBBAE7E888001B00B2ADF80200C1
:10C85000E888ADF80600002231466846FFF789FFF8
:10C8600080B1BDF80400204400B2ADF80400BDF86A
:10C870000200001B00B2ADF802003146684623F00A
:10C8800075FB9BE7A888001B00B2ADF80000A888E4
:10C89000ADF80400002231466846FFF76AFF80B118
:10C8A000BDF80000001B00B2ADF80000BDF80200AA
:10C8B000001B00B2ADF802003146684623F056FB7B
:10C8C0007CE76888ADF802006888204400B2ADF8C3
:10C8D0000600002231466846FFF74BFF80B1BDF8E5
:10C8E0000000001B00B2ADF80000BDF806002044B7
:10C8F00000B2ADF806003146684623F037FB5DE72D
:10C9000001205BE710B5B1F90030B2F90040A34255
:10C9100002DAB1F9003001E0B2F900300380B1F978
:10C920000230B2F90240A34202DAB1F9023001E06A
:10C93000B2F902304380B1F90430B2F90440A342A5
:10C9400002DDB1F9043001E0B2F904308380B1F9BD
:10C950000630B2F90640A34202DDB1F9063001E02B
:10C96000B2F90630C38010BD2DE9F0478AB0074602
:10C9700027F042F88246002009901FB1C349F868A9
:10C98000086003E015F062FBC0490860BF49096810
:10C99000086923F049FABD480068406920B1BB49E5
:10C9A0000968486923F040FAB8490968C86923F062
:10C9B0003BFAB6490968086A23F036FAB3480068BA
:10C9C000006948B90020B1490968A1F8500100BFC9
:10C9D00000BF0AB0BDE8F08723F0CEFD23F014FDC0
:10C9E000AA480068B0F8500100284CD0A748006859
:10C9F0000068007CC0F34000F0B1A448006815F066
:10CA0000A3FB401E04B2A148006815F037FB401E8E
:10CA10000FFA80F843460022114607A8009412F04E
:10CA2000D9FC07A8994909680968896B4860974843
:10CA3000006805F0A3FD00BF4FF4807193480068C3
:10CA400030301DF0FAFB20219048006800F5987006
:10CA50001DF0F3FB00208D490968A1F850015046F4
:10CA600026F0BCFF0990894800680068406A50B110
:10CA70008649096808688549096809684B6A8449D4
:10CA80000A68099998471DF00FF900F059F900F06C
:10CA900021F980484569002D3FD11CF081FE0446F4
:10CAA0001BF0B0FD054600227F21284623F053F8F5
:10CAB00014F022FB002201460890284623F02EF8AD
:10CAC00014F085FE002201460890284623F015F94F
:10CAD00000220321284623F0F6F8002203212846ED
:10CAE00023F0CAF800220321284623F0D2F80022BE
:10CAF0000321284623F0DAF800220321284623F0F8
:10CB0000EFF865A128461CF085FD00231A46062192
:10CB100028461EF02BF85F4845615E49086826F0FC
:10CB20005DFFB0F5967F10D25948006841F2883118
:10CB3000884245D957484068099908445549486092
:10CB400008468068401C88603AE026F055FF51494D
:10CB500008604E480068406800684FF47A71B1FB85
:10CB6000F0F84C48406810B901204A4948604948EB
:10CB7000806808B9444608E0464880684FF47A71F6
:10CB8000484344494968B0FBF1F4002041494860FA
:10CB90008860444500D944463E48006920443D49E8
:10CBA00008610846C068401CC86027F00BF8C0F157
:10CBB00064094B46224639A128461CF083FD00BF7C
:10CBC0003A484668D6BB1CF0EBFD04461BF01AFD44
:10CBD000064600227F21304622F0BDFF14F08CFA79
:10CBE000002201460890304622F098FF14F0EFFD35
:10CBF000002201460890304623F07FF800220321EE
:10CC0000304623F060F800220321304623F034F848
:10CC100000220321304623F03CF800220321304655
:10CC200023F044F81CA130461CF0F4FC00231A4603
:10CC3000042130461DF09AFF1C4846601B490868D5
:10CC400026F0CCFEB0F5967F1ED926F0D5FE17490A
:10CC5000086002A81DF0FCF804990298A0EB0108F6
:10CC60004FEA9824A8EB84206621B0FBF1F99DF8E7
:10CC700021009DF820104B462246CDE900100CA162
:10CC800030461CF01FFD00BF00BFA2E6E8000024F4
:10CC9000E4000024300A00243F00000025752046EF
:10CCA00050530A257525252043505500EC000024DB
:10CCB00025752E2575206B42207573656420282507
:10CCC00064202525290A2564252520667261672EA2
:10CCD0000000000010B5002416E0C4EBC4000C49AD
:10CCE00051F8200030B1C4EBC401094A52F82100C8
:10CCF0001DF08CF8C4EBC401054A02EB81001C2135
:10CD00001DF09BFA601CC4B2042CE6DB10BD0000D1
:10CD1000A00C00240146094A10680BE042688A42D0
:10CD200002D002688A4204D1027E22F00102521C23
:10CD3000027640690028F1D170470000BC00002451
:10CD40007047000010B50421014800F0E3FF10BD5A
:10CD5000B80B002410B51C21014800F0DBFF10BD0A
:10CD6000D00B00242DE9FF4F8BB004469A46199D45
:10CD7000BAF1000F11D11898B0F5807F0DD10020C5
:10CD8000208060800C98401E00B2A0800D98401E4C
:10CD900000B2E0800FB0BDE8F08FB5F9000040426E
:10CDA000189948430121C1EB202000B22080B5F939
:10CDB00002004042189948430121C1EB202000B2F3
:10CDC0006080B5F900100C98401A18994843022168
:10CDD00001EB202000B2A080B5F902100D98401A96
:10CDE00018994843022101EB202000B2E080BAF1FB
:10CDF000000F14D120882988084400B22080608860
:10CE00006988084400B26080A0882988084400B27C
:10CE1000A080E0886988084400B2E080BAE70A2070
:10CE20009AFBF0F00A900A98401C09900A9800EBCF
:10CE30008000AAEB400B0A9800B227F0F9F808909E
:10CE4000099800B227F0F4F807900A985A3000B217
:10CE500027F0EEF8069009985A3000B227F0E8F86B
:10CE60000590CBF10A0108984143079800FB0B108D
:10CE70000A2190FBF1F6CBF10A010698414305988F
:10CE800000FB0B100A2190FBF1F776117F11B4F92A
:10CE90000080B4F9029007FB08F006FB190029880E
:10CEA00001EBA02000B2ADF8100006FB08F007FB74
:10CEB0000900698801EBA02000B2ADF81200B4F9B6
:10CEC0000480B4F9029007FB08F006FB19002988DA
:10CED00001EBA02000B2ADF80C0006FB08F007FB48
:10CEE0000900698801EBA02000B2ADF80E00B4F98A
:10CEF0000080B4F9069007FB08F006FB19002988AA
:10CF000001EBA02000B2ADF8080006FB08F007FB1B
:10CF10000900698801EBA02000B2ADF80A00B4F95D
:10CF20000480B4F9069007FB08F006FB1900298875
:10CF300001EBA02000B2ADF8040006FB08F007FBEF
:10CF40000900698801EBA02000B2ADF80600BDF928
:10CF50000800BDF91010884202DABDF9080001E0AE
:10CF6000BDF91000BDF90410BDF90C20914202DAA0
:10CF7000BDF9041001E0BDF90C1088420BDABDF9CF
:10CF80000800BDF91010884202DABDF908000DE072
:10CF9000BDF910000AE0BDF90400BDF90C1088428B
:10CFA00002DABDF9040001E0BDF90C002080BDF9F2
:10CFB0000800BDF91010884202DDBDF9080001E04B
:10CFC000BDF91000BDF90410BDF90C20914202DD3D
:10CFD000BDF9041001E0BDF90C1088420BDDBDF96C
:10CFE0000800BDF91010884202DDBDF908000DE00F
:10CFF000BDF910000AE0BDF90400BDF90C1088422B
:10D0000002DDBDF9040001E0BDF90C00A080BDF90E
:10D010000A00BDF91210884202DABDF90A0001E0E7
:10D02000BDF91200BDF90610BDF90E20914202DAD9
:10D03000BDF9061001E0BDF90E1088420BDABDF90A
:10D040000A00BDF91210884202DABDF90A000DE0AB
:10D05000BDF912000AE0BDF90600BDF90E108842C4
:10D0600002DABDF9060001E0BDF90E006080BDF9ED
:10D070000A00BDF91210884202DDBDF90A0001E084
:10D08000BDF91200BDF90610BDF90E20914202DD76
:10D09000BDF9061001E0BDF90E1088420BDDBDF9A7
:10D0A0000A00BDF91210884202DDBDF90A000DE048
:10D0B000BDF912000AE0BDF90600BDF90E10884264
:10D0C00002DDBDF9060001E0BDF90E00E08000BF01
:10D0D00060E62DE9F74F86B0044620680590B4F964
:10D0E00008100798A0EB0108B4F90A100898A0EB03
:10D0F0000109E089B0F5807F13D1206B00FB08F0B7
:10D10000E16A01FB1901606A00EBA10BE06A00FB18
:10D1100008F0216B01FB0901A06A00EBA10004905B
:10D120002FE0A08980B9A06B00FB08F04FEA6018DF
:10D13000A06B00FB09F04FEA6019606A00EB080B76
:10D14000A06A484404901CE0A06B00FB08F04FEA82
:10D150006018A06B00FB09F04FEA6019206B00FB20
:10D1600008F0E16A01FB1901606A00EBA12BE06A9B
:10D1700000FB08F0216B01FB0901A06A00EBA12074
:10D1800004904FEA2B2604980712B4F90400B04229
:10D1900003DC002009B0BDE8F08F002E01DA00208A
:10D1A000F8E7B4F90600B84201DC0020F2E7002FEE
:10D1B00001DA0020EEE73420005DC0F3800050B3B8
:10D1C0003420005DC0F3400078B90225B4F90400B2
:10D1D0007843684306FB050A059800EB0A012A46D6
:10D1E00004F114001CF0D7FF2CE00325B4F904006F
:10D1F0007843684306FB050A6A1E059800EB0A019E
:10D2000004F114001CF0C7FF0AEB0500401E05994D
:10D21000095CA17516E04FF0000A0025208A03463C
:10D220003AB231B2019004F1180019F097FC029063
:10D23000BDF80800A0823AB231B204F1180019F02A
:10D24000EDFBA0753420005D00F00100B0B14FF49B
:10D250007F40002100F47C4241EA5211C0F3C40235
:10D2600011430191BDF8042011460291A08ABDF836
:10D270000810884201D100208CE700BFE07C08B98B
:10D28000012087E70FFA8BF1A187049801B2E187AB
:10D2900031B24020015339B242200153C4F844A0B6
:10D2A00084F84850204600F003F80390039871E793
:10D2B0002DE9F04F8DB00446D4F8009094F83C006E
:10D2C0000C9094F83E000B900C9870280BDA4FF0FD
:10D2D000FF35B4F940002844002800DA00250C98F6
:10D2E0008030C7B213E00C9890280EDD0125B4F908
:10D2F00040002844B4F90410884200DB00250C9853
:10D30000C0F1FF008030C7B201E00025FF270B9875
:10D3100070280CDA4FF0FF36B4F942003044002890
:10D3200000DA00260B98803000F0FF0815E00B981B
:10D3300090280FDD0126B4F942003044B4F90610FC
:10D34000884200DB00260B98C0F1FF00803000F01F
:10D35000FF0802E000264FF0FF08A08A0A90A07D97
:10D36000069000200590049003903420005DC0F3E7
:10D37000800000285BD094F84800626C00FB052018
:10D3800000EB0901022209A81CF005FFA28894F80D
:10D39000480012FB00F2606C02FB060000EB090182
:10D3A000022208A81CF0F7FEA28894F8480012FB9D
:10D3B00000F2606C02FB060294F8480000FB0520B6
:10D3C00000EB0901022207A81CF0E5FE3420005DF5
:10D3D000C0F3400000287ED094F84800616C00FB48
:10D3E00005110844401E19F800000590A18894F822
:10D3F000480011FB00F1606C01FB060194F8480045
:10D400000844401E19F800000490A18894F84800D0
:10D4100011FB00F1606C01FB060194F8480000FB71
:10D4200005110844401E19F80000039053E0208ABB
:10D430000090B4F942204020005B284401B204F17E
:10D440001800009B19F08AFB0990208A0090422066
:10D45000005B304402B2B4F9401004F11800009BA4
:10D4600019F07CFB0890208A00904220005B304439
:10D4700002B24020005B284401B204F11800009B76
:10D4800019F06CFB07903420005DC0F3400010B32E
:10D49000B4F942204020005B284401B204F1180096
:10D4A00019F0BCFA05904220005B304402B2B4F996
:10D4B000401004F1180019F0B1FA04904220005B0A
:10D4C000304402B24020005B284401B204F118004D
:10D4D00019F0A4FA0390BA46BB463420005DC0F3AD
:10D4E0004000E0B306987843C7F1FF0C059B03FBAF
:10D4F0000C00C0F3072104987843C7F1FF0C039B8D
:10D5000003FB0C00C0F3072201FB08F0C8F1FF0386
:10D5100002FB0300030AA375022905DC022A03DCCF
:10D5200000200DB0BDE8F08F022901DC4FF00008AB
:10D53000022A01DC4FF0FF080698022801DC4FF0B8
:10D54000000A0598022801DC4FF0FF0A049802281F
:10D5500001DC4FF0000B0398022803DC00E002E03E
:10D560004FF0FF0B03E0BA46BB46FF21A175BAF1AD
:10D57000000F02D1099802900BE0BAF1FF0F02D11F
:10D580000A98029005E05246DDE9091013F0CAFF3F
:10D590000290BBF1000F02D1079801900BE0BBF1A4
:10D5A000FF0F02D10898019005E05A46DDE9071007
:10D5B00013F0B8FF0190B8F1000F03D1BDF80400DB
:10D5C000A0820FE0B8F1FF0F03D1BDF80800A082E0
:10D5D00008E04246DDE9011013F0A4FF0090BDF819
:10D5E0000000A08201209CE72DE9F05F0446B4F919
:10D5F000080001026162B4F90A000102A162B4F9F3
:10D600000C000A2190FBF1F56F1CB4F90C0005EB3E
:10D610008501A0EB4106684200B226F009FD804674
:10D62000784200B226F004FD8146C5F15A0000B2EE
:10D6300026F0FEFC8246C7F15A0000B226F0F8FC44
:10D640008346C6F10A0000FB08F009FB06000A2128
:10D6500090FBF1F1E162C6F10A0000FB0AF00BFB5E
:10D6600006000A2190FBF1F12163E06A4111E162B9
:10D67000206B41112163A07C19F07FFB3421095DEF
:10D6800060F3000134200155A07C19F059FB3421CE
:10D69000095D60F3410134200155A07C042805D0C8
:10D6A000A07C052802D0A07C062807D13420005D8C
:10D6B00020F00400001D3421085505E03420005DF1
:10D6C00020F004013420015521682162A06920F076
:10D6D000E000A061A17CA06961F30400A061A188C1
:10D6E000A06961F39420A061E188A06961F35F50B3
:10D6F000A061E08900EBD071491001F5001191FBA8
:10D70000F0F2A263FF21A175208AA082BDE8F09FFC
:10D710002DE9F743054616460024134C26F06CF914
:10D720008046334629462046019A19F0D5FF074620
:10D730005FB900BF00BF2C2120461CF07EFD4FF0DA
:10D740000040A0620020BDE8FE830020A062E069E6
:10D7500018B9404626F042F9E061E06908B90120B5
:10D76000E0612046EFE70000F40B002410B514211F
:10D77000114800F0CFFA19F061FF044600BF1CB950
:10D7800000BF00BF00BFFEE700BF14B900BF00BF6D
:10D7900010BD0A4920461AF039F8094920461AF006
:10D7A00037F8084920461AF035F8074920461AF09C
:10D7B0002BF800BFECE70000DC0B0024596E0208D8
:10D7C0002D73020849750208216E020870B50446DF
:10D7D0000D46102128461CF030FD206800780128F5
:10D7E00004D1208A2880608A68800CE02068007854
:10D7F000022802D1E068686005E02068007804280B
:10D8000001D10A2068602068406820B1206829465C
:10D810004268904701E000BF00BF70BD2DE9FE43A4
:10D820000446A66AEEB9A18A208A084401B2A18200
:10D83000E18A608A084401B2E18220460CF0BBFB19
:10D8400006460EB9BDE8FE8320460FF0BDFC00225F
:10D850000921304618F03AFA6078C0F3400000B170
:10D86000F0E7208A10B9608A002870D0002002906A
:10D87000019094F83C0000F00F00032812D13046CC
:10D880001EF094FD074630461EF018FD804603202A
:10D890000090B4F910103B46424630460BF082FE31
:10D8A000029012E030461EF003FE074630461EF09E
:10D8B00077FC80460C200090B4F9121043463A469B
:10D8C00030460BF06FFE019000BF30461EF0C8FCE2
:10D8D000054605F0010028B9BDF90800002801DD62
:10D8E0000020029005F0020028B9BDF908000028C8
:10D8F00001DA0020029005F0040028B9BDF9040007
:10D90000002801DD0020019005F0080028B9BDF9CC
:10D910000400002801DA0020019001AA02A9204693
:10D9200029F0AEFB0023BDF90420BDF908103046F4
:10D9300021F09CFCA08ABDF80810084401B2A18225
:10D94000E08ABDF80410084401B2E18200BF00BFC4
:10D9500078E72DE9F84F0446D4F828B0BBF1000F62
:10D9600001D1BDE8F88F94F83C0000F00F0000B939
:10D97000F7E71AF033FA06463068477E40215846EA
:10D9800020F09EF910B900216183218358461EF0D2
:10D990007BFD804658461EF081FD054694F83C000C
:10D9A00000F00F000C2843D1002121831DBBB4F9E6
:10D9B0001A00C7F164014843642190FBF1F001B201
:10D9C000618358461EF0ECFB814658461EF070FD00
:10D9D00082460C200090B4F91A104B465246584625
:10D9E0000BF0E0FD6083B4F91A2000231946584675
:10D9F00021F03CFC69E0204629F099FB00900021D1
:10DA000061836A46204629F03BFBBDF9003041F6B0
:10DA1000FF72514258460CF077FC8146BDF8000079
:10DA2000484402B201230021584621F01FFC4CE07B
:10DA300094F83C0000F00F00032846D100216183D8
:10DA4000B8F1000F23D1B4F91800C7F164014843BD
:10DA5000642190FBF1F001B2218358461EF02EFCA8
:10DA6000814658461EF0A2FC824603200090B4F97D
:10DA7000181053464A4658460BF094FD2083B4F9DB
:10DA8000181000231A46584621F0F0FB1DE02046EE
:10DA900029F032FB009000212183002269462046B4
:10DAA00029F0EEFABDF9003041F6FF7251425846B6
:10DAB0000CF090FB8146BDF80000484401B2012300
:10DAC0000022584621F0D2FB00BF208B002860D1F5
:10DAD000608B00285DD11DBB58461EF0E9FC8146D5
:10DAE00058461EF05DFB8246B9F1000F02DCBAF128
:10DAF000000F14DDB9F1000F06DA01234A460021B8
:10DB0000584621F0B3FB0AE0BAF1000F07DA01230F
:10DB1000CAF1000002B20021584621F0A7FB00BF65
:10DB2000B8F1000F23D158461EF0C8FB8146584675
:10DB30001EF03CFC8246B9F1000F02DCBAF1000F86
:10DB400014DDB9F1000F06DA0123002249465846D8
:10DB500021F08CFB0AE0BAF1000F07DA0123002262
:10DB6000CAF1000001B2584621F080FB00BF3246E6
:10DB70000A21584618F0AAF86078C0F3400000B1B6
:10DB8000EFE694F83C0020F00F0184F83C100021EF
:10DB9000A16200BFE5E62DE9FF4104460F4614B936
:10DBA00014F054FA04460CB9BDE8FF811FB90020F7
:10DBB000A4F85001F8E70020ADF80800ADF80A001D
:10DBC000204614F05BFA401E00B2ADF80C0020466F
:10DBD00014F0BAFA401E00B2ADF80E0002AA39469F
:10DBE0006846FEF7AFFC064606B9DDE72068007C14
:10DBF000C0F3400060B10298206303986063012085
:10DC0000A4F85001606810B1606826F097F8CBE77F
:10DC10002068806918B120686946826990470025AC
:10DC20000BE004F1300000EBC50100226846FEF76E
:10DC3000CAFC00B1B8E7681C85B2B4F85001A8422C
:10DC4000EFDCB4F85001202809DAB4F8502104F1CF
:10DC5000300101EBC200694611F051FA0BE00020DF
:10DC6000A4F85001B4F8502104F1300101EBC200D6
:10DC700002A911F044FAB4F85001401CA4F8500174
:10DC8000606810B1606826F059F800BF8CE770B585
:10DC90000546284600F013F8044600260CE021460D
:10DCA000284600F024F806462146284600F086F86B
:10DCB00020461CF0ABF83446002CF0D170BD014674
:10DCC00009B9002070474868FCE770B50646002493
:10DCD0003046FFF7F4FF054605E0641C2946304650
:10DCE00000F005F80546002DF7D1204670BD02462C
:10DCF0000B461068001D03441868704702460B4627
:10DD00001068034418687047014609B9002070473D
:10DD10008868FCE7002242608260CA1C22F003018E
:10DD20000160704770B50446216801F108001BF0DE
:10DD30009FFF0546A5B100222946204627F0D0FACC
:10DD400029462046626827F0BDFA606820B12A465D
:10DD50002046616827F0C4FA6560A06800B9A56034
:10DD6000284670BD70B50446216801F108001BF01B
:10DD70007FFF0546A5B100222946204627F0A2FADA
:10DD800029462046A26827F0ABFAA06820B12A46AF
:10DD90002046A16827F096FAA560606800B9656022
:10DDA000284670BD014609B901207047486818B976
:10DDB000886808B90120F8E70020F6E72DE9F0416E
:10DDC00004460D460CB9BDE8F0812046FFF777FF09
:10DDD000A8420FD129462046FFF789FF606060689E
:10DDE00010B90020A0602FE000222046616827F0D3
:10DDF00077FA29E02046FFF787FFA8420FD129468E
:10DE00002046FFF77BFFA060A06810B9002060608B
:10DE10001AE000222046A16827F054FA14E02946AF
:10DE20002046FFF76BFF064629462046FFF75FFFB7
:10DE300007463A463146204627F044FA32463946EC
:10DE4000204627F04DFA00BF00BFBCE710B50446DE
:10DE50002068806818B12068214682689047206851
:10DE6000006828B12068006820602046FFF7EEFFB8
:10DE700010BD0146886818B18868B0F9160070476F
:10DE80000020FCE72DE9F04F93B005468B46914604
:10DE90009A461C9E688C20F00400001D6884A5F83A
:10DEA00020903289594628461FF086FC1290A5F82A
:10DEB00020A03289594628461FF07EFC1190688CBC
:10DEC00020F004006884DDE9111088420CD1DDE9FE
:10DED0001110884208D1BDF84800BDF844108842AE
:10DEE00002D113B0BDE8F08FA5F8209032895946D1
:10DEF00028461FF061FC1290A5F820A0594628463C
:10DF00000DF05BFF10903189109A1068129A24F07E
:10DF10002EFA3089602833D147F6FF711298884273
:10DF200002D0119888422BD128461FF06CFE0F902A
:10DF300000EBD070471028461FF065FE0F9000EBF5
:10DF4000D0704FEA600847F6FF711298884208D1F6
:10DF5000781C08F10101884200DA01E008F10100B3
:10DF6000129047F6FF711198884208D1781C08F189
:10DF70000101884200DA01E008F10100119000BFC0
:10DF80002448FFF7CFFE044600BF1CB900BF00BF06
:10DF900000BFFEE700BF04B9A3E71298E060119844
:10DFA0002061ACB325603089A080C4F808B0684611
:10DFB00010F05EFA2146684610F01AFB16496846D2
:10DFC00010F0DEFA1548029000BF1549684610F0BF
:10DFD000E5FAFF220021684610F0F8FA3188684619
:10DFE00010F0E6FA7188684610F0C3FAF0680690FF
:10DFF00000BF6846002190F83E2061F3000280F8DF
:10E000003E2000BF30690590684610F009FB00BF54
:10E0100000BF66E7E80B002415A90308C1AB03089D
:10E02000F1AA030810B514210148FFF773FE10BDD3
:10E03000E80B00242DE9FE4F04460F4690464FF0B2
:10E04000000900256BE1E06800EBC5004068C0F303
:10E05000406000B162E1E16801EBC501496821F06F
:10E060007F4021F0DEFE064626EA070008B90120BF
:10E0700000E00020029026EA080008B9012000E034
:10E0800000200190DDE90101814272D0E06850F882
:10E0900035A04FF0000B6A4641F61001504623F0C0
:10E0A000FFFD10B14FF0010BA9E06A4641F61101E6
:10E0B000504623F0F5FD10B14FF0010B9FE06A468A
:10E0C00041F61201504623F0EBFD10B14FF0010B69
:10E0D00095E06A4641F61301504623F0E1FD10B188
:10E0E0004FF0010B8BE06A4641F61501504623F0D4
:10E0F000D7FD10B14FF0010B81E06A4641F61401E3
:10E10000504623F0CDFD10B14FF0010B77E06A4689
:10E1100041F26901504623F0C3FD10B14FF0010BED
:10E120006DE06A4643F20C01504623F0B9FD10B190
:10E130004FF0010B63E06A4643F20D01504623F0B5
:10E14000AFFD10B14FF0010B59E06A4641F20101F9
:10E15000504623F0A5FD10B14FF0010B4FE06A4689
:10E1600041F20401504623F09BFD18B14FF0010B22
:10E1700045E0D2E06A4641F20201504623F090FDAC
:10E1800010B14FF0010B3AE06A4641F203015046EC
:10E1900023F086FD10B14FF0010B30E06A4641F2EA
:10E1A0000501504623F07CFD10B14FF0010B26E035
:10E1B0006A4641F20601504623F072FD10B14FF05D
:10E1C000010B1CE06A4641F23201504623F068FD23
:10E1D00010B14FF0010B12E06A4643F60F015046B2
:10E1E00023F05EFD10B14FF0010B08E06A4643F6E4
:10E1F0000E01504623F054FD08B14FF0010BBBF166
:10E20000000F02D00320BDE8FE8F6A4640F60A01E7
:10E21000504623F045FD10B14FF002097CE06A46FC
:10E2200040F60B01504623F03BFD10B14FF00209C0
:10E2300072E06A4643F60F01504623F031FD10B1FB
:10E240004FF0020968E06A4643F60E01504623F09B
:10E2500027FD10B14FF002095EE06A4640F63C012E
:10E26000504623F01DFD10B14FF0020954E06A46FC
:10E2700040F63D01504623F013FD10B14FF0020966
:10E280004AE06A4640F63A01504623F009FD10B1D3
:10E290004FF0020940E06A464FF40461504623F013
:10E2A000FFFC10B14FF0020936E06A4640F6450126
:10E2B000504623F0F5FC10B14FF002092CE06A46FD
:10E2C00040F64101504623F0EBFC10B14FF002093B
:10E2D00022E06A4640F64201504623F0E1FC10B1CC
:10E2E0004FF0020918E06A4640F64301504623F019
:10E2F000D7FC10B14FF002090EE06A4640F6490122
:10E30000504623F0CDFC10B14FF0020904E0B9F102
:10E31000000F01D14FF0010900BF00BF6D1C608CE0
:10E32000C0F3C500A8423FF68EAE48466BE700003A
:10E330000148006870470000E800002410B5034859
:10E3400027F041F9024826F0CAFD10BD300A00242A
:10E35000EC0000240146C1F30412072A00DD072265
:10E36000D0B2704710B518210348FFF7D3FC012045
:10E3700025F0F6FB10BD0000940B00242DE9F041C0
:10E3800005460F4616460DB9BDE8F0812846F2F75E
:10E39000A7FA8046394628460A4A12689047074637
:10E3A000E8193146074A1268904706463C4603E0A2
:10E3B000A019285C2855641CA8EB0600A042F7D2DF
:10E3C00000BFE1E7840200242DE9F04106460C4637
:10E3D00017461D4629463046084A12689047206075
:10E3E000206830B1296888190021044A12689047D2
:10E3F00000E000203860BDE8F08100007C020024CD
:10E400002DE9F04F87B004460F4692469846DDE965
:10E4100010560DB1002028801CB9002007B0BDE8BF
:10E42000F08F207808B90020F8E70FB90020F5E751
:10E430004FF0000906F0020010B906F0040098B190
:10E44000002000E0401C215C0A2905D0215C0D2938
:10E4500002D0215C0029F5D1215C01B1401C15B12D
:10E460004FF0FF312980D9E706F0020008B141F6EC
:10E47000FF7800200690059038E000200490059871
:10E4800008B9012000E0002006A904AACDE9006235
:10E49000CDE902100599601843465246394625F0E9
:10E4A000FFFD83460498A8EB00000FFA80F804985B
:10E4B00048440FFA80F9BBF1000F00D11CE0059829
:10E4C0005844059020780A2802D020780D2800D1E1
:10E4D00012E00598205C0A2803D00598205C0D28DE
:10E4E00003D10598401C059006E000BF0598205C0C
:10E4F00010B1B8F1000FC0DC00BF059870B905A9D4
:10E500002046094A12689047834635B10022594691
:10E51000384617F01CFD0FFA80F900BF0DB1A5F8C1
:10E52000009005987AE700007C0200242DE9F0476E
:10E5300006468846174606B10FB9BDE8F087304653
:10E54000F2F7CEF981463846F2F7CAF9044604B923
:10E55000F3E704EB090A414630460B4A126890473C
:10E560008046554603E0281B305C70556D1E08EB55
:10E570000400A842F7D906EB0800224639461BF0F2
:10E5800016FE00BFD9E700008402002402460020E6
:10E590000FA31B788B4211D113781BB90123137081
:10E5A00001200BE01378012B02D10023137005E04A
:10E5B0001378022B02D10023137001201378012B52
:10E5C00004D1202901D102231370012070470000DB
:10E5D0002300000073B582B00646039801903246CE
:10E5E00000210846019B26F077F80546002001909F
:10E5F0000024681C1BF03CFB044600BF1CB900BF94
:10E6000000BF00BFFEE700BF14B9002004B070BD1A
:10E61000002060553246691C2046039B26F05CF8BA
:10E620002046F3E72DE9F04781460E4614461F4683
:10E63000DDF820A035461BE0600800FB07552946A1
:10E640004846D047B0F1000809DD04F0010080F031
:10E650000100C0EB5404E8190546064608E0B8F18D
:10E66000000F02DA6408354602E02846BDE8F0876C
:10E67000002CE1D10020F9E72DE9FF4F85B083465A
:10E68000DDE9158ADDE91349DDE91775129E05F00C
:10E690000200F8B94FB105F0010030B1B9F1000F37
:10E6A00002D105F00C0000B17F1E03E030222046AD
:10E6B000641C3254544501D2202CF7D303E030229D
:10E6C0002046641C325405F0010018B1BC4201D24E
:10E6D000202CF4D305F01000B0B305F4806050B9DD
:10E6E0004CB1544501D0BC4205D1641E1CB1B8F1F7
:10E6F000100F00D1641EB8F1100F09D105F02000F1
:10E7000030B9202C04D278222046641C325415E003
:10E71000B8F1100F09D105F0200030B1202C04D23F
:10E7200058222046641C325408E0B8F1020F05D18B
:10E73000202C03D262222046641C3254202C03D2A7
:10E7400030222046641C3254202C16D2B9F1000F1E
:10E7500004D02D222046641C32540EE005F0040043
:10E7600020B12B222046641C325406E005F008003C
:10E7700018B120222046641C3254CDE90275CDE93F
:10E780000064584606A90EC900F0A2F809B0BDE819
:10E79000F08F2DE9FF4F8FB08046DDE91FABDDE93B
:10E7A0001D96219D1C9C00270CB925F0100505F431
:10E7B000806000B1E4B100BFB4FBF6F106FB11418B
:10E7C000C8B20A2802DA00F1300107E005F02001A2
:10E7D00009B1412100E0612101440A39CBB2394637
:10E7E0007F1C07AA5354B4FBF6F40CB1202FE3D3DB
:10E7F00007A8CDE904AB8DE8810203960695404653
:10E8000010A90EC9FFF738FF13B0BDE8F08F2DE94E
:10E81000FF4F8FB0DDE9217BDDF89080209EDDE9A0
:10E820001C454FF00009002184EA010069400843BB
:10E8300001D128F0100808F4806028B1002184EA92
:10E840000100694008432DD000BF32463B462046B8
:10E850002946F1F767FE02F0FF0ABAF10A0F02DA61
:10E860000AF1300007E008F0200008B1412000E084
:10E87000612050440A38C2B2484609F1010907A98B
:10E880000A5432463B4620462946F1F74BFE0446E1
:10E890000D46002184EA01006940084302D0B9F125
:10E8A000200FD2D32398CDE9036BCDE9050807A942
:10E8B0001E98CDE9001902900FA80FC8FFF7DCFEE3
:10E8C00013B0BDE8F08F9A4200D288547047704769
:10E8D0002DE9FF5F05461446DDE90EA6DDE9108748
:10E8E000A34607F0020078B907F0010060B9B1460D
:10E8F00007E02246641C2020039B0199A84709F1E8
:10E900000109C145F5D300BF08E02246641C711E11
:10E910000E461AF80100039B0199A847002EF4D176
:10E9200007F0020050B105E02246641C2020039B42
:10E930000199A847A4EB0B004045F5D3204604B04D
:10E94000BDE8F09F2DE9F84304460D4616461F46E4
:10E95000DDF82080206800B9C047002000903B46C9
:10E9600032462946206822F061F9BDE8F8830000AC
:10E970002DE9FF4F8BB0074600250C9800B9FA4FE0
:10E98000EAE20E98007825280AD02A466D1C0E99D6
:10E990000878DDE90C13B8470E98401C0E90DBE2B6
:10E9A0000E98401C0E90002400BF0E9800782B2873
:10E9B00019D004DC20281ED023282CD123E02D28B8
:10E9C00009D0302827D144F001040E98401C0E9045
:10E9D00001200A9022E044F002040E98401C0E90A0
:10E9E00001200A901AE044F004040E98401C0E9096
:10E9F00001200A9012E044F008040E98401C0E908A
:10EA000001200A900AE044F010040E98401C0E9079
:10EA100001200A9002E000200A9000BF00BF0A987F
:10EA20000028C2D180460E990878FDF761FD20B11B
:10EA30000EA8FDF748FD804612E00E9800782A28BF
:10EA40000ED1189901C91891002804DA44F0020483
:10EA5000C0F1000800E080460E99491C0E9100BFED
:10EA60004FF000090E9800782E281FD144F48064DE
:10EA70000E98401C0E900E990878FDF739FD20B1D4
:10EA80000EA8FDF720FD814610E00E9800782A2898
:10EA90000CD1189901C91891002801DD014600E048
:10EAA000002189460E99491C0E9100BF0E980078EE
:10EAB0006C280AD004DC682816D06A2835D128E0F2
:10EAC000742820D07A2830D129E044F480740E983C
:10EAD000401C0E900E9800786C2804D144F4007409
:10EAE0000E98401C0E9021E044F080040E98401CCB
:10EAF0000E900E980078682804D144F040040E98D7
:10EB0000401C0E9012E044F480740E98401C0E904D
:10EB10000CE044F400740E98401C0E9006E044F49F
:10EB200080740E98401C0E9000E000BF00BF0E984D
:10EB3000007869281DD00EDC622821D006DC25284B
:10EB40007ED050281AD058287BD115E0632879D080
:10EB50006428F9D10CE0732875D004DC6F280ED03E
:10EB60007028F1D109E0752804D07828ECD102E0B2
:10EB700000BF00BF00BF00BF00BF00BF00BF00BF9D
:10EB80000E980078782803D00E980078582801D184
:10EB9000102623E00E980078702803D00E98007895
:10EBA00050280CD1102644F0100444F480740E98C0
:10EBB0004078562812D10E98401C0E900EE00E9808
:10EBC00000786F2801D1082608E00E9800786228A6
:10EBD00001D1022602E00A2624F010040E980078E3
:10EBE000582803D00E980078502801D144F0200412
:10EBF0000E980078692805D00E980078642801D016
:10EC000024F00C0404F4806008B124F001040E9890
:10EC10000078692803D00E98007864287CD104F429
:10EC20000070B8B31898C01D20F007001890D0E904
:10EC300000AB189A083218920020CDE9069803E03C
:10EC400073E17CE1F2E01CE1CDE904600894BAEBE9
:10EC500000017BEB000001DA012000E00020002130
:10EC600002900846B1EB0A0170EB0B0002DA504645
:10EC7000594605E000200146B0EB0A0061EB0B01AC
:10EC8000CDE900012A463846DDE90C13FFF7BFFD48
:10EC90000546C7E0FFE704F48070D0B1189850F83B
:10ECA00004AB18904FEADA70CDE903980296059408
:10ECB000BAF1000F01DD514601E0CAF10001CDE9D2
:10ECC00000102A463846DDE90C13FFF762FD0546C1
:10ECD000A8E004F0400028B1189810F8041B189020
:10ECE000C8B20DE004F0800028B1189830F8041B79
:10ECF000189008B204E0189800681899091D189136
:10ED000082464FEADA70CDE9039802960594BAF18B
:10ED1000000F02DD514602E00BE0CAF10001CDE92F
:10ED200000102A463846DDE90C13FFF732FD054690
:10ED300078E00E980078562818D1189850F804AB4F
:10ED40001890DAF804000068099009980090DAF841
:10ED500000300D98421B0C9841193846FFF708FE09
:10ED60000544002009905DE0CFE8000804F400703D
:10ED7000D0B11898C01D20F00700CDE9069808947E
:10ED800018900020CDE904600290189903C9189AE0
:10ED900008321892CDE900012A463846DDE90C1305
:10EDA000FFF735FD05463DE004F4807098B1002280
:10EDB000CDE9039802960594189800681899091DE2
:10EDC000CDE9000218912A463846DDE90C13FFF719
:10EDD000E0FC054626E004F0400028B1189810F841
:10EDE000041B1890C8B20DE004F0800028B11898F8
:10EDF00030F8041B189088B204E01898006818993D
:10EE0000091D189182460020CDE900A0CDE90398A4
:10EE1000029605942A463846DDE90C13FFF7B9FC43
:10EE2000054600BF0E98401C0E9093E0012604F0AA
:10EE3000020050B905E02A466D1C2020DDE90C13C4
:10EE4000B8473046761C4045F5D3189911F8043B75
:10EE5000D8B22A466D1C1891DDE90C13B84704F0AE
:10EE6000020050B105E02A466D1C2020DDE90C139C
:10EE7000B8473046761C4045F5D30E98401C0E909E
:10EE800068E0189850F804AB18905046B9F1000F9C
:10EE900001D0494601E04FF0FF310A46014600E04B
:10EEA000491C0B781BB1131EA2F10102F8D10E1AF6
:10EEB00004F4806028B14E4501D2304600E0484657
:10EEC000064604F0020050B905E02A466D1C2020D9
:10EED000DDE90C13B8473046761C4045F5D306E013
:10EEE0001AF8010B2A466D1CDDE90C13B8479AF895
:10EEF000000040B104F480600028F1D0B9F10000B6
:10EF0000A9F10109ECD104F0020050B105E02A4654
:10EF10006D1C2020DDE90C13B8473046761C4045B7
:10EF2000F5D30E98401C0E9014E02A466D1C252047
:10EF3000DDE90C13B8470E98401C0E900AE02A46F3
:10EF40006D1C0E990878DDE90C13B8470E98401C2B
:10EF50000E9000BF00BF00BF0E98007800287FF41D
:10EF600010AD0D98854201D2284601E00D98401E53
:10EF700002460020DDE90C13B84728460FB0BDE873
:10EF8000F08F2DE9F04104460E46002774B131465A
:10EF9000204600F02DF80546B5F5801F05D20C2D52
:10EFA00001D9284600E00C20074600BF3846BDE8DE
:10EFB000F081024600BF481E084018B100BF00BFE4
:10EFC00000BFFEE700BF481E1040101A704710B582
:10EFD00002464B1E13444C1E23EA040000BF4B1E86
:10EFE0000B401BB100BF00BF00BFFEE700BF10BD5C
:10EFF000024600BF481E084018B100BF00BF00BF56
:10F00000FEE700BF481E10444B1E984370470000A7
:10F010002DE9F04180460E464446012060860025D9
:10F0200000270DE056F8270025A1F1F741FD10B1AA
:10F03000681C85B202E0608E401C6086781C87B236
:10F0400056F8270020B156F8270000780028E9D1AB
:10F05000208EA84201D1BDE8F081A06A20B1A06A4B
:10F060001AF0D4FE0020A062E06A20B1E06A1AF033
:10F07000CDFE0020E062E8001AF0FAFDA06200BFB9
:10F08000A06A18B900BF00BF00BFFEE700BF68005C
:10F090001AF0EEFDE06200BFE06A18B900BF00BFE1
:10F0A00000BFFEE700BFA06A08B1E06A00B9002512
:10F0B0006900E06A1BF0C1F8258600BFCBE70000BD
:10F0C0000A0000002DE9F84F81460E46924699F855
:10F0D000090000F00700022801D1304600E0504648
:10F0E0008346564501DD304600E050460746032082
:10F0F00000EB470020F0030000F1100539480068DC
:10F1000039490968A0EB0108002405EB08003749DC
:10F110000968884206D233480468606820F00040DD
:10F1200060603AE031480068854221D813E04FF032
:10F13000FF300090002269462D480EF0E7FD0022C6
:10F1400069462C480EF0E2FD264800682649096809
:10F15000A0EB010800BF08EB0500244909688842BC
:10F16000E5D820480468606820F00040606014E042
:10F1700028461AF07DFD044600BF1CB900BF00BF41
:10F1800000BFFEE700BF14B90020BDE8F88F60683B
:10F1900020F0004000F10040606032465946484689
:10F1A00001F0F0FE2060606800F04040401C6060AC
:10F1B000606820F080406060A781A4F80EB06068AD
:10F1C000C00F20B1204600F11001A16008E0054801
:10F1D00000681030A06003480068284401490860B6
:10F1E0002046D2E7F80000244C020024F40000245A
:10F1F000999F01088DDD0108F0B585B006460D46E2
:10F200003446002004900390029094F83C0000F0F3
:10F21000030020B1012838D0022866D000BF94F83E
:10F220003C0000F003005A49097888421BD0262090
:10F23000005D00EB001000EB4000142190FBF1F0AA
:10F24000544908702720005D00EB001000EB4000DF
:10F25000142190FBF1F05049087094F83C0000F044
:10F2600003004B49087002A803A9CDE9001005EB83
:10F2700045014FF6FF7202EA410004AB46490A78A5
:10F28000444909780AF05EFB5FE094F83C0000F026
:10F2900003003F49097888421AD0A08C00EB400057
:10F2A00040024FF4B471B0FBF1F03C4908802720D4
:10F2B000005D00EB001000EB4000142190FBF1F02A
:10F2C0003549087094F83C0000F00300304908709C
:10F2D00002A803A9CDE90010E9B204AB2E480278D8
:10F2E0002E4800880AF02EFB2FE094F83C0000F036
:10F2F00003002749097888421AD0A08C00EB40000F
:10F3000040024FF4B471B0FBF1F02449088026208C
:10F31000005D00EB001000EB4000142190FBF1F0C9
:10F320001C49087094F83C0000F00300184908706C
:10F3300002A803A9EAB204ABCDE900101548017890
:10F34000164800880AF0FEFA00BF00BF9DF81000C2
:10F350009DF80C109DF80820D708BDF8003067F321
:10F3600004038F080093BDF8003067F34A13C70801
:10F370000093BDF8003067F3CF230093BDF8007011
:10F380003B460193BDF80410084605B0F0BD0000EF
:10F39000AA010024A8010024A9010024A601002438
:10F3A00010B50120074908700748FEF788FC20B90E
:10F3B0000648006824F0B6FC03E00448006824F026
:10F3C000BDFC10BD34020024C40B0024380200240C
:10F3D00010B5044694F83E00C0F3400050B9A08F29
:10F3E000002807DDA08F4FF6FF71884202D0A08F62
:10F3F000401EA087A08FA8B9606B20B194F83E0092
:10F40000C0F3400070B121461748FEF7D7FCFFF764
:10F41000C7FFE06810B12046E168884720461AF02F
:10F42000F5FC1FE0A06B4042E062606BD0B194F845
:10F430003E10C1F3400111B9216B4942E16294F8D9
:10F440003E104908C94394F83E2061F3410284F814
:10F450003E20E069616AE1616062A06A616BA1625D
:10F46000606300BF10BD0000C40B00242DE9F04113
:10F4700080464248006824F0B1FA064640480078C9
:10F4800080F001003E4908703E48FEF718FC044633
:10F490006BE000203C49087094F83E00C0F3800007
:10F4A00037490978884253D0354801782C34A07CFC
:10F4B00061F38200A07420688719A07C2C3CC0F303
:10F4C000C00010BBE06A00281FDC002F1DDB94F891
:10F4D0003E0000F0010060B9206950B1204621696A
:10F4E00088470546E0692844E061606A2844606214
:10F4F00000BFA06810B12046A168884794F83E007C
:10F5000020F00800083084F83E00E06A3044E062F1
:10F51000E06A00281BDBD4E90A10884201DDA06AFA
:10F52000E0622046A16988470546206AA84206D0C5
:10F530002562606818B12946D4E900029047D4E9F1
:10F540000A10884202DB2046FFF742FF00BF00BFDF
:10F550000D48007820B10B48FEF7B1FB044604E0EB
:10F5600021460848FEF7C3FB0446002C91D124F045
:10F5700043FA02490860BDE8F0810000300200242F
:10F5800035020024C40B002434020024F7B582B0F5
:10F5900004460E4614B9049805B0F0BD00BF6322BE
:10F5A000314620461EF008F90190019D00BFBDB113
:10F5B0002868A8B100BF6422314620461EF0FCF83E
:10F5C00001900198C0B207464FB13A462B682846D1
:10F5D000049998470190BDF80400ADF8100000BFF1
:10F5E0000498D9E770B504460D46606818B12946FD
:10F5F0006068FFF7F7FF206818B1294620462268A7
:10F60000904770BD70B505460C46A1B228460FF074
:10F61000A3FC70BD70B505460C46A1B228460FF09C
:10F62000ECFC70BD70B504460D4600BF204600F0EE
:10F630003BF818B100BF00BF00BFFEE700BF28467F
:10F6400000F050F9001D616808446060204600F039
:10F650003AF8204670BD70B505460C46284600F0C5
:10F6600041F904F11001884201D3012070BD00204E
:10F67000FCE70146A1F1080070477CB505460C4641
:10F68000204600F02FF906466A4601A925F0E0FB66
:10F6900021462846DDE900320DF068FE7CBD0146BA
:10F6A000087900F00100704710B50446204600F0CC
:10F6B00019F908B9012010BD0020FCE701460879BE
:10F6C00000F00200704770B50446204600F097F83D
:10F6D00005462C60284670BD7CB506460C460020C9
:10F6E0000190009000256CB16A4601A9204625F0E2
:10F6F000CCFB01980E2805DA6A4601A9304627F0AE
:10F70000FDFD054685B100BF284600F0EBF8A0429C
:10F7100003D200BF00BF00BFFEE700BF294630464E
:10F72000DDE9003227F01CFA28467CBD70B504469E
:10F730002046FFF7C8FF0546284600F0BEF82046E1
:10F7400000F0B6F870BD70B50446204600F057F8DA
:10F750000546284600F0B6F8204600F0BEF870BD19
:10F7600070B506460D46284600F049F8044600BF2D
:10F770001CB900BF00BF00BFFEE700BF2046FFF777
:10F780008EFF90B100BF2846FFF78EFF18B100BF73
:10F7900000BF00BFFEE700BF2146304600F076F80C
:10F7A00021462846FFF73EFF0546284670BD70B546
:10F7B00006460D462846FFF781FFF0B1284600F0C7
:10F7C00057F8044600BF1CB900BF00BF00BFFEE7EA
:10F7D00000BF00BF2046FFF762FF18B900BF00BF9F
:10F7E00000BFFEE700BF2146304600F04FF8294633
:10F7F0002046FFF717FF054600BF284670BD2DE9DC
:10F80000F0410446204600F06DF8061F204600F047
:10F81000B8F80746314625F017FE054600BF2046DA
:10F82000FFF742FF18B100BF00BF00BFFEE700BFF7
:10F830002846BDE8F0812DE9F04106460C46154604
:10F84000002794B100BF1DB900BF00BF00BFFEE795
:10F8500000BF2A462146304600F097F82046FFF7C1
:10F8600072FF204600F08DF807463846BDE8F0816B
:10F8700010B5044600BF2046FFF720FF18B900BFAF
:10F8800000BF00BFFEE700BF206810BD7CB5054685
:10F890000C46204600F026F806466A4601A925F0E7
:10F8A000D7FA21462846DDE9003227F059F97CBD18
:10F8B000416841F0010141607047416841F0020137
:10F8C00041607047416821F0020141607047426821
:10F8D00002F003030B4343607047416821F00101CC
:10F8E000416070470146486820F0030070472DE9E9
:10F8F000F04706460C46304600F043F88046211F8C
:10F9000025F0A2FD07463046FFF7ECFF211D451A02
:10F9100000BF384600F035F88146384600F031F82F
:10F9200080460421FFF753FB814503D000BF00BF91
:10F9300000BFFEE700BF00BF3046FFF7D3FF291925
:10F94000091D884203D000BF00BF00BFFEE700BF13
:10F9500029463846FFF7BBFF00BF3846FFF7C2FF16
:10F960000C2803D200BF00BF00BFFEE700BF214646
:10F970003046FFF7ACFF3846FFF7D8FE3846BDE803
:10F98000F087014601F1080070472DE9F041064675
:10F990000C46154600BF2046FFF781FE18B900BF90
:10F9A00000BF00BFFEE700BF29462046FFF753FE19
:10F9B00078B129462046FFF79AFF07462046FFF711
:10F9C00082FE3846FFF779FF39463046FFF755FE8D
:10F9D00000BFBDE8F0812DE9F04106460C46154612
:10F9E00000BF2046FFF75BFE18B100BF00BF00BF9D
:10F9F000FEE700BF29462046FFF72DFE88B12946C5
:10FA00002046FFF774FF07463846FFF75BFF39468D
:10FA10003046FFF7A5FE074639463046FFF72DFE74
:10FA200000BFBDE8F0812DE9F8430646344618F0E2
:10FA3000D5F98046404618F016FA78BB304615F0E6
:10FA400058FE38B3304615F0D0FC208FE18E884246
:10FA500012D0E08E2087E08E00906A461C2130464E
:10FA600016F034F90746012F02D03846BDE8F88376
:10FA700030461EF0C2FC00BF404618F004FA0546AE
:10FA8000042D06D130461CF019FB0746002116F064
:10FA900098FF09E0304615F08FFE05E0FFE7208F64
:10FAA000E08630461EF0A9FC0120DFE72DE9F04199
:10FAB0000446204616F004F9054628461CF058FB7B
:10FAC0000646284610F004FB074601223946304618
:10FAD00023F03CF9BDE8F0810146C1F3C010704746
:10FAE0000146C1F3801070470146C1F3C010704752
:10FAF0000146C1F3002070470146C1F3C0007047C2
:10FB00000146C1F3401070470146C1F340207047E1
:10FB10000146C1F3003070470146C1F30010704741
:10FB20002DE9F04F89B004460D46002120461CF017
:10FB3000BAF930B91C2128461AF07FFB09B0BDE89C
:10FB4000F08F2946204600F00BFB2946204600F0A6
:10FB50007DF8002120461DF0D9FB089000212046A9
:10FB60001DF05AFD0790002120461DF08FF9012855
:10FB700000D100E000208146002120461EF002F85E
:10FB80000746002120461DF06FFA064642F2D1706A
:10FB9000874205D1608CC0F3802008B9012000E0C5
:10FBA0000020824620461CF01EFA069000BF4FF04F
:10FBB000000824480288414620461DF0FDFD0390C0
:10FBC0000398C0B200BF8346AA6829692868CDE9B6
:10FBD0000209CDE900125A465146089B06980CF0DE
:10FBE00079F9288342F2D170864205D1608CC0F346
:10FBF000402008B9012000E00020059020461CF0BC
:10FC0000D3F9049000BF4FF000080F480288414626
:10FC100020461DF0D1FD03900398C0B200BF83467B
:10FC20000023EA6869686869CDE90213CDE900023A
:10FC30005A46079BDDE904010CF04CF9688300BFCC
:10FC40007CE700001E010024220100242DE9F34F6F
:10FC500087B00C4607980BF05BF9804607981CF0BC
:10FC6000C2F90690404601F008FA20612169480077
:10FC70001AF038F82060216948001AF033F8A060C3
:10FC8000002548E05848029038F9150041F69A716D
:10FC900088423FD10020019029E0019907981CF08B
:10FCA00002F90090514900981EF015F800B11BE0D0
:10FCB00000980BF04BF98246BAF1010F00D013E027
:10FCC00000980BF033F98346AB4500D00CE0009868
:10FCD0001DF099FF0299884201DA029802E000982B
:10FCE0001DF091FF029000BF0198401C0190079801
:10FCF0001CF0F7F801998842CFD80298002804DB5D
:10FD00000298A16821F8150003E00021A06820F8FE
:10FD1000151000BF6D1C2069A842B3D80026B1465B
:10FD200000251BE038F9150041F69B71884202DB83
:10FD3000411A0E4411E041F69A71884206D1A16839
:10FD400031F8151049440FFA81F906E0A16821F84D
:10FD5000150009EB00010FFA81F96D1C2069A8421A
:10FD6000E0D8002107981DF0D1FA05902169491EBD
:10FD7000DDE9050200FB112000B206900698A0EB19
:10FD8000090007B2002F00DA00274FF0FF3004907F
:10FD900000200390002513E038F9150041F69B710F
:10FDA00088420CDB421A11B207FB01F2B2FBF6F2F9
:10FDB00012B2A36823F815200495039100BF6D1CAF
:10FDC0002069A842E8D8049800280ADB0398301A72
:10FDD0007843B0FBF6F0381A01B2A268049822F812
:10FDE000101009B0BDE8F08F01E0FFFF0100060030
:10FDF0002DE9FC5F05460022114628461FF0C2FB94
:10FE0000002128461DF0A9F88146002128461DF052
:10FE10002AFC484407B2002128461DF0DBF948447B
:10FE20000FFA80FA28461CF097FF384450440FFA26
:10FE300080FB3B4E28461CF054F801904FF0000820
:10FE40005CE0A868006850F82840364920461DF05C
:10FE500042FF00B150E020461EF04CFB002839D193
:10FE6000002120461CF0AAFF0090009830B1012824
:10FE700007D0022804D0032815D100E000BF00BF3E
:10FE800000BFB4F91A10B5F91600081A401CB042A8
:10FE900001DA304605E0B4F91A10B5F91600081A6F
:10FEA000401C06B214E0002120461DF09FFE70B9F0
:10FEB00004F114000FF07BF93844B04201DA304607
:10FEC00004E004F114000FF072F9384406B200BFE8
:10FED00000BF10E0B4F91A10B5F91600081A401C5A
:10FEE000B04201DA304605E0B4F91A10B5F916004F
:10FEF000081A401C06B200BF08F1010801988045AD
:10FF00009FD30748864209D006EB0A0006B25E4539
:10FF100002DD3046BDE8FC9F5846FBE75846F9E74E
:10FF200001E0FFFF010004002DE9FC5F054600220F
:10FF3000114628461FF00AFB002128461DF00DF847
:10FF40008246002128461DF0CBFA50440FFA80F873
:10FF5000002128461DF01BFA50440FFA80F928466C
:10FF60001CF00AFF4844404400B20190724C2846FD
:10FF70001BF0B7FF8346002128461CF060FF0128D4
:10FF800066D100265BE0A868006850F826706B49CF
:10FF900038461DF0A0FE00B150E038461EF0AAFA27
:10FFA000002839D1002138461CF008FF0090009845
:10FFB00030B1032805D0062804D0082815D102E066
:10FFC00000BF00BF00BFB5F91800B7F91410401A00
:10FFD000401CA04201DA204605E0B5F91800B7F947
:10FFE0001410401A401C04B214E0002138461DF0E1
:10FFF000F0FD70B907F114000FF053F94044A0422E
:020000040801F1
:1000000001DA204604E007F114000FF04AF94044F9
:1000100004B200BF00BF10E0B5F91800B7F9141022
:10002000401A401CA04201DA204605E0B5F918004C
:10003000B7F91410401A401C04B200BF761C5E458C
:10004000A1D33D48844269D004EB090004B265E0C5
:1000500000265BE0A868006850F8267037493846EB
:100060001DF039FE00B150E038461EF043FA80BB67
:10007000002138461CF0A2FE0090009830B1012803
:1000800005D0042804D0072815D102E000BF00BF26
:1000900000BFB7F91800B5F91410401A401CA0426F
:1000A00001DA204605E0B7F91800B5F91410401A36
:1000B000401C04B215E0002138461DF097FD78B9C8
:1000C00007F114000FF0EDF84844A04202DA204690
:1000D00005E008E007F114000FF0E3F8484404B22B
:1000E00000BF00BF10E0B7F91800B5F91410401AAE
:1000F000401CA04201DA204605E0B7F91800B5F926
:100100001410401A401C04B200BF761C5E45A1D3F7
:100110000948844202D004EB080004B20648844235
:1001200002D10198BDE8FC9F0198844201DD204680
:10013000F8E70198F6E7000001E0FFFF0100040086
:1001400010B50446206819F049FE606819F046FEB3
:10015000A06819F043FEE06819F040FE10BD0000F1
:100160002DE9F34F87B00C4607980BF0C1FC804691
:10017000404600F082FF60616169480019F0B2FDFD
:1001800060606169480019F0ADFDE060002548E05D
:100190005948029038F9150041F69A7188423FD1CA
:1001A0000020019029E0019907981BF07CFE009047
:1001B000524900981DF08FFD00B11BE000980BF034
:1001C0005FFD8246BAF1010F00D013E000980BF0FA
:1001D00047FD8346AB4500D00CE000981BF078FF4C
:1001E0000299884201DA029802E000981BF070FF41
:1001F000029000BF0198401C019007981BF071FE0F
:1002000001998842CFD80298002804DB0298E1685F
:1002100021F8150003E00020E16821F8150000BF77
:100220006D1C6069A842B3D80026B14600251BE0CA
:1002300038F9150041F69B71884202DB411A0E44E1
:1002400011E041F69A71884206D1E16831F8151043
:1002500049440FFA81F906E0E16821F8150009EB3D
:1002600000010FFA81F96D1C6069A842E0D80021F5
:1002700007981DF0D1F9069007981BF095FE0146EE
:100280006269521E069800FB121000B20590059894
:10029000A0EB090007B2002F00DA00274FF0FF3073
:1002A000049000200390002511E038F9150041F674
:1002B0009B7188420ADB421A11B207FB01F2B2FBC2
:1002C000F6F212B2E36823F8152000BF6D1C6069D6
:1002D000A842EAD8049800280ADB0398301A784329
:1002E000B0FBF6F0381A01B2E268049822F8101058
:1002F00009B0BDE8F08F000001E0FFFF010006003B
:100300007CB504460D46164628882189084400B26B
:10031000ADF8000068886189084400B2ADF80200B9
:10032000A8882189084400B2ADF80400E8886189F2
:10033000084400B2ADF806003246694620466369BB
:1003400098477CBDF8B505460E462C46206B10B18B
:10035000206B007818B9606B08B90120F8BD606B9C
:1003600058B1284623F0E7F807461049096888473E
:10037000616B884201D30020F0E7206B98B1002028
:1003800000900AE069460A4A206B126890470746C7
:10039000B74201D10120E1E700BF206B0099405C2A
:1003A0000028EFD1DAE70120D8E700008C02002412
:1003B0007C02002470B50546002421E005F5D471C7
:1003C00001EB441191ED022BB0EE421B05F5D47107
:1003D00001EB441191ED002BB0EE420B04EB8401D4
:1003E00001EBC40205F1080101EBC200F9F7D4FCEE
:1003F00021460548008800B2F9F7B2FC601CC4B27F
:10040000042CDBDB70BD0000B002002470B5054693
:1004100005B970BD00240EE02046F2F74FF900EE5A
:10042000100AB8EEC00B05F5D47000EB441080ED57
:10043000000B601CC4B2042CEEDB00BFE9E7000037
:1004400070B50546F2F710F9F9F7FAFB00210E48EE
:100450002AF036FC002411E004EB840101EBC40215
:1004600005F1080101EBC2009FED081B9FED090B90
:100470000A4A0021F9F70AFD601CC4B2042CEBDB28
:100480002846FFF7C3FF70BD2005002400000000D0
:10049000000044400000000000005E40E8C1040885
:1004A0000548FFF7CDFF05E00348FFF7AFFF02481F
:1004B000FFF780FFF8E70000900D00242DE9FF4FC3
:1004C0008FB00F46209DF87800F0010008B1FA487F
:1004D00000E0FA480E90F87800F0010008B1F84802
:1004E00000E0F8480D90F87800F0010008B9F448F1
:1004F00000E0F4480C9001200B90B5E000220B9234
:1005000000206A88B5F804C0A2EB0C0211B20026E4
:100510001AE006EB860CEA6802EB8C02127C02F011
:10052000010242B906EB860CEA6802EB8C02928962
:10053000024410B207E006EB860CEA6802EB8C027C
:1005400012898A1A11B2761C2A69B242E1D80026B1
:1005500085E006EB860CEA6802EB8C02127C02F066
:100560000102002A7AD191FBF0F80FFA88F306EB2A
:100570008609D5F80C8008EB8908B8F80C8008FBD0
:1005800003F80FFA88F206EB8609D5F80C8008EB21
:100590008908B8F9049006EB860AD5F80C8008EBB8
:1005A0008A08B8F90680904501DD904607E006EB21
:1005B000860AD5F80C8008EB8A08B8F90680C14590
:1005C00008DD06EB8609D5F80C8008EB8908B8F938
:1005D000048013E006EB8609D5F80C8008EB890847
:1005E000B8F90680904501DD904607E006EB8609E4
:1005F000D5F80C8008EB8908B8F90680C446944504
:100600000BD04FF0010806EB860AD5F80C9009EBE9
:100610008A09C9F81080CDF82C8006EB8609D5F838
:100620000C8008EB8908A8F808C006EB8609D5F805
:100630000C8008EB8908B8F80C80A0EB08080FFACA
:1006400088F006EB8609D5F80C8008EB8908B8F825
:100650000880A1EB08080FFA88F100BF761C2A6910
:10066000B2423FF676AF00BF0B9800287FF446AF4A
:1006700000210F981CF0FDFB012800D100E00020B4
:100680000A9000200990089008A809A9CDE9001057
:1006900029890BB2B5F9022038781E9924F0A2FFFF
:1006A000F87800F0010048B10A9838B10F981BF0B3
:1006B0009AFCBDF82410084400B2099011990F98D3
:1006C0001BF0F1FB04468AE17F4920461DF003FB45
:1006D00040B1F878C0F3800111AA0F980BF043F8ED
:1006E00004467CE1002120461CF094FC079007980A
:1006F000002858D000200390002610E006EB860169
:10070000E86850F82100A04208D106EB8600E968AD
:1007100001EB8000B0F90800039003E0761C286923
:10072000B042EBD800BFF87800F0010030B1608C27
:1007300020F4806000F58060608405E0608C20F427
:10074000007000F50070608404F114000D99884772
:100750000399884226D020461DF04FFE00BFA08A94
:10076000ADF80400E08AADF80600208BADF8080073
:10077000608BADF80A0000BF04F114000E9A0399D3
:10078000904701AA2921204615F0A0FA20461BF027
:10079000EFFC22462221009015F098FA20461DF029
:1007A0002CFE00BF07E0608C20F480606084608CC9
:1007B00020F400706084002006907878012812D020
:1007C000022819D104F114000C998847B5F90010DA
:1007D000491C21F00101081A039000EBD070401071
:1007E00000B2069009E004F114000C9988472988AA
:1007F000081A00B2069000E000BF00BFF87800F0D1
:10080000010050B10A9840B104F114000D998847D5
:10081000BDF82410081A00B209900020039043F29A
:100820000C02204603991CF0C7FF029002980FFAB1
:1008300080F800BF0020039043F20D022046039988
:100840001CF0BAFF029002980FFA80F900BF204610
:100850001DF0D9F9059020461BF03AFC049008F4ED
:10086000C040B0F5005F01D1012000E0002030B1B0
:1008700028F4C040B0F5FA6F01DC012000E0002050
:1008800090B128F4C040B0F57A7F04DD28F4C04070
:10089000C0F57A7001E028F4C0400599484364210E
:1008A00090FBF1F00FFA80F809F4C040B0F5005F5A
:1008B0000CD101200BE00000EFF30108E3F3010885
:1008C0002FF3010811F2010801000600002030B1E9
:1008D00029F4C040B0F5FA6F01DC012000E00020EF
:1008E00090B129F4C040B0F57A7F04DD29F4C0400E
:1008F000C0F57A7001E029F4C040049948436421AE
:1009000090FBF1F00FFA80F9A18A1C98401A40443C
:100910000FFA80FAE18A1D98401A48440FFA80FBCA
:10092000F87800F0010010B1BDF9240000E006984D
:1009300050440FFA80FAF87800F0010008B10698E8
:1009400001E0BDF9240058440FFA80FBBAF1000F12
:1009500002D1BBF1000F1BD020461DF04EFDA08A36
:10096000504400B2A082208B504401B22183E08A1F
:10097000584401B2E182608B584401B26183204641
:100980001DF03BFD01235A46514620461DF012FE44
:10099000F87800F0010008B10A9870B904F1140069
:1009A0000D9988471F990844BDF820100844BDF8E8
:1009B0002410084400B2099008E0BDF820101F98E8
:1009C0000844BDF82410081A00B20990F878C0F362
:1009D000800111AA0F980AF0C6FE044600BF24B198
:1009E000DDE9111081427FF46FAE13B0BDE8F08FE6
:1009F0002DE9F04F8DB005468946B9F1000F02D1BF
:100A00000DB0BDE8F08FA5F81890286810B12868DF
:100A100019F0FCF909EB4901062202EB410019F03B
:100A200027F9286000BF286818B900BF00BF00BFC1
:100A3000FEE700BF286868600221286801FB090002
:100A4000801CE8600421286801FB0900001DA860E3
:100A5000B9F1010F0CD1B420696808700020E96871
:100A600008800120E96848800020A9680880C7E75D
:100A700009F10101C80019F035F9074609F1010033
:100A800007EB80084FF0000A4FEA890002B20BA979
:100A90000CA800F067F90024BDF930008010079021
:100AA00000200390CCE0002616E00BA90CA800F073
:100AB00061F90CA800F04BF900B90FE0BDF9300066
:100AC000801007A941F82600BDF8300000F00300AF
:100AD00003A941F82600761C042EE6DB00BF042E95
:100AE00000D0B3E00A990798884219D1079800B25C
:100AF00027F814000FFA8AF028F81400DDE9030142
:100B000008440599084406990844696808556868C6
:100B1000005D0007000E69680855601C04B28DE096
:100B2000DDE9070188422CD0079800B227F81400AD
:100B30000FFA8AF028F81400039869680855686865
:100B4000005D0007000E69680855601C04B2079834
:100B5000401E00B227F814000FFA8AF028F814009B
:100B60000498001D059908440699084469680855C9
:100B70006868005D0007000E69680855601C04B2D3
:100B80005CE00999079888422CD0079800B227F8B2
:100B900014000FFA8AF028F81400DDE90301084474
:100BA000696808556868005D0007000E69680855A7
:100BB000601C04B20798401E00B227F814000FFA18
:100BC0008AF028F8140005980830069908446968E6
:100BD00008556868005D0007000E69680855601CCC
:100BE00004B22BE0079800B227F814000FFA8AF03D
:100BF00028F81400DDE903010844059908446968F0
:100C000008556868005D0007000E69680855601C9B
:100C100004B20798401E00B227F814000FFA8AF0B9
:100C200028F8140006980C30696808556868005D5B
:100C30000007000E69680855601C04B20AF1010A39
:100C40000CA800F084F800287FF42DAF00BF40F21C
:100C5000D32109FB01F00290029880120190601EDE
:100C600037F910100198814205D1601E38F9101033
:100C70000198814226D0DDE90121A1EB8220B0F567
:100C8000007F04DC00FB00F14800001407E0C0F521
:100C9000806000FB00F148000014C0F10F000199D2
:100CA00009B227F81410019909B228F814106A68DB
:100CB00010556968095D0907090E6A681155611CBC
:100CC0000CB200BFA61E0EE038F8160027F814007C
:100CD00037F8160028F814006868805D69680855C0
:100CE000761E601C04B2002EEEDA4FF0000B0026D8
:100CF0000020E968088023E0E96821F81B6037F8E4
:100D00001600A96821F81B0010E0A86830F81B0045
:100D100037F91610884203DAA86830F81B0001E0A2
:100D200037F91600A96821F81B00761C38F916005F
:100D3000584501D1A642E8DB0BF101000FFA80FB18
:100D4000A642D9DB384619F049F800BF58E60146FB
:100D5000B1F90200B1F90020904201DC0120704796
:100D60000020FCE7028000234380C2F101031BB294
:100D70000B807047B1F90020002A07DC0B884288FD
:100D80005200D21C1A4412B20A800CE04288038836
:100D9000D21A5200521D0B881A4412B20A800288DD
:100DA000521E12B202804288521C12B24280704718
:100DB00037B582B01546022D04DCBDF80C1008468C
:100DC00005B030BDBDF80C00C00ABDF8081000EB3E
:100DD000D1241F2C01D2204600E01F20BDF80810AE
:100DE00060F3CF210291BDF80C00C0F34510BDF8AF
:100DF0000810C1F3451144183F2C01D2204600E0F1
:100E00003F20BDF8081060F34A110291BDF80C00B4
:100E100000F01F00BDF8081001F01F0144181F2C3E
:100E200001D2204600E01F20BDF8081060F3040145
:100E30000291FF2D03D1BDF808100846C0E72A46ED
:100E4000DDE9020110F090FB0190BDF804100846A6
:100E5000B6E717B581B01446022C04DCBDF80810C3
:100E6000084604B010BDBDF80400C00ABDF8081063
:100E7000C90A10FB01F04109BDF8040061F3CF205D
:100E80000190BDF8040000F01F00BDF8081001F04B
:100E90001F0110FB01F04109BDF8040061F30400DB
:100EA0000190BDF80400C0F34510BDF80810C1F36F
:100EB000451110FB01F08109BDF8040061F34A10EF
:100EC0000190FF2C03D1BDF804100846C9E7224663
:100ED000DDE9010110F048FB0090BDF80010084664
:100EE000BFE737B582B01546022D04DCBDF80C1003
:100EF000084605B030BDBDF80C00C00ABDF80810AA
:100F0000A0EBD124002C01DD204600E00020BDF83C
:100F1000081060F3CF210291BDF80C00C0F345101A
:100F2000BDF80810C1F34511441A002C01DD20461C
:100F300000E00020BDF8081060F34A110291BDF8EE
:100F40000C0000F01F00BDF8081001F01F01441A4A
:100F5000002C01DD204600E00020BDF8081060F301
:100F600004010291FF2D03D1BDF808100846C0E727
:100F70002A46DDE9020110F0F7FA0190BDF80410ED
:100F80000846B6E708B5034600930098484080EA53
:100F9000620008BD2DE9F84F8046404614F090FEEF
:100FA0008246404614F02BFE064650461BF0E0F801
:100FB00081462B2E09D1484621F0BBFE0446002273
:100FC0002146484621F0C2FE3AE00A2E38D1694651
:100FD00050461BF04FF950461BF005F8044600211F
:100FE00048461BF060FF01280AD1204604EBD0716F
:100FF000BDF90020C2EB610191FBF4F10DB209E0F3
:10100000204604EBD071BDF9002002EB610191FB99
:10101000F4F10DB2002D00DA00250027484621F03A
:1010200088FEA84200D0012701222946484621F027
:101030008DFE27B100221C21484614F047FE00BF58
:10104000BDE8F88F10B58060C06000230361002107
:1010500010E0002400F1140343F82140002206E0D0
:1010600000F14C0303EBC11343F82200521C202A69
:10107000F6DB491C0E29ECDB10BD0146002000E028
:10108000401C31F9102041F6FF739A42F8D17047A5
:101090007CB506460D4634465020005D00F0010048
:1010A000A84233D00DB1012000E000205021095D9D
:1010B00060F300015020015504F1440168460EF030
:1010C00066F8BDF80000616A898A084400B2ADF88C
:1010D0000000BDF80210606AC08A084400B2ADF892
:1010E0000200BDF80400616A898A084400B2ADF8C4
:1010F0000400BDF80610606AC08A084400B2ADF86A
:101100000600694630461DF0B2F900BF7CBD37B518
:1011100082B0054614462146039810F076F80190F7
:10112000BDF80410084605B030BD2DE9FF4F8DB065
:1011300005460E461446F07A022803DC012011B061
:10114000BDE8F08F3089326901460C901098FCF7A9
:10115000DFFA07460FB90020F1E7397D01F01F00E3
:1011600015F00BFE10B14FF006080AE0397D01F0D2
:101170001F0015F0E5FD10B14FF0050801E04FF03C
:101180000408386A38B100BF00BF214628463A6AD1
:1011900026F0C5FADEE0B869002859D021460BA830
:1011A0000DF0B6FF308818B97088B0F5807F32D066
:1011B00020460EF084F8834600BFE0886188401A1C
:1011C000401C00B20890301D7188CDE900103088B5
:1011D00003B259460BA8089AFBF7C4FDBDF82C00D2
:1011E0002188084400B2ADF82C00BDF82E006188BB
:1011F000084400B2ADF82E00BDF830002188084444
:1012000000B2ADF83000BDF832006188084400B289
:10121000ADF8320000BF0BAA09A8A968FBF792F944
:101220008146B9F1000F04D1384601F0FAFB0120E4
:1012300085E7D5F808A009A8A860CDF80080224667
:1012400031462846BB6911F085FAC5F808A081E04F
:1012500022460BA8A968FBF775F90A900A9820B9ED
:10126000384601F0DEFB012069E70BA80EF027F8F5
:1012700009900BA80EF023F800EB4000039018F043
:1012800031FD8146D5F808A00BA907A80DF040FF55
:10129000012107A80EF0A5F8BDF92C00B4F9001043
:1012A000401A0690BDF92E00B4F90210A0EB010B14
:1012B000BDF92E00059042E007AA514602A8FBF7AF
:1012C00041F90A900A9800B936E0CDF800900998E3
:1012D00003B20FFA8BF2069801B2384616F07AFA8A
:1012E0000490049801280ED0384616F093F900BFF8
:1012F00000BF484618F072FD384601F092FBC5F871
:1013000008A000201BE702A8A8604B4607AA3146A8
:101310002846CDF8008011F01DFABDF81E00401CD3
:1013200000B2ADF81E00BDF82200401C00B2ADF8BE
:1013300022000BF1010B00BF0598401C0590BDF980
:10134000321005988142B7DAC5F808A0484618F06F
:1013500045FD00BF384601F064FB0120EFE600BF09
:1013600000BF704770B505460E461446024804603B
:10137000284610F065FE70BDAC10005010B5F8F7AF
:10138000DBF900210948F3F70FFE00220521582060
:10139000F3F7C6FE5820F3F7AFFE04480068406B31
:1013A00040F0010001490968486310BDD4080024D9
:1013B000F8B505462C4616F011FD0646206B22F0C6
:1013C0000DFB3168898B88422CD2606A009094F8BA
:1013D0003C0000F0030020B1012806D002280CD107
:1013E00007E00020ADF8000007E064208DF802005F
:1013F00003E064208DF8030000BF00BF304616F004
:10140000B1FE2846009910F0BCFC50B100221C210E
:10141000284614F05BFC0746012F01D03846F8BD82
:1014200000BF00BF22F0E8FA20630120F7E70000C8
:101430002DE9F04F9BB0074689461646BA4617A8D5
:1014400010F005FF4FF4A02138461BF0CFFC9DF8AB
:10145000691060F382018DF8691030460DF06EFF5F
:10146000054600EBD5704FEA60083088404400B272
:10147000ADF858007088404400B2ADF85A00002121
:1014800038461BF066FE1590494603A81AF0C0FACC
:1014900017A80B904FF400301090334804900020B0
:1014A00005900AF13000FCF72FFC044657E0207944
:1014B000032800D04DE0208BADF85C00208A00B2FC
:1014C000ADF85E006079FD2801DD159803E06079D4
:1014D0001599484300128DF868002568B5F9200079
:1014E000E98B08440090B5F92030D5E90512A068D1
:1014F00018F0AAFB8346B5F92000E98B0844009058
:10150000B5F92030D5E90512E06818F09DFB02908E
:10151000608B404400B2ADF84800149416A80C90BB
:1015200003AA1A21384614F0D1FB029880B21FFAA0
:101530008BF1CDE90010BDF8480083B216AA17A9B7
:10154000484610F066FE03AA1B21384614F0BEFB85
:1015500000BF21460AF13000FCF7D0FB0446002C06
:10156000A5D11BB0BDE8F08F9487040870B5044680
:101570000D4600222946204607F082FE0122294618
:10158000204607F07DFE02222946204607F096FC01
:1015900004222946204607F091FC70BD2DE9F74F43
:1015A0009EB00C46E078022802DC21B0BDE8F08F46
:1015B0001CA820990DF0BEFDB4F9200001282EDDF5
:1015C00094F82200FD282ADB208840B3BDF8700083
:1015D00014F8231F4908C1F38001084400B2ADF894
:1015E0007000BDF8720021784908C1F34001084439
:1015F00000B2ADF87200BDF8740021784908C1F35B
:10160000C001401A00B2ADF87400BDF8760014F8BD
:101610002319C1F34001401A00B2ADF876001E98BC
:101620001CA982681AA8FAF78DFF00B9BDE7E07B14
:1016300000F0070616B9A088199001E0E08819901B
:10164000BDF864106089814200D100261CA811F009
:10165000E7FF18901C2111A8EFF702FAA0788DF887
:101660005D00BDF86400ADF84C00189860B92088A2
:1016700050B94EB91CA81190E0788DF85C0011A902
:101680001E9812F09FFF90E7E078FD2801DBFF2015
:1016900000E0E07810901CA80DF042FE0F901CA80E
:1016A0000DF0AFFD0E90DDE90E01814201DA0F98D9
:1016B00000E00E980D90B4F900100D98B1EB600F9A
:1016C00002DAB4F9000001E00D98401007461AA8AC
:1016D0000DF026FE81464FF0FF300C9000200B905D
:1016E000002F01DC189870B1484618F0FBFA0B90F7
:1016F00000233AB21CA905A812F00AFB002105A894
:1017000011F088FC0C90BDF86800ADF80C00BDF835
:101710006C00ADF810000B98149003A8119016906F
:10172000FF208DF85C00A01DDDE90E2114F0F8FE0D
:101730008046B8F1000F0CD0022E0AD1BDF9681016
:10174000D8F8080000EB4100BDF97010A0EB410093
:1017500012901898A0B3BDF96A502CE028B2ADF8E9
:101760000E0028B2ADF812004A4610990B9818F0F6
:101770002AFDBDF968100FFA89F32AB20B9811F00F
:10178000FFFE8DF854009DF85400012802D102207C
:101790008DF85400012E09D1BDF97210691AD8F8DC
:1017A000080000EB41000088ADF84C0011A91E981C
:1017B00012F008FF6D1CBDF96E00A842CEDACCE035
:1017C000FFE700255CE0BDF8720028440FFA80FABC
:1017D000BDF87600401B0FFA80FBBDF96A0050454A
:1017E00004DDBDF96E00584500DA48E04A4610991C
:1017F0000B9818F0E8FCBDF90C100FFA89F352466B
:101800000B9811F0BDFE8DF854009DF8540001288E
:1018100002D102208DF85400BDF96A00504514DC55
:10182000ADF80EA0ADF812A0012E0AD1BDF97210CC
:10183000AAEB0101D8F8080000EB41000088ADF8E0
:101840004C0011A91E9812F0BDFEBDF96E0058455E
:1018500014DBADF80EB0ADF812B0012E0AD1BDF90F
:101860007210ABEB0101D8F8080000EB41000088D2
:10187000ADF84C0011A91E9812F0A4FE00BF6D1C1B
:10188000BD42A0DBBDF87000ADF80400BDF87400E7
:10189000ADF80800BDF87200384400B2ADF806009B
:1018A000BDF87600C01B00B2ADF80A0001A811F027
:1018B000B7FE00900098B0B9AEB9BDF872003844D8
:1018C00000B2ADF80E00BDF87600C01B00B2ADF856
:1018D000120010988DF85C000020149011A91E9839
:1018E00012F070FE38E010988DF85C0001208DF841
:1018F0005400BDF97600A0EB070ABDF97200C519C6
:1019000027E0009870B14A4610990B9818F05BFCDC
:10191000BDF968100FFA89F32AB20B9811F030FE66
:101920008DF8540028B2ADF80E0028B2ADF81200C0
:10193000012E09D1BDF97210691AD8F8080000EB20
:1019400041000088ADF84C0011A91E9812F03AFE33
:101950006D1C5545D5DD00BF00BF0B9810B10B982D
:1019600018F03CFA0C98401C28B10C9812F0B8FA08
:1019700005A811F031FEB8F1000F02D0404614F076
:10198000C6FD00BF11E62DE9F0478EB007460C46B4
:101990001546206910B90EB0BDE8F087A07E022878
:1019A00000DCF8E7206916F0B9F90646022E55D199
:1019B000002041F6FF71CDE90001029003460DA819
:1019C000D4E9041222F022FC28460DF0A9FC81463D
:1019D00000EBD970298801EB6000BDF9348008EB79
:1019E000D871A0EB610000B2ADF82C00BDF82C005E
:1019F000BDF834100844401E00B2ADF8300028464F
:101A00000DF0FFFB814600EBD970698801EB6000A7
:101A1000BDF9368008EBD871A0EB610000B2ADF8DB
:101A20002E00BDF82E00BDF836100844401E00B24E
:101A3000ADF8320003A811F075FA60690390208BAD
:101A4000ADF81800A07E8DF82600002000900BAAAB
:101A500003A93846236910F0B1FEAEE00DA9206954
:101A600015F004FE8046B8F1010F02D000BF00BFA0
:101A700091E707A810F085FEA0788DF82800208B4C
:101A8000ADF82400E07E8DF82600A07E8DF82700BA
:101A9000207FE8BB28460DF043FC824600EBDA705D
:101AA000298801EB60000D99C1F38A2909EBD971EE
:101AB000A0EB610000B2ADF8140028460DF0A1FBC8
:101AC000824600EBDA70698801EB60000D994FEAFD
:101AD000515909EBD971A0EB610000B2ADF81600C5
:101AE000BDF814000D99C1F38A210844401E00B2CC
:101AF000ADF81800BDF816000D9900EB5150401ECE
:101B000000B2ADF81A0005AA07A93846236900E01B
:101B100002E010F0E7FD4FE06888ADF81600BDF870
:101B200016000D9900EB5150401E00B2ADF81A009E
:101B30003BE02888ADF81400BDF814000D99C1F3FE
:101B40008A210844401E00B2ADF8180017E005AA2B
:101B500007A93846236910F0C5FDBDF814000D999A
:101B6000C1F38A21084400B2ADF81400BDF8180092
:101B70000D99C1F38A21084400B2ADF81800BDF9EF
:101B80001400B5F904108842E1DDBDF816000D9986
:101B900000EB515000B2ADF81600BDF81A000D99D7
:101BA00000EB515000B2ADF81A00BDF91600B5F9BE
:101BB00006108842BDDD00BF00BF00BFEBE62DE987
:101BC000F04F87B083460C46164694F82200022850
:101BD00002DC07B0BDE8F08F208C00B9F9E794F87B
:101BE0002300C0F3440000B9F3E794F8230000F0A9
:101BF000010000B1EDE730460DF092FB8146304622
:101C00000DF0FFFA0746B4F90050B94501DA48462D
:101C100000E038468246B5EB6A0F01DD4FEA6A05FF
:101C2000314605A80DF086FABDF9141094F823008A
:101C3000400800F0040010B1B4F9200003E0B4F94A
:101C4000200028444042084400B2ADF81400BDF919
:101C5000181094F82300400800F0080010B1B4F9FF
:101C6000200003E0B4F9200028444042081A00B2E2
:101C7000ADF81800BDF9161094F82300400800F0E4
:101C8000020010B1B4F9200003E0B4F920002844A8
:101C90004042084400B2ADF81600BDF91A1094F89D
:101CA0002300C0F3400010B1B4F9200003E0B4F900
:101CB000200028444042081A00B2ADF81A00208CD7
:101CC000281A0FFA80F8B8F1000F01DA4FF0000877
:101CD000A07894F82210CDE90210E08BADF8040052
:101CE0002BB205AA31465846CDF8008000F002F824
:101CF00000BF6EE72DE9FF4FA3B00D4616461F4605
:101D00003298FF2801DBFF2000E03298329028460D
:101D100011F086FC2290229868B967B9309850B9C2
:101D20003298009032462946319B239800F0A9FA58
:101D300027B0BDE8F08F23982946826820A8FAF7DB
:101D400001FC00B9F4E720A80DF0EAFA81461C2155
:101D500019A818F072FA484617F0C4FF1C904FF00B
:101D6000FF301890002F0ADD00233A46294612A8BA
:101D700011F0CEFF002112A811F04CF918900123A8
:101D800031460CA8309A11F0C3FF00210CA811F0C5
:101D900041F90B9009A819901E90BDF8C400ADF848
:101DA0006C0032988DF87C0033988DF87D00B5F981
:101DB00000003844B6F90010884203DDB5F9000090
:101DC000384401E0B6F9000000B2ADF81C00B5F9E6
:101DD0000400C01BB6F90410884203DAB5F9040008
:101DE000C01B01E0B6F9040000B2ADF82000B5F95F
:101DF00002003844B6F90210884203DDB5F902004A
:101E0000384401E0B6F9020000B2ADF81E00B5F9A1
:101E10000600C01BB6F90610884203DAB5F90600C1
:101E2000C01B01E0B6F9060000B2ADF8220007A819
:101E30000DF076FA0690B5F90200B6F90210884264
:101E400001DC012000E000208246B5F90600B6F969
:101E50000610884201DB012000E000208346229822
:101E600000284CD0BDF88000ADF82400BDF88400F7
:101E7000ADF82800BDF9824029E0BAF1000F04D185
:101E8000BDF91E00A04200DD20E0BBF1000F04D12F
:101E9000BDF92200A04200DA1DE020B2ADF8260014
:101EA00020B2ADF82A0049461C9818F0FDF9BDF99A
:101EB00080100FFA89F322B21C9811F061FB8DF8A3
:101EC000740019A9239812F07DFB00BF641CBDF9B2
:101ED0008600A042D1DA00BF0CA811F07DFB0B9860
:101EE00011F0FEFF1898401C28B112A811F074FBE5
:101EF000189811F0F5FF1C9817F070FF18E7B5F966
:101F00000000B6F90010884201DC012000E000204A
:101F10000590B5F90400B6F90410884201DB0120F0
:101F200000E00020049001200390059860B104981F
:101F300050B1BAF1000F07D0BBF1000F04D00698E2
:101F4000322801DA0020039001208DF87400BAF1E4
:101F5000000F15D0039898B1BDF81C00ADF824000F
:101F6000BDF82000ADF828006888ADF8260070881C
:101F7000401E00B2ADF82A0019A9239812F022FBE6
:101F8000BBF1000F15D0039898B1BDF81C00ADF857
:101F90002400BDF82000ADF82800F088401C00B2F5
:101FA000ADF82600E888ADF82A0019A9239812F0A8
:101FB00009FB059898B12888ADF824003088401EA8
:101FC00000B2ADF82800BDF81E00ADF82600BDF83F
:101FD0002200ADF82A0019A9239812F0F3FA049808
:101FE00098B1B088401C00B2ADF82400A888ADF8C4
:101FF0002800BDF81E00ADF82600BDF82200ADF89F
:102000002A0019A9239812F0DDFA0398F0BBBDF855
:102010008000ADF82400BDF88400ADF82800B5F9C3
:102020000200B6F90210401AB84201DA384604E05C
:10203000B5F90200B6F90210401A00B2029000246D
:1020400042E06888204400B20190E888001B00B29A
:102050000090BDF982100198814205DDBDF986101E
:102060000098814200DA2EE049461C9818F01CF9CD
:10207000BDF924100FFA89F3019A1C9811F080FA27
:102080008DF87400BDF98210019800E020E08142D3
:1020900009DC0198ADF826000198ADF82A0019A9CD
:1020A000239812F08FFABDF986100098814209DB5F
:1020B0000098ADF826000098ADF82A0019A92398D9
:1020C00012F080FA00BF641C02988442B9DBC7E0BA
:1020D000BDF88000ADF82400BDF98410BDF91C00E6
:1020E000401E814202DABDF9840002E0BDF91C0005
:1020F000401E00B2ADF8280009A80DF011F9804685
:10210000B8F1000F48DD059810B9BAF1000F1ED0E4
:10211000BDF9824017E020B2ADF8260020B2ADF83C
:102120002A0041461C9818F0BFF8BDF92410434618
:1021300022B21C9811F024FA8DF8740019A9239882
:1021400012F040FA641CBDF91E00A042E3DC0598C1
:1021500010B9BBF1000F1FD0BDF92200441C17E0DD
:1021600020B2ADF8260020B2ADF82A0041461C98F6
:1021700018F09AF8BDF92410434622B21C9811F0C9
:10218000FFF98DF8740019A9239812F01BFA641C4A
:10219000BDF98600A042E3DABDF98010BDF9200048
:1021A000401C814202DDBDF9800002E0BDF9200043
:1021B000401C00B2ADF82400BDF88400ADF8280042
:1021C00009A80DF0ADF88046B8F1000F48DD04987D
:1021D00010B9BAF1000F1ED0BDF9824017E020B24D
:1021E000ADF8260020B2ADF82A0041461C9818F040
:1021F0005BF8BDF92410434622B21C9811F0C0F9D7
:102200008DF8740019A9239812F0DCF9641CBDF94B
:102210001E00A042E3DC049810B9BBF1000F1FD0F0
:10222000BDF92200441C17E020B2ADF8260020B210
:10223000ADF82A0041461C9818F036F8BDF9241074
:10224000434622B21C9811F09BF98DF8740019A92D
:10225000239812F0B7F9641CBDF98600A042E3DAB6
:102260000CA811F0B9F90B9811F03AFE12A811F070
:10227000B3F9189811F034FE1C9817F0AFFD00BFA9
:1022800056E52DE9FF4F89B080460C461546DDF82E
:1022900058901C21684617F0D0FF07A80090BDF8A1
:1022A0003000ADF808008DF81890B4F90200B5F9C7
:1022B0000210884201DC012000E000200646B4F94B
:1022C0000600B5F90610884201DB012000E000207D
:1022D0000746B4F90000B5F90010884201DC01207E
:1022E00000E000208246B4F90400B5F904108842E9
:1022F00001DB012000E0002083462088ADF81C00AF
:10230000A088ADF820006088ADF81E006888401EE7
:1023100000B2ADF822001EB16946404612F052F9F3
:10232000E888401C00B2ADF81E00E088ADF822003D
:102330001FB16946404612F045F92088ADF81C00EF
:102340002888401E00B2ADF8200016B1B5F9020091
:1023500001E0B4F90200ADF81E0017B1B5F90600AE
:1023600001E0B4F90600ADF82200BAF1000F03D085
:102370006946404612F026F9A888401C00B2ADF824
:102380001C00A088ADF82000BBF1000F03D0694607
:10239000404612F017F90DB0BDE8F08F2DE9FF4F60
:1023A00093B00746904699464FF6FF70804502D19C
:1023B00017B0BDE8F08F3E46746A208C1290208CD6
:1023C000484506D0A4F82090608C20F00400001D41
:1023D00060844FF4802120461BF0BBFA11904FF42B
:1023E000802120461BF025FB0546119813F0CAFDFD
:1023F0008246384609F0BDF88346BBF81600ADF8B2
:102400003E00BDF93E000AEB050108FB010000B2E9
:10241000ADF83E00284605EBD071BDF83E20A2EB9A
:10242000610109B2ADF83E10BDF83E0050442844A9
:10243000401E00B2ADF84200706A808AADF83C00E0
:10244000706A008BADF8400001A811F077FD01AA79
:102450004FF4802120461BF021FE0FAA01A91498F9
:1024600011F050FD12982084608C20F004006084EC
:1024700000BF9DE72DE9F04F91B007460D4690460D
:1024800099464FF6FF70804502D111B0BDE8F08F3C
:102490001097109F7C6A208C0F90208C484506D0A6
:1024A000A4F82090608C20F00400001D608407A830
:1024B00010F038FD07AA4FF4802120461BF013FDD1
:1024C0004FF4802120461BF0B4FAADF82E003846B8
:1024D00009F04FF8064606B9D7E7079813F052FD02
:1024E0008246F08AADF81600BDF91600BDF92E102F
:1024F000514408FB010000B2ADF81600BDF92E00F2
:1025000000EBD071BDF81620A2EB610109B2ADF865
:102510001610BDF816005044BDF82E100844401E99
:1025200000B2ADF81A00A08AADF81400208BADF807
:10253000180005AA03A8A968FAF704F88346BBF1B6
:10254000000F13D0A868029003A8A860304616F0C8
:102550007BFB01900020009006F1140207A9284699
:10256000019B10F02BF90298A86000BF0F982084FF
:10257000608C20F00400608400BF86E72DE9F04104
:102580000546354800680FF075FD04462868866BDF
:10259000F06A10B13046F16A8847206890B16068EF
:1025A00080B10CE02C4800680068806A38B12A4A83
:1025B00012681068284A12681268916A8847206970
:1025C0000028EFD101202061234800680068C0681E
:1025D000806900F0010050B11F4800680068C068C1
:1025E0008069C0F3400010B10120606101E000206B
:1025F0006061606908B1012000E00020074628689A
:10260000406998B12868007CC0F3011048B128687F
:10261000007CC0F3800020B1D6E9001000F01EF865
:1026200004E0D6E900212868FDF76AFE206880B141
:10263000606870B12868007C00F0010000B147B10B
:102640002168A068884202D16068A06001E020682B
:10265000A060BDE8F0810000E80000242DE9F34F00
:1026600083B00446884800680568874800680068A9
:10267000007CC0F3400040B1287CC0F3800020B152
:1026800000BF00BF05B0BDE8F08F287CC0F301108B
:1026900002280AD121462846049A00F004F921466E
:1026A0002846049AFDF72CFEEBE0287CC0F30110CD
:1026B000012804D0287CC0F301100328F4D10020A5
:1026C0000290714800680FF0D5FC824620460CF05D
:1026D000EFFD064620460CF071FD83464FF4A050F6
:1026E000B0FBF6F000B2584505DA4FF4A050B0FB4D
:1026F000F6F000B200E058460190B4F90280287C60
:10270000C0F3011001280BD168882188401A401EAF
:1027100000B2E080E088801B401C00B2608006E0D0
:102720002088608060883044401E00B2E08000272E
:102730009EE0ABEB07010198814201DD019801E0C9
:10274000ABEB07000FFA80F90120CAF8100047BB75
:10275000B34526DBB146297CC1F30111032901D120
:10276000012100E0002108463146049A00F00FF9EB
:10277000287CC0F30110012807D1A4F8008008EBE1
:102780000600401E00B2A0803FE02888401EA0EB5B
:10279000080000B2A080A088801B401C00B22080EE
:1027A00033E0029820B94FF4205017F09BFA0290C2
:1027B00002980090297CC1F30111032901D1012164
:1027C00000E0002108464A463146049B00F0B2F87A
:1027D000287CC0F3011001280AD108EB070000B2E1
:1027E000208008EB07004844401E00B2A0800CE0A7
:1027F0002888401EA0EB0800C01B00B2A080A08863
:10280000A0EB0900401C00B2208007EB09005845EE
:102810000DDBDAF8180000F0010040B1DAF818001A
:10282000C0F3400018B10120CAF8140002E00020F3
:10283000CAF81400029808B9049800E00298024609
:1028400021462846FDF75CFD04E0A86A10B1284641
:10285000A96A8847DAF810000028F6D106FB09F1CA
:10286000049800EB4100049007EB090007B200BF99
:102870005F45FFF65EAF029810B1029817F0AEFA0E
:1028800000BF00BFFEE60000E800002418B5048881
:1028900000940C88048014880C801C881480BDF877
:1028A00000401C8018BD2DE9FC5F05460C4616460D
:1028B00020460CF0FDFC824620460CF07FFC83464F
:1028C0001AFB0BF001900198471E4FF0000811E031
:1028D00006EB47000088009006EB470006EB480136
:1028E0000988018006EB4800BDF8001001807F1EBA
:1028F00008F101084745EBD8B4F90690688861886B
:10290000401A401E00B2E0806888A0EB0900401E1B
:1029100000B26080B4F9049028882188401A401ED3
:1029200000B2A0802888A0EB0900401E00B22080E1
:10293000BDE8FC9F2DE9F04704461D46089F01FBBA
:1029400002F0A0F1010C481E00FB02F800231AE07F
:1029500008EB03000CB1ACEB000000260FE0A94629
:10296000AD1C07EB400AB9F80090AAF800900CB132
:10297000104400E0801A06F101090FFA89F68E4230
:10298000EDDB581C03B29342E2DBBDE8F0872DE992
:10299000F04782460C46154600263BE0002731E012
:1029A000601E801B0FFA80F8601EC01B0FFA80F9B2
:1029B000BAF1000F12D007FB048C05EB4C0308FBA7
:1029C000049C05EB4C0209FB046C05EB4C0106FB77
:1029D000047C05EB4C00FFF759FF11E009FB046C88
:1029E00005EB4C0308FB049C05EB4C0207FB048C35
:1029F00005EB4C0106FB047C05EB4C00FFF746FFA2
:102A0000781C07B2601C00EBD071B7EB610FC7DB1D
:102A1000701C06B204EBD471B6EB610FBEDBBDE8EF
:102A2000F08710B50446204614F0F4FD10BD0000F8
:102A30002DE9F14F9EB01E9813F042F905462C4641
:102A40001E9813F0E4F81D90606A16F0FDF8074632
:102A50005020005D00F0010010B91FB0BDE8F08FFC
:102A60000FA811F06BFA0FAA4FF4E02128461BF0D3
:102A700015FB04F144010DA80CF089FBBDF83400EE
:102A8000616A898A084400B2ADF83400BDF8361096
:102A9000606AC08A084400B2ADF83600BDF838005C
:102AA000616A898A084400B2ADF83800BDF83A106E
:102AB000606AC08A084400B2ADF83A000DAA0FA9B6
:102AC0001D9811F01FFA4FF4E02128461AF086FAFB
:102AD00006464FF4E02128461AF0E8FC30440FFA8D
:102AE00080F84FF4E02128461AF059FE30440FFADE
:102AF00080F900200B900C90E16CC8191F490968FF
:102B000088478246E06CC11952460BA817F007FAB5
:102B1000BDF83400404400B2ADF83400BDF83600D2
:102B2000484400B2ADF836004FF0000BD4F824A0B2
:102B300040F25742594650461AF03EFE0190019825
:102B40000A9002A810F0EEF902AA4FF4E0212846FC
:102B50001BF0C9F99DF83F00022805DCBDF8140000
:102B6000BDF82810884207D000200BAB0DAA02A99F
:102B700000901D980FF022FE00BF6EE77002002447
:102B80002DE9F04FBDB005460E4600BF00BFAB4675
:102B90000BF13000FBF706F910B13DB0BDE8F08F46
:102BA00005F114023BA8B168F9F7CCFC00B9F4E7D1
:102BB000B0683A903BA8B06035A810F0FFF935AA8C
:102BC0004FF4E02128461BF0F5F927A811F0B6F9DB
:102BD0009DF8DC008DF89F0047F6FF70ADF89C0073
:102BE0004FF4E02128461AF0DAFF074600EBD770D1
:102BF0004FEA60094FF4E02128461AF0D0FF07465B
:102C000000EBD7704FEA600A314604A818F000FFC5
:102C100024A80A9016A808904FF4E0201190694863
:102C20000590052006900BF13000FBF76DF8044687
:102C3000C0E00A2235A924A817F071F9382227A983
:102C400016A817F06CF9E088ADF89000E088ADF8B0
:102C50005C0039A80D9038A80E90607B00F0010050
:102C600020B1B4F90070B4F9028010E0A08847F6F2
:102C7000FF71884200D197E0A28801AB2846A16885
:102C80000DF07EFEBDF90470BDF9068000BFA88A74
:102C9000384407B2E88A40440FFA80F8B9F1000FCF
:102CA00019D0BAF1000F16D0A7EB090000B2ADF8A9
:102CB000080007EB090000B2ADF80C00A8EB0A0011
:102CC00000B2ADF80A0008EB0A0000B2ADF80E0041
:102CD00002A8079001E000200790207B00F003008D
:102CE00070B3207B00F0010010B1B5F9140000E0D2
:102CF0003846ADF8E400ADF8E680207B00F0020035
:102D000010B1B5F9180000E03846ADF8E000BDF8A4
:102D1000E600ADF8E20004AA1A21284612F0D6FF18
:102D200038AB39AA24A9304610F031F902AA16A905
:102D3000304611F0E7F804AA1B21284612F0C6FF1E
:102D4000207B00F00C0070B3ADF8E470207B00F045
:102D5000040010B1B5F9160000E04046ADF8E600F9
:102D6000BDF8E400ADF8E000207B00F0080010B1F1
:102D7000B5F91A0000E04046ADF8E20004AA1A21B5
:102D8000284612F0A3FF38AB39AA24A9304610F028
:102D9000FEF802AA16A9304611F0B4F804AA1B21C5
:102DA000284612F093FF00BF21460BF13000FAF7DE
:102DB000A5FF0446002C7FF43CAF3A98B06000BFFA
:102DC000EBE600005C8204082DE9F14F9AB01A98F6
:102DD00012F076FF04461A9812F019FF1990204657
:102DE0001AF011FF0746204619F072F9834607EBE7
:102DF000D771A28A02EB610109B218910BEBDB716A
:102E00004A10E18A114409B2179107EBD7714E10AD
:102E100014A810F0D3F814AA002120461BF0CAF819
:102E20004FF41D7016FB00F0552190FBF1F064216A
:102E300090FBF1F000B2ADF85200BDF85200801CDA
:102E400000B2ADF85200002013900021204619F086
:102E5000DCFF0546002347F6FF7204F114010DA8BC
:102E600010F056FF00210DA810F0D4F80C9000BF10
:102E7000A08AADF82800E08AADF82A00208BADF8D2
:102E80002C00608BADF82E0000BFBDF82800284450
:102E900000B2ADF82800BDF82C00401B00B2ADF820
:102EA0002C00BDF82A00284400B2ADF82A00BDF875
:102EB0002E00401B00B2ADF82E00012347F6FF7232
:102EC0000AA904A810F024FF002104A810F0A2F819
:102ED0000390BDF952804FF0000A4FE05146204662
:102EE000FCF78AF90090BDF80000ADF85000139887
:102EF000C0F30F290FFA89F021F09AF806EB0801C8
:102F00004843189901EBE03000B2ADF804000FFA25
:102F100089F021F07DF806EB08014843179901EB91
:102F2000E03000B2ADF806000FFA89F021F080F829
:102F3000711BA1EB08014843189901EBE03000B286
:102F4000ADF808000FFA89F021F062F8711BA1EBCF
:102F500008014843179901EBE03001B2ADF80A10BF
:102F600002AB01AA14A9199810F011F80AF1030094
:102F70001FFA80FA139800F587601390BAF5807FE6
:102F8000ACDD0DA810F028FB04A810F025FB0C9870
:102F900010F0A6FF039810F0A3FF1BB0BDE8F08F60
:102FA0002DE9F04FA5B004460F46254604F1140163
:102FB00023A8BA68F9F7C6FA2290229810B925B06A
:102FC000BDE8F08FB868219023A8B86000212046A2
:102FD00019F0DDFF1E90002120461AF0F2F901469B
:102FE0001E98084400B21D90002120461AF055FB9F
:102FF00001461E98084400B21C90204618F0F3FFCA
:103000007E35E9884843001200B21B90204618F034
:10301000CBFF29894843001200B21A9017A80FF07D
:10302000CDFF17AA002120461AF0C4FF394605A893
:1030300018F0EEFC002012908C48069000200790BB
:1030400017A80B904FF0FF30139000200E900F90B8
:1030500005AA1A21204612F039FE002001903122E3
:10306000204601991AF0A8FB0090009800F0FF0B91
:1030700000BF0021204619F08AFF04900020019033
:103080003322204601991AF097FB0090009800F037
:10309000FF0800BF204619F011F90390204619F0EF
:1030A00007FA029035F87E09002865D0E18A1C985D
:1030B00001440298081A00B20190A08AADF880007D
:1030C000208BADF87C004FF00009B5F87E000FFAB8
:1030D00080FABBF1020F1ADD0498002817DD08F012
:1030E000020040B1002120461AF0D7FA18B909F1C0
:1030F00001000FFA80F908F0010040B100212046DC
:103100001AF082F818B9AAF101000FFA80FA4E46B7
:103110002FE01A987043B5F87E10491E90FBF1F02D
:1031200000B2ADF88200BDF882100198084400B2E8
:10313000ADF88200BDF88200ADF87E004B480690E5
:103140000120079020A80E901FA80F90139605AAA3
:103150001A21204612F0BAFD1FAB20AA17A9384643
:103160000FF015FF05AA1B21204612F0AFFD701CC1
:1031700006B25645CDDB00BFB5F88000002865D00B
:10318000A18A1D9801440398081A00B20190E08AB0
:10319000ADF88200608BADF87E004FF00009B5F805
:1031A00080000FFA80FABBF1020F1ADD04980028A4
:1031B00017DD08F0040040B1002120461AF001F9A3
:1031C00018B909F101000FFA80F908F0080040B1C0
:1031D000002120461AF09EF918B9AAF101000FFA51
:1031E00080FA4E462FE01B987043B5F88010491EB8
:1031F00090FBF1F000B2ADF88000BDF880100198AE
:10320000084400B2ADF88000BDF88000ADF87C0045
:10321000164806900220079020A80E901FA80F9035
:10322000139605AA1A21204612F050FD1FAB20AAC2
:1032300017A938460FF0ABFE05AA1B21204612F055
:1032400045FD701C06B25645CDDB00BF4FF0FF3088
:10325000139000200E900F9005AA1B21204612F01B
:1032600035FD2198B86000BFA9E600005C82040823
:103270002DE9F14F9AB01A9812F0C1FC07461A983E
:1032800012F01EFD05462C46122F7DD11A9812F021
:1032900014FD06463078022802D11BB0BDE8F08F3D
:1032A00094F8380000F00300032805D094F83800A3
:1032B00000F00300022802D101203070EDE794F8FD
:1032C0003800C0F38400042808D094F83800C0F314
:1032D0008400012802D001203070DEE74FF0000AA0
:1032E0004622514628461AF067FA19901998C0B23A
:1032F000FF2802D001203070CFE7002128461AF0C5
:10330000D9FB8146208E8144B9F1000F02D0012003
:103310003070C2E7002128461AF00DFC8046E08E8E
:1033200000FB08F04FEA20281A9812F0C6FC8346EA
:10333000B8F5807F09D1002205F114015846F9F74C
:1033400042F9E8BB01203070A7E7284618F0C0FE1C
:10335000824628461AF057FC179004F132001FFAF3
:1033600088F100235246CDE9001018A81799F9F703
:10337000F9FCBDF86000A98A084400B2ADF860000D
:10338000BDF86210E88A00E01DE0084400B2ADF824
:103390006200BDF86400A98A084400B2ADF8640078
:1033A000BDF86610E88A084400B2ADF86600002255
:1033B00018A95846F9F707F918B9012030706CE7D9
:1033C00000E000BF19E2152F01D0182FFAD100211B
:1033D00028461AF0B0FB8046E08E00FB08F04FEA6A
:1033E0002028002128461AF065FB8246208E824460
:1033F00028461AF008FC1990284618F069FE189023
:10340000002641F23202314628461AF0D5F90E90D4
:103410000E9800B2814600BF41F61202314628469E
:103420001AF0CAF90E900E9848440FFA80FB00BFBC
:1034300041F61302314628461AF0BEF90E900E9856
:10344000484400B2179000BF41F6100231462846AA
:103450001AF0B2F90E900E98484400B2169000BFD0
:1034600041F61102314628461AF0A6F90E900E9840
:10347000484400B21590608E584400B2ADF8500038
:10348000A18E1698084400B2ADF8520094F83900A5
:1034900000F00300012804D112A9284618F0C2FD4B
:1034A00027E014A91FFA88F00FFA8AF3CDE900018A
:1034B00012A8DDE91821F9F755FCBDF84800A98AE2
:1034C000084400B2ADF84800BDF84A10E88A084444
:1034D00000B2ADF84A00BDF84C00A98A084400B219
:1034E000ADF84C00BDF84E10E88A084400B2ADF8C3
:1034F0004E0005F1140110A80BF037FE12A905F1DA
:1035000014000BF032FEBE481A9918F0A7FC0F9079
:103510000F98012800D0C0E610A905F114000BF0A7
:1035200024FE152F7ED1E08D08B1A08D00B9B4E640
:10353000B8F1000F00D1B0E61A9812F068FB064609
:1035400005F114010DA80BF010FE284614F0D4FA72
:103550000C9094F8390000F0030001283CD1B4F934
:103560002C10BDF93020891A481C00EBD071BDF831
:103570003420A2EB610109B2ADF83410B4F92C107B
:10358000BDF93020891A481C00EBD071BDF83820F5
:10359000A2EB610109B2ADF83810B4F92E10BDF9F3
:1035A0003220891A481C00EBD071BDF83620A2EBFE
:1035B000610109B2ADF83610B4F92E10BDF9322010
:1035C000891A481C00EBD071BDF83A20A2EB6101CA
:1035D00009B2ADF83A1013E012A80BF0CBFEBDF81B
:1035E00034100844401E00B2ADF8380012A80BF0A9
:1035F00032FEBDF836100844401E00B2ADF83A0065
:10360000BDF83400584400B2ADF83400BDF83610AF
:103610001698084400B2ADF83600BDF83810179877
:10362000081A00E0E8E000B2ADF83800BDF83A1042
:103630001598081A00B2ADF83A0094F8380000F076
:103640000300012805D094F8380000F0030000289A
:103650007AD106A80FF095F806AA002128461AF09C
:10366000E3FB1FFA88F0ADF81A001FFA8AF0ADF8F4
:103670001800608EADF81C00A18EADF81E1094F8F5
:103680003800C0098DF82C00BDF84800584400B23D
:10369000ADF81000BDF84A101698084400B2ADF815
:1036A0001200BDF84C101798081A00B2ADF81400BB
:1036B000BDF84E101598081A00B2ADF81600B068A3
:1036C000039004AA04A8B168F8F73CFF00B9E4E548
:1036D00004A8B060BDF83610608D084400B2ADF8A3
:1036E0000600BDF90600BDF93610884206DDBDF8BA
:1036F0000600E18D401A00B2ADF80600BDF80600E4
:10370000E18D0844401E00B2ADF80A0049E0BDF862
:103710003400218D084400B2ADF80400BDF9040066
:10372000BDF93410884206DDBDF80400A18D401AB1
:1037300000B2ADF80400BDF80400A18D0844401E9D
:1037400000B2ADF8080016E034E001AA06A9304640
:10375000636A0EF0C7FFBDF80400BDF830100844DE
:1037600000B2ADF80400BDF80800BDF83010084400
:1037700000B2ADF80800BDF90400BDF93810884268
:10378000E3DBBDF80600BDF83210084400B2ADF826
:103790000600BDF80A00BDF83210084400B2ADF8CA
:1037A0000A00BDF90600BDF93A108842AFDB039864
:1037B000B06020E094F8380000F00300022811D136
:1037C00004A80FF0AFFB04AA002128461AF08BFBD7
:1037D0000020009005F1140204A93046636A0EF03F
:1037E000EDFF08E000BF00BF002305F114021946F9
:1037F00030460EF077FF00BF00BF00BF4DE5000070
:10380000E8C004082DE9F14FDCB05C9812F058FADA
:1038100005462C465C9812F0FAF95B9059A92846A7
:1038200018F000FC0020CDE9105040F60A02DDE956
:10383000100119F0C1FF0F900F9800B258900020AE
:10384000CDE9105040F60B02DDE9100119F0B4FF8C
:103850000F900F9800B25790BDF864115898081A4D
:1038600000B2ADF86401BDF868115898084400B280
:10387000ADF86801BDF866115798081A00B2ADF8A6
:103880006601BDF86A115798084400B2ADF86A01A4
:1038900059A80BF061FD834659A80BF0CEFC569059
:1038A000D4E90A10A0EB01095698834501DB0120F9
:1038B00000E0002080460020559094F85C0000F065
:1038C000030001280BD1A06A002808DAE06A00286A
:1038D00005DDA16A206B884201D1012055900021AD
:1038E000284619F095FD54900021284619F039FE1C
:1038F00053900021284619F0F7FE529000212846E7
:1039000019F0A9FC519059A904F134000BF01BFCEB
:10391000A18E5498084400B2A086218F5398081AAB
:1039200001B22187E18E5298084401B2E186618F8D
:103930005198081A01B26187B8F1000F13D004F151
:1039400034000BF07AFC04280DDA569800EBD071A5
:103950004A10E98A1144891E0AB2E286E08E001DEF
:1039600001B2618715E0B8F1000F12D104F1340003
:103970000BF0F2FC04280CDA58460BEBD071AA8A43
:1039800002EB6101891E09B2A186A08E001D01B261
:10399000218704F134000BF0DFFC509004F1340077
:1039A0000BF04BFC4F90B8F1000F01D0509800E0A5
:1039B0004F988246B8F1000F05D004F13406371D48
:1039C000FE484C9004E004F13606371DFC484C904C
:1039D000A06D401CF8B1A36A216DC91A01FB0AF160
:1039E00091FBF9F108B2A36A616DC91A01FB0AF1F2
:1039F00091FBF9F10AB2131AD4F858C003FB0CF189
:103A0000CB1701EB13631B121BB24D934D9901446D
:103A100009B24D9108E0A16A206B401A00FB0AF040
:103A200090FBF9F000B24D90A06C401CE0B1A36A8D
:103A3000216CC91A01FB0AF191FBF9F108B2A36AE2
:103A4000616CC91A01FB0AF191FBF9F10AB2131A70
:103A5000D4F848C003FB0CF1CB1701EB136300EB68
:103A600023231BB24E9308E0D4E90901401A00FB5E
:103A70000AF090FBF9F000B24E900020119041F254
:103A80006A422846119919F097FE10901098C0B21A
:103A90004B90B8F1000F0ED04B9801280BD1304657
:103AA0003E4607464E99494209B24E914D994942C8
:103AB00009B24D9100BFB8F1000F0AD031884E987D
:103AC000084400B2388031884D98084400B23080F4
:103AD0000AE039884E98081A401C00B230803988B4
:103AE0004D98081A00B23880559878B3A26A5242AD
:103AF00002FB0AF292FBF9F211B2B8F1000F0CD0FE
:103B000032880A4410B2B7F90020824201DD3080C9
:103B10001BE03A883280388017E03A88521A521CEB
:103B200010B2B6F90020824201DD388002E032880E
:103B30003A803080B7F90020B6F900309A4204DAB2
:103B4000B6F900003A883280388000BF559800BB33
:103B500004F134004C99884701281ADC68465B99C7
:103B600017F056FF4FF400300D909648019000205A
:103B7000029004F1340003906A461A21284612F09C
:103B8000A5F86A461B21284612F0A0F85DB0BDE8F2
:103B9000F08F04F1340149A80BF0D5FA3BA810F0DE
:103BA000CDF93BAA4FF4003128461AF077FA29A83C
:103BB0005B9917F02DFF4FF40030369081482A9022
:103BC00000202B903BA82D9004F134002C9029AAC2
:103BD0001A21284612F07AF8002011906022284617
:103BE000119919F0E9FD1090109800B2289056989C
:103BF000834501DA584600E056982790DDE9270111
:103C0000B1EB600F02DD279840102890BDF9EC0061
:103C100026904F995098884201DA509800E04F98CA
:103C20002790DDE92601B0EB610F02DD27984010F7
:103C30002690B8F1000F08D004F134000BF08CFB93
:103C400001462698B1EB400F0BDCB8F1000F28D1EC
:103C500004F134000BF0F1FA01462698B1EB400F65
:103C60001FDD9DF8EF0011909DF8060110909DF862
:103C70000E010F9000208DF8EF008DF806018DF8F1
:103C80000E0104F134023BA95B9810F03BF9119846
:103C90008DF8EF0010988DF806010F988DF80E0141
:103CA00000BFA98A5498084400B2ADF87800298B67
:103CB0005398081A00B2ADF87C00E98A529808447B
:103CC00000B2ADF87A00698B5198081A00B2ADF8CD
:103CD0007E0000231EA920A8289A10F019F80021C0
:103CE00020A80FF097F91D909DF822011C909DF8D7
:103CF0000E011B9000208DF80E018DF8220159A9AC
:103D000019A80BF020FABDF864105498084400B2CA
:103D1000ADF86400BDF866105298084400B2ADF8E2
:103D20006600BDF868105398081A00B2ADF8680034
:103D3000BDF86A105198081A00B2ADF86A00B8F1DF
:103D4000000F15D019A80BF078FA042810DA56984D
:103D500000EBD0714A10E98A1144891E09B2ADF80E
:103D60006610BDF86600001D00B2ADF86A0017E0ED
:103D7000B8F1000F14D119A80BF0EEFA04280FDAED
:103D800058460BEBD071AA8A02EB6101891E09B279
:103D9000ADF86410BDF86400001D00B2ADF8680015
:103DA000BDF9EC20002304F1340113A80FF0B0FF9B
:103DB000002113A80FF02EF9129005E059F3010825
:103DC0003BF2010840C0040819AA3BA95B9810F017
:103DD00099F81B988DF80E011C988DF8220100208F
:103DE0008DF8EF008DF806018DF8220104F1340200
:103DF0003BA95B9810F086F813A80FF0EDFB20A804
:103E00000FF0EAFB129810F06BF81D9810F068F8AC
:103E100029AA1B21284611F059FF00BFB6E6F0B5CC
:103E200091B00546284611F04BFF0446284611F094
:103E3000EEFE0746264603A810F080F803AA4FF4CA
:103E4000403120461AF02AF947F6FF70ADF80C0011
:103E50002C20805D00F0010038B120460DF07FFF7E
:103E60000090BDF80000ADF81000214601A807F051
:103E700099FA01AA03A9384610F044F811B0F0BD30
:103E80002DE9F04FB3B08146484611F019FF804646
:103E90004446484611F0BBFE32900021404619F0DE
:103EA0000FF80546404619F0AEFE8246404618F02F
:103EB0000FF98346DA4501DB012000E000200646C9
:103EC0000EB1584600E050463190002794F85C004F
:103ED00000F00300012806D1A06A002803DAE06A96
:103EE000002800DD0127002E3CD097B93EB1012DFE
:103EF00002D1B4F9340009E0B4F9380006E0012D2C
:103F000002D1B4F9360001E0B4F93A00ADF8BC00D2
:103F100037E0606A002812DB3EB1012D02D1B4F90E
:103F2000340009E0B4F9380006E0012D02D1B4F9FB
:103F3000360001E0B4F93A00ADF8BC0021E03EB132
:103F4000012D02D0B4F9340009E0B4F9380006E0DC
:103F5000012D02D0B4F9360001E0B4F93A00ADF811
:103F6000BC000EE01FB9E08EADF8BE0009E0606A4B
:103F7000002803DBE08EADF8BE0002E0608FADF8F4
:103F8000BE0021A80FF0DAFF21AA4FF440314046CD
:103F90001AF084F833462FA94046319A21F07DFB70
:103FA0002FA904F168000BF0E9F80FA8329917F077
:103FB0002FFD4FF440301C903C4810900020119091
:103FC0001D9004F16800129021A8139040461DF046
:103FD00074FB022810D00FAA1A21404611F076FE79
:103FE00004F1680221A932980FF08CFF0FAA1B215F
:103FF000404611F06BFE55E0382221A901A815F0CA
:104000008EFF0FAA1A21404611F060FE04F16802EB
:1040100021A932980FF076FF0FAA1B21404611F01C
:1040200055FE96B13EB1012D02D0B4F9340009E03D
:10403000B4F9380006E0012D02D0B4F9360001E0F1
:10404000B4F93A00ADF8BC0002E0608FADF8BE00F4
:1040500033462FA94046319A21F01FFB2FA904F1C6
:1040600060000BF08BF8382201A921A815F057FF4A
:104070000120119004F16000129021A813900120FA
:104080001D900FAA1A21404611F020FE04F1600293
:1040900021A932980FF036FF0FAA1B21404611F0DC
:1040A00015FE00BF33B0BDE8F08F000074C10408F6
:1040B0002DE9F04790B00746384611F001FE05465D
:1040C000284618F055F8064608A80EF02BFF08AA57
:1040D0000021304619F007FF384611F098FD0446DC
:1040E000D4F8088006F1140206A8A168F8F72AFAA5
:1040F00010B910B0BDE8F08706A8A06004A930464A
:1041000007F0CEFDA88AADF80800E88AADF80A00ED
:10411000288BADF80C00BDF81200ADF80E0002AA15
:1041200002A8A168F8F70EFA98B1D4F8089002A88E
:10413000A060284614F088FD82460020534605F111
:10414000140208A9009020460EF038FBC4F808902D
:1041500000BFA88AADF80800BDF81600ADF80A0047
:10416000288BADF80C00688BADF80E0002AA02A8EF
:10417000A168F8F7E7F998B1D4F8089002A8A06010
:10418000284614F061FD82460020534605F11402D2
:1041900008A9009020460EF011FBC4F8089000BF5B
:1041A000C4F8088000BFA4E72DE9FF4FA1B0064680
:1041B00014462498807B00F00F052298807E1F9083
:1041C000032D00D10425012D06D0022D0BD0042D86
:1041D00010D0082D1DD114E0DFF86C834FF0800A59
:1041E00002201E901AE0DFF864834FF0C00A04201A
:1041F0001E9013E0DFF858834FF0F00A10201E9055
:104200000CE0DFF850834FF0FF0A4FF480701E90EF
:1042100004E000BF00BF25B0BDE8F08F00BF1F98CD
:10422000FD2823DACC4801781F98814203D1CB487E
:104230000068A84213D000200DE018F80010FF29F4
:1042400001D11F9904E018F800101F9A5143091278
:10425000C34A1154401C1E998842EED300BFDFF8B8
:104260000083BD491F980870BC4805602498B0F8C9
:1042700006B0249800891B900BFB05F01A90B4F946
:104280000000B168B1F90010884201DB002005E0B0
:10429000B068B0F90000B4F90010401A1990B4F9F0
:1042A00000005844B168B1F90410884201DC584656
:1042B00006E0B068B0F90400B4F90010401A401CE0
:1042C0001890B4F90200B168B1F90210884201DB1C
:1042D000002005E0B068B0F90200B4F90210401AFD
:1042E0001790B4F902101B980844B168B1F9061090
:1042F000884201DC1B9806E0B068B0F90600B4F90A
:104300000210401A401C16901A99179848431999A0
:1043100001FB050015902E99159801EBD0002E9009
:10432000159800F007071C210DA815F086FF2298AC
:104330008089ADF83C002298807E8DF84C00229850
:10434000807FC0F3C2008DF84D00F9F7F1FF0190B6
:104350000DF094FE0C901B980BFB00F10C98814221
:1043600001DD0C9802E01B990BFB01F00B900B9800
:1043700015F0B8FC8146CDF8409000200A902188C5
:104380001998084400B2ADF8200021881898084414
:10439000401E00B2ADF8240061881798084400B2AE
:1043A000ADF82200BDF82200ADF8260000BFBDF830
:1043B0002400BDF82010401A401C00B2079000BF36
:1043C000BDF82000ADF81400BDF82200ADF81600CD
:1043D000BDF82400ADF81800BDF82600ADF81A00AD
:1043E00000BFBDF816101698084400B2ADF81A00C8
:1043F00005A80FF015F9049008A80D901290C5F1CA
:104400000800039019980BEB00011898081A6843EC
:10441000029017981C9078E00A9801902AFA07F009
:10442000209019981D9028E02E9800782099084037
:104430000399C91BC8401490149830B1149818F807
:1044400000100A9809F8001003E000210A9809F802
:1044500000100398874204D22F442098E84020900F
:1044600005E00027CDF880A02E98401C2E900A98D9
:10447000401C0A901D98401C1D9018991D98884258
:10448000D2DB0498A0B1BDF92620BDF92010019B14
:1044900009EB0300079B0FF073F88DF844009DF8BB
:1044A000440028B9019909EB0100079915F0C5FEF0
:1044B000DDE91801411A0A9801440B98814206D29D
:1044C000BDF82600401C00B2ADF8260012E0022024
:1044D0008DF844000DA9304610F074F8BDF82600A0
:1044E000401C00B2ADF82200BDF82200ADF8260055
:1044F00000200A90029807442E9800EBD7002E90D7
:1045000007F007071C98401C1C9016991C988842BD
:1045100082DBBDF92200BDF9261088420ED0BDF81D
:104520002600401E00B2ADF8260002208DF844009F
:104530000DA9304610F046F800200A90484615F0C4
:104540004DFC00BF67E60000A8800408AA800408AC
:10455000B6800408C6800408000100240401002479
:10456000480A00242DE9FF4F8FB00C4615461E4621
:10457000B4F90200401E0E900E9840100D900E9857
:1045800000F001010D9808440C90B5F90000B6F94F
:104590000010884202DAB5F9000001E0B6F9000027
:1045A000ADF82800B5F90000B6F90010884202DD28
:1045B000B5F9000001E0B6F90000401E00B2ADF808
:1045C0002C0069880C98081A00B2ADF82A00698896
:1045D0000D98084400B2ADF82E000F980AA9826821
:1045E0000AA8F7F7AFFF8246BAF1000F02D113B065
:1045F000BDE8F08FE08818B1A08808B1012000E084
:1046000000208346012009900AA80FF009F810B194
:104610000020099004E0BBF1000F01D000200990B8
:104620001C2102A815F009FE0AA802902088ADF806
:104630001000207A8DF82000099820B102A90F9867
:104640000FF0C0FF78E00AA80AF063FE0746BDF944
:104650002E000190BDF82A00ADF82E000020009039
:10466000BBF1000F0BD0B4F90600B4F904100844F4
:10467000BDF9281091FBF0F200FB121000903846B3
:1046800015F030FB8046CDF814800AA80790BDF9DC
:104690002A904AE03946404615F006FEBDF928103A
:1046A0003BB20FFA89F240460EF06AFF8DF818000F
:1046B000BBF1000F27D09DF8180020B3009800210F
:1046C0001BE0B4F90420824207DBA3881B1A1AB24C
:1046D0008B1819B2831818B20BE0B4F90620B4F99C
:1046E00004301A44824201DC002002E0002208F873
:1046F00001204A1C11B2421C10B2B942E1DB022275
:104700008DF8182000BF02A90F980FF05BFFBDF8CD
:104710002A00401C00B2ADF82A00BDF82E00401C53
:1047200000B2ADF82E0009F1010901988145B1DD13
:10473000404615F053FB00BF00BF58E72DE9FF4F7F
:10474000C7B08B4691469A46B9F90200BAF90210F1
:10475000884210DAB9F80200ADF81A01BAF802007E
:10476000ADF81601B9F80000ADF81801BAF800006C
:10477000ADF814010FE0BAF80200ADF81A01B9F86B
:104780000200ADF81601BAF80000ADF81801B9F84A
:104790000000ADF81401BDF91401BDF91811441A57
:1047A000BDF91601BDF91A11451A002C01DD20468C
:1047B00000E06042002D01DD294600E069428842A8
:1047C00001DD012000E000204490BBF902600020E0
:1047D0004390449870B1002D01DD284600E0684206
:1047E0004101002C01DD204600E0604291FBF0F029
:1047F00043900DE0002C01DD204600E060424101C5
:10480000002D01DD284600E0684291FBF0F0439066
:10481000E0494398085C70433F30C611771006F0BA
:10482000010000EB0708BDF91801BDF91411884219
:1048300002DABDF9180101E0BDF91401801B00B2D4
:10484000ADF80401BDF91801BDF91411884202DD6B
:10485000BDF9180101E0BDF91401304400B2ADF812
:104860000801BDF91A01BDF91611884202DABDF935
:104870001A0101E0BDF91601801B00B2ADF8060176
:10488000BDF91A01BDF91611884202DDBDF91A0100
:1048900001E0BDF91601304400B2ADF80A014798B5
:1048A00041A9826841A8F7F74DFE4090409810B9A1
:1048B0004BB0BDE8F08F4498F0B3002C24DD00210C
:1048C000BDF81601C01B00B2CDE90001BDF91431DD
:1048D000BDF81A01C01B02B2BDF9181135A80EF0BF
:1048E00099FF0121BDF81601404400B2CDE9000155
:1048F000BDF91431BDF81A01404402B2BDF91811D6
:104900002AA80EF087FF4AE00021BDF816014044B6
:1049100000B2CDE90001BDF91431BDF81A014044DF
:1049200002B2BDF9181135A80EF074FF0121BDF8CF
:104930001601C01B00B200E00DE0CDE90001BDF999
:104940001431BDF81A01C01B02B2BDF918112AA812
:104950000EF060FF23E00021BDF91601CDE9000152
:10496000BDF81401404403B2BDF91A21BDF8180185
:10497000404401B235A80EF04DFF0121BDF91601EA
:10498000CDE90001BDF81401C01B03B2BDF91A2125
:10499000BDF81801C01B01B22AA80EF03BFF002190
:1049A00035A80EF037FB139000212AA80EF032FB39
:1049B00012904FF0FF30119010909BF80900C0F357
:1049C000001068BB0321BDF81A01204400B2CDE9F4
:1049D0000001BDF81801401B03B2BDF91A21BDF951
:1049E00018111FA80EF016FF0221BDF81601204471
:1049F00000B2CDE90001BDF81401401B03B2BDF9BE
:104A00001621BDF9141114A80EF004FF00211FA8EF
:104A10000EF000FB1190002114A80EF0FBFA10908C
:104A200041A80AF076FC0F90F9F782FC01900DF096
:104A300025FB0D9041A80AF01CFC01460D9881420F
:104A400003D241A80AF015FC00E00D980C900C98D8
:104A500015F048F90B90BDF90A010A90BDF806015E
:104A6000ADF80A0100200990DDE90B0115F01CFCEE
:104A70001C2102A815F0E1FB41A80290BBF8000040
:104A8000ADF810009BF808008DF820000B980590F9
:104A900041A80790BDF906010E9040E0BDF9041150
:104AA000099B0B9AD0180F9A13B20E9A12B20EF0FD
:104AB00067FD8DF818009DF8180028B9099A0B9920
:104AC00088180F9915F0B9FB0F99099808440990B7
:104AD0000F99099801440C98814206D2BDF80A0149
:104AE000401C00B2ADF80A0116E002208DF8180053
:104AF00002A947980FF066FDBDF80A01401C00B2FC
:104B0000ADF80601BDF80601ADF80A0100200990D4
:104B1000DDE90B0115F0C8FB0E98401C0E900A99B8
:104B20000E988842BADDBDF90601BDF90A11884226
:104B30000CD0BDF80A01401E00B2ADF80A010220F7
:104B40008DF8180002A947980FF03CFD0B9815F05E
:104B500045F935A80EF040FD2AA80EF03DFD11984C
:104B6000401C10B11FA80EF037FD1098401C10B16A
:104B700014A80EF031FD13980FF0B2F912980FF04F
:104B8000AFF911980FF0ACF910980FF0A9F900BF28
:104B90008EE60000C68104082DE9FF4F91B00C4657
:104BA00015461E46B4F90200401E109010984010A1
:104BB0000F90109800F001010F9808440E9029887A
:104BC0000E98081A00B2ADF8300029880F980844F2
:104BD00000B2ADF83400B5F90200B6F9021088420F
:104BE00002DAB5F9020001E0B6F90200ADF83200D0
:104BF000B5F90200B6F90210884202DDB5F90200EB
:104C000001E0B6F90200401E00B2ADF8360011987E
:104C10000CA982680CA8F7F795FC8146B9F1000F42
:104C200002D115B0BDE8F08FE08818B1A08808B1B6
:104C3000012000E00020824601200B900CA80EF01D
:104C4000EFFC10B100200B9004E0BAF1000F01D08E
:104C500000200B901C2104A815F0EFFA0CA804907A
:104C60002088ADF81800207A8DF828000B9820B124
:104C700004A911980FF0A6FC66E00CA80AF049FB05
:104C80008346BDF936000390BDF83200ADF836001A
:104C9000584615F027F80290029807900CA8099042
:104CA00000200190BAF1000F0BD0B4F90600B4F95E
:104CB00004100844BDF9321091FBF0F200FB121011
:104CC0000190019FBDF9328037E05946029815F0F6
:104CD000EBFABDF930100FFA8BF30FFA88F2029855
:104CE0000EF04EFC8DF82000BAF1000F13D09DF8A5
:104CF000200070B1B4F90400B84202DA00208DF847
:104D00002000B4F90600B4F904100844B84200DCED
:104D10000027781C07B204A911980FF053FCBDF8C6
:104D20003200401C00B2ADF83200BDF83600401C25
:104D300000B2ADF8360008F1010803988045C4DDE3
:104D4000029815F04BF800BF00BF6AE72DE9FC5F41
:104D50008046404610F0B4FF0746B946D9F82460B3
:104D60003446404610F053FF0546606A00F11402D5
:104D70006846A968F7F7E6FB8246BAF1000F41D012
:104D8000D5F808B0C5F808D094F83C00C0F340103E
:104D900048B3608FE18E88420CD1628F212329466F
:104DA0003046FDF7FBFA628F212329463046FDF796
:104DB00061FB24E0628F202329463046FDF7EEFA9E
:104DC000628F202329463046FDF754FBE28E0123F3
:104DD00029463046FDF7E2FAE28E012329463046A5
:104DE000FDF748FB0BE0628F202329463046FDF794
:104DF000D5FA628F202329463046FDF73BFBC5F8E4
:104E000008B000BFBDE8FC9F2DE9F14FD0B050982D
:104E100010F056FF04462546288E10B951B0BDE863
:104E2000F08F509810F0F3FE4F90608C20F004004B
:104E3000001D60844DA9204617F0F4F80026B24604
:104E4000B4F8208000202084608C20F00400001D35
:104E5000608427A80FF072F81FA80EF063F827AA45
:104E60004FF4A021204619F019F91FAA4FF4A021F0
:104E7000204619F038F8608C20F004006084A4F813
:104E800020800021204618F03CFC1E900021204686
:104E900018F0EEF91D900021204618F0C6FA1C907B
:104EA0000021204618F06AFB1B9009A84F9916F0C4
:104EB000AFFD4FF4A0201690D7480A9000200B9029
:104EC0003DA80D9035A80E9000BF9BE103E00AF1CC
:104ED00001001FFA80FA696A51F82A00CFA1EBF7A6
:104EE000E7FD0028F3D0E96A31F81600FAF704FE6E
:104EF00000B181E10027E96A31F81600FAF7ECFD0C
:104F000008B147F00107E96A31F81600FAF7F8FD31
:104F100010B147F0800716E0A88EB04213D108F018
:104F2000200008B147F0200708F0020008B147F060
:104F3000020708F0040008B147F0040708F0080071
:104F400008B147F00807A86A00EBC6014BA80AF0B1
:104F500003F9BDF82C01BDF83411084400B2ADF8D6
:104F60002C01BDF82E01BDF83611084400B2ADF891
:104F70002E01BDF83001BDF83411084400B2ADF87F
:104F80003001BDF83201BDF83611084400B2ADF869
:104F9000320157B9382227A93DA814F0C0FF2022BA
:104FA0001FA935A814F0BBFF1DE02784608C20F0FA
:104FB0000400001D60843DA80EF0C0FF35A80DF070
:104FC000B1FF3DAA4FF4A021204619F067F835AA99
:104FD0004FF4A021204618F086FFA4F82080608CB2
:104FE00020F004006084E96A31F81600FAF790FDB9
:104FF0008346BBF1000F06D09DF8F10040F00100A0
:105000008DF8F10005E09DF8F10020F001008DF829
:10501000F1004BA80C90179609AA1A21204610F00F
:1050200055FE9DF81701400800F01000F0B39DF800
:10503000170120F03E001E308DF81701BDF92C112C
:10504000B4F914201C98104481420AD19DF817012C
:10505000400820F004009DF8171160F345018DF819
:105060001711BDF93011B4F918201B98101A81429C
:105070000AD19DF81701400820F008009DF817118B
:1050800060F345018DF81711BDF92E11B4F9162002
:105090001E98104481420CD19DF81701400820F061
:1050A00002009DF8171160F3450100E014E08DF84F
:1050B0001711BDF93211B4F91A201D98101A814246
:1050C0000AD19DF81701400820F001009DF8171142
:1050D00060F345018DF817114BA80AF0B5F8814629
:1050E00007F0200060B1E86A30F8160000F40070A4
:1050F00030B1BDF82E01A0EB090000B2ADF82E01D1
:105100004BAA3DA94F980EF0FDFE35980890BDF9C9
:10511000E8000790BDF9E6000690686A50F82A009A
:1051200005904DA80AF01FF903909DF8F110024672
:105130000698CDE90121009004A8DDE90732059920
:105140001FF064F84BA80AF00EF9BDF91010401AD0
:10515000039000EBD070BDF82C1101EB600000B2A1
:10516000ADF82C014BA80AF06FF8BDF91210401AE7
:10517000039000EBD070BDF82E1101EB600000B27F
:10518000ADF82E01BDF82C01BDF81010084400B296
:10519000ADF83001BDF82E01BDF81210084400B280
:1051A000ADF8320107F02000C0B1E86A30F816000F
:1051B00000F4007090B1484609EBD071BDF82E2183
:1051C000A2EB610109B2ADF82E1109EBD071BDF867
:1051D0003221A2EB610109B2ADF83211002000903A
:1051E0004BAA35A9059B4F980DF0E8FA09AA1B2197
:1051F000204610F06BFD00BF701C86B20AF1010062
:105200001FFA80FA288EB0423FF760AE608C20F023
:105210000400608400BF01E678C004080A000000B2
:105220002DE9F14FA2B0229810F04AFD0446254620
:10523000229810F0ECFC21900021204617F0B4FEDB
:1052400081462646002741F612023946304618F0BC
:10525000B3FA0A900A98484400B2209000BF41F681
:1052600013023946304618F0A7FA0A900A984844C3
:1052700000B21F900021204618F05DFA484400B2A9
:105280001E9016A80DF04EFE16AA4FF400312046CF
:1052900018F029FEA86A10B1D5F828800AE080200D
:1052A00014F020FD064680223146204610F0E2F937
:1052B000B04600BF4FF0000A95F83C0000F00F0028
:1052C000012800D18246002641F26A42314620463A
:1052D00018F072FA0A900A98C0B2012800D18246EA
:1052E000E86A00287ED0E86A12F018FD0A900A9851
:1052F000022814D19DF8750041F6FF72BDF96A10BD
:10530000CDE900120290BDF96C30169A07A8E96A3F
:105310001EF07CFFBDF91C60BDF91E7011E007A9ED
:10532000E86A12F0A3F98346BBF1010F05D1079893
:10533000C0F38A260798470D02E04FF0FF36374644
:1053400000BFBAF1000F0DD0A18A2098084400B226
:10535000ADF82000BDF820003044401E00B2ADF88A
:1053600024000DE0218B1F98081A801B00B2ADF8B5
:105370002000BDF820003044401E00B2ADF82400EB
:105380000A98022815D1E18A1E98084400B2ADF8A7
:105390002200BDF822003844401E00B2ADF82600BD
:1053A0000020009008AA16A9EB6A21980DF006FAD1
:1053B00040E0204616F08CFEA0EB070B0BEBDB70F9
:1053C0004110E08A084400B2ADF82200BDF8220086
:1053D0003844401E00B2ADF8260002A80DF0D1F905
:1053E00002AA00E027E04FF40031204618F01CFD2F
:1053F000304606EBD071491009B2ADF80C103846B2
:1054000007EBD07149100AB2ADF80E204FF4003B03
:1054100043F60F025946204618F0CEF90190019844
:1054200080B2ADF8080008AA02A9EB6A21980DF035
:1054300059F900BF00BF0EA80DF074FD0EAA00219F
:10544000204618F050FD9DF8550041F6FF72BDF959
:105450004A10CDE900120290BDF94C3041460DA82A
:105460000E9A1EF0D3FEE18A1E98084400B2ADF8F1
:105470002E00BDF82E00BDF83610084400B2ADF87D
:105480003200E86AB0B9204618F0BDFBBDF934100F
:10549000461A06EBD670A18A01EB600000B2ADF8A7
:1054A0002C00BDF82C00BDF83410084400B2ADF853
:1054B000300022E0BAF1000F11D0218B1F98081A9A
:1054C000BDF83410401A00B2ADF82C00BDF82C0025
:1054D000BDF83410084400B2ADF830000DE0A18AE8
:1054E0002098084400B2ADF82C00BDF82C00BDF89F
:1054F0003410084400B2ADF83000002043460BAA37
:105500000EA9009021980DF059F9A86A10B94046EB
:1055100014F064FC23B0BDE8F08F2DE9F14F90B09A
:10552000109810F0CDFB05462C46109810F06FFB3C
:1055300006460EA9284616F001FD002794F84800FB
:10554000C0F3001008B147F0010794F84800C0F319
:10555000401008B147F002070021284618F02CFB44
:1055600042F2D171884205D1688CC0F3802008B91D
:1055700047F0040706A80DF0D5FCB4F84400ADF8D8
:105580002E004620005BADF830008DF8357006AA7D
:105590000021284618F0A7FC0DA8411E626A037876
:1055A0000BB90123037000BF284613F059FB079085
:1055B000284613F04FFB08904FF6FF71079888427A
:1055C0001ED0089888421BD04FF4802B44F25742DB
:1055D0005946284618F0F0F8029002980390BDF85A
:1055E0000C00ADF8260000BF20225946284618F0CE
:1055F000E3F8029002980390BDF80C00ADF8280083
:1056000094F8480000F00700022805D094F84800FC
:1056100000F0070003281FD19DF83400022803D0B2
:105620009DF83400032817D141F6FF71BDF92A0017
:105630008DE88300BDF92C30069A03A8616A1EF03C
:10564000E5FD0EA809F09DFEBDF90C10884202DAB6
:1056500001208DF8340000BF04F1300894F84800B0
:1056600000F00700032805D00EA809F0FBFDB0F5F7
:10567000806F01DA4FF000080EA904A8B268F6F7AF
:1056800061FF8146B9F1000F02D111B0BDE8F08F82
:1056900094F8480000F0070070B9284616F008FF9B
:1056A0008346CBF1000002B200210EA809F081FE72
:1056B000688BADF83E0000BF94F8480000F007008A
:1056C000022805D094F8480000F0070003280ED106
:1056D000D6F808B004A8B060CDF800800EAA06A9DC
:1056E0003046636A0DF06AF8C6F808B007E0CDF8F6
:1056F00000800EAA06A93046636A0DF05FF8D6F85E
:1057000008A004A8B06094F8480000F0070003283F
:105710004FD141F6FF71BDF92A008DE88300BDF934
:105720002C30069A03A8616A1EF070FD0EA809F0DD
:1057300028FEBDF90C1088421BDA2022114606987B
:1057400010F005FC00EB4000B4F84410BDF80C204C
:105750001144084400B2ADF82E004620005BADF8BD
:105760003000CDF800800EAA06A93046636A0DF01D
:1057700025F80EA809F076FDBDF90E10884217DA5B
:10578000B4F84400ADF82E00069810F0FFFB462157
:10579000095BBDF80E201144084400B2ADF830009A
:1057A000CDF800800EAA06A93046636A0DF006F80F
:1057B00000BFC6F808A000BF67E72DE9F14F9AB017
:1057C0001A9810F01CFA80461A9810F079FA0446DC
:1057D000B8F1150F16D11A9810F019FA054618A944
:1057E000204606F05DFA0AA80EF0A8FB0AAA4FF4BC
:1057F0008021204618F052FC18AA0AA928460EF06B
:1058000081FBC5E0B8F1180FFBD11A9810F0FFF931
:10581000054612A80DF086FB12AA4FF480212046FF
:1058200018F061FB10A9204606F03AFA10AA0EA85B
:10583000A968F6F787FE0D900D9800287DD02046C8
:1058400005F0A3FE8146204618F0DDF98346484660
:1058500013F0FAF902210390BDF95A00CDE901B124
:105860000090BDF95C300CA8129A03991EF0CEFC92
:10587000204616F02DFC0646304606EBD0714A1045
:10588000B4F916100A44B9F91610891A0B91484652
:1058900016F01EFC0B99890391FBF0F00B90002190
:1058A000204618F06EF80A901299B1F908200A996A
:1058B000B1F90810501A00EBD071491009B20991E2
:1058C000BDF832100998081A00B2ADF8320030461F
:1058D00006EBD0714A10B4F916105718BDF9320012
:1058E0000B99484307EBA03709983F1A002120463F
:1058F00017F067FB82464FF0000B41F61202594643
:10590000204617F059FF0390039800B2089000BF9B
:1059100041F613025946204617F04EFF03900398B4
:1059200000B20790A18A08980844504400B2ADF82C
:10593000140038B2ADF8160000E028E0218B07987B
:10594000081AA0EB0A0000B2ADF81800BDF8160066
:10595000BDF83210084400B2ADF81A009DF8650099
:1059600040F002008DF86500A86804900EA8A860B9
:10597000484613F069F9834600205B4605AA12A940
:10598000009028460CF01AFF0498A86000BF00BFE2
:105990001BB0BDE8F08F2DE9F14FA8B0289810F0AA
:1059A0008FF904462546289810F031F927900021F8
:1059B000204617F061FD26900021204617F005FED5
:1059C00025900021204617F0D0FE2490002120468B
:1059D00017F075FC239000BFA08AADF88400E08A20
:1059E000ADF88600208BADF88800608BADF88A009A
:1059F00000BFBDF884102698084400B2ADF88400BA
:105A0000BDF888102598081A00B2ADF88800BDF8D6
:105A100086102498084400B2ADF88600BDF88A10BC
:105A20002398081A00B2ADF88A0013A80EF086FA7F
:105A300013AA4FF40031204618F030FB21AA13A915
:105A400027980EF05FFA0026204616F041FB074625
:105A500000BF208BA18A401A401CC01B0FFA80F89F
:105A6000686A401C40B1696A01FB08F0C11700EB8D
:105A7000116109120EB20CE0204617F08DF900F00A
:105A8000010BBBF1000F01D0404600E000200646AC
:105A900000BF4FF0000B41F26A425946204617F012
:105AA0008BFE00900098C0B2012802D1A8EB06003E
:105AB00006B2A08A304400B2ADF84400BDF84400FC
:105AC000384400B2ADF84800E08AADF84600608B7B
:105AD000ADF84A004FF44031204617F0CDFC814626
:105AE0004FF44031204617F070FD82464FF44031AC
:105AF000204617F03AFE10904FF44031204617F040
:105B0000DEFB0F90BDF84400A0EB090000B2ADF839
:105B10004400BDF84800504400B2ADF84800BDF85C
:105B200046101098081A00B2ADF84600BDF84A10A9
:105B30000F98084400B2ADF84A0001A80EF0FEF933
:105B400001AA4FF44031204618F0A8FA11AA01A981
:105B500027980EF0D7F929B0BDE8F08F2DE9F14F65
:105B6000E0B0609810F0ACF804462546609810F05C
:105B70004EF8814604F114015EA8D9F80820F6F722
:105B8000E1FC10B961B0BDE8F08FD9F808005D9074
:105B90005EA8C9F808004FF0000841F23202414601
:105BA000204617F009FE0C900C9800B25690002188
:105BB000204617F0E7FD55900021204617F08CFB9A
:105BC00054900021204617F064FC53900021204699
:105BD00017F008FD52904FF4A021204617F059FC11
:105BE00051904FF4A021204617F0FCFC50904FF448
:105BF000A021204617F0C6FD4F904FF4A02120466B
:105C000017F06AFB4E90208C4D9000202084608C11
:105C100020F00400001D60843FA80EF08FF93FAA19
:105C20004FF4A021204618F039FA29A80DF07AF98E
:105C300029AA4FF4A021204618F055F94D98208448
:105C4000608C20F0040060840027204616F044FC9D
:105C50000146E28A55981044401E411A569808445D
:105C600000B2ADF86E01204616F02CFC2090002109
:105C7000204617F032F9012800D100E000201F90E3
:105C800049460DA815F0C4FE4FF4A0201A90FE4816
:105C90000E9000200F9031A8119021A812904FF083
:105CA000000B33E2E86A30F91B000C90BDF86E017E
:105CB000401C00B2ADF86A01BDF86A110C980844A6
:105CC000401E00B2ADF86E01BDF96A01BDF97E114A
:105CD000884200DD1EE21F9858B1218B5298081AA5
:105CE000401E2099411A5698081A00B2ADF8680172
:105CF0000AE0A18A53980844401E2099411A5698F8
:105D0000084400B2ADF86C010026F7E100200B90CA
:105D1000A86A50F8270020B1A86A50F82700007838
:105D20000B901F9880B1BDF86801401E00B2ADF81D
:105D30006C01286B30F81600BDF86C11081A401C75
:105D400000B2ADF868010FE0BDF86C01401C00B274
:105D5000ADF86801286B30F81600BDF868110844EA
:105D6000401E00B2ADF86C014FF0000800BF34E0F7
:105D700007EB0801A86A50F8210048B307EB0802B6
:105D8000A96A51F8220008B101780B910B9901F032
:105D90000101D9B11F9961B106EB0801491C2A6BB9
:105DA00032F81110BDF86821511A09B2ADF8681126
:105DB0000DE006EB0801491C2A6B32F81110BDF802
:105DC0006C21114409B2ADF86C1100E00BE000E069
:105DD00009E008F101001FFA80F808EB0601A88C21
:105DE000401E8142C4DB00BFBDF96E01BDF97A11CE
:105DF000884207DA08F10100384487B206EB080050
:105E000086B279E100BFBDF86801ADF82400BDF8A5
:105E10006A01ADF82600BDF86C01ADF82800BDF8A8
:105E20006E01ADF82A0000BF9DF81F01400800F088
:105E3000040090B1BDF92410B4F914205398104413
:105E400081420ADDBDF91C0100EBD071BDF82420B0
:105E5000A2EB610109B2ADF824109DF81F014008C2
:105E600000F0020090B1BDF92610B4F91620559843
:105E7000104481420ADDBDF91C0100EBD071BDF870
:105E80002620A2EB610109B2ADF826109DF81F0192
:105E9000400800F00800B8B1BDF92810B4F9182086
:105EA0005298101A401E81420EDABDF91C0100EB17
:105EB000D07182B202F0010202EB6101BDF828202C
:105EC000114409B2ADF828109DF81F01C0F340003D
:105ED000B8B1BDF92A10B4F91A205498101A401E0E
:105EE00081420EDABDF91C0100EBD07182B202F0E2
:105EF000010202EB6101BDF82A20114409B2ADF89C
:105F00002A104FF0000AE88E584523D1A88EB042DF
:105F100020D194F8200000F0400030B994F820001F
:105F200000F0200008B14AF0200A94F8200000F0A8
:105F3000020008B14AF0020A94F8200000F00400C0
:105F400008B14AF0040A94F8200000F0080008B1F3
:105F50004AF0080ABAF1000F0AD138223FA931A845
:105F600013F0DDFF202229A921A813F0D8FF1EE09D
:105F7000A4F820A0608C20F00400001D608431A8EB
:105F80000DF0DCFF21A80CF0CDFF31AA4FF4A021C9
:105F9000204618F083F821AA4FF4A021204617F0DC
:105FA000A2FF4D982084608C20F00400608409A832
:105FB0001090A88C0BFB00601B900DAA1A212046A4
:105FC0000FF084FE09AA31A948460DF09BFFA86A8C
:105FD00050F8270000287DD0BDF86811519808447A
:105FE00000B2ADF86001BDF86C115098081A00B20B
:105FF000ADF86401BDF86A114F98084400B2ADF8DD
:106000006201BDF86E114E98081A00B2ADF8660133
:106010000B98C0F340000890089810B102205790E8
:1060200001E00020579000BFBDF86401BDF8601189
:10603000401A401C00B20490BDF99620049957986C
:10604000CDE900210290A86A50F82700411CBDF953
:1060500098305CA8299A1EF0D9F8089818BB0C99BA
:1060600001EBD172BDF86A3103EB6202BDF9720136
:1060700000EBD073A2EB630212B2ADF862210C996F
:1060800001EBD17202E00000ACC10408BDF86A3136
:1060900003EB6202BDF9720100EBD07302EB630205
:1060A00012B2ADF866215AAA5EA906A8F6F74AFA16
:1060B0000590059890B106A8C9F808000020009046
:1060C000A86A50F82700431C58AA21A948460CF09A
:1060D00075FB00E003E05EA8C9F8080000BF0DAA48
:1060E0001B2120460FF0F2FD08F10100384487B271
:1060F00006EB080086B200BF701C86B2A88CB042C6
:106100003FF704AE0BF101001FFA80FBE88C584505
:106110003FF7C8AD00BF5D98C9F8080000BF31E582
:106120002DE9F04FA3B00746894616462297304620
:1061300009F004F9054600EBD5704FEA6008308895
:10614000404400B2ADF884007088404400B2ADF81D
:1061500086001EA80CF032FF1EAA4FF4A02138467C
:1061600017F028FF18A80CF00CFB18AA4FF4A02178
:10617000384617F059FE0021384616F0EAFF17900E
:10618000494605A815F044FC7048069021A80E90D9
:1061900022983030F7F7B8FD0446D1E02568169410
:1061A000207901285CD1B5F92000E98B08440090E2
:1061B000B5F92030D5E90512E06813F045FD8246B7
:1061C000A88B00EB0801608A08440FFA80FB0FFAE5
:1061D0008AF01DF02DFF10FB0BF047F6FF7190FBCE
:1061E000F1F0BDF88610084400B2ADF812000FFAC5
:1061F0008AF01DF015FF10FB0BF047F6FF7190FBC6
:10620000F1F0BDF88410084400B2ADF81000A08A87
:10621000ADF87800208A00B2ADF87A006079FD28E8
:1062200001DD179803E060791799484300128DF853
:106230008000012013901EA80B9004A80F9005AABF
:106240001A2138460FF042FD04AB21AA1EA9484688
:106250000CF09DFE05AA1B2138460FF037FD68E0C3
:106260002079002865D1206900B963E0B5F92000E4
:10627000E98B08440090B5F92030D5E90512E068B3
:1062800013F0E2FC824604A9206911F0EFF9BDF891
:106290008410A08A081A00B2ADF80800BDF8861074
:1062A000E08A081A00B2ADF80A00BDF808000499A7
:1062B000C1F38A210844401E00B2ADF80C00BDF8BD
:1062C0000A00049900EB5150401E00B2ADF80E00D8
:1062D0006079FD2801DD179803E06079179948433C
:1062E00000128DF86B00A08AADF86400E18A18A84E
:1062F000C1800AEB8A004FEA400ABAF5616F01DDFE
:10630000AAF5616A1FFA8AF0ADF8600018A80C902F
:1063100005AA1A2138460FF0D9FC02AA18A9484646
:1063200023690CF0DFF905AA1B2138460FF0CEFCDB
:1063300000BF00BF214622983030F7F7DFFC04464B
:10634000002C7FF42BAF23B0BDE8F08F94870408B6
:106350002DE9F74F8AB00C46904694F82A0002289F
:1063600002DC0DB0BDE8F08FE08C00B9F9E794F8DD
:106370002A90B9F1FD0F01DD4FF0FF09414608A851
:1063800008F0D8FE208D401E05B2BDF82000401B4D
:1063900000B2ADF82000BDF82200401B00B2ADF8FD
:1063A0002200BDF82400284400B2ADF82400BDF856
:1063B0002600284400B2ADF8260008A906A808F077
:1063C000B9FEBDF81800E18C401A00B2ADF8180013
:1063D000BDF81C00E18C084400B2ADF81C00BDF80B
:1063E0001A00E18C401A00B2ADF81A00BDF81E0088
:1063F000E18C084400B2ADF81E0008A808F090FF38
:10640000824608A808F0FDFE0746B4F90060BA45C8
:1064100001DA504600E038468346B6EB6B0F01DDEB
:106420004FEA6B06E08C304400B20590A07894F8F7
:106430002A10CDE90210A08CADF8040030B2009013
:1064400008AA06A9059B0A98FBF754FC00BF88E739
:10645000F8B5054628460FF033FC064628460FF0EF
:106460002CFC0446606BB0F5A02F54D1A06B07281C
:1064700006D200202169C870216981F8220014E049
:10648000208F81B22022304609F028FE68B100201A
:106490002169C870216981F82200122019F042FD9B
:1064A0000090BDF8001060698181208F81B24FF4A7
:1064B0000042304609F012FE98B166202169C8708A
:1064C00030461DF06BFA0090BDF800102069818005
:1064D000304609F0FDFDA16B884202D1B22021694E
:1064E000C870208F81B24FF48042304609F0F6FD2B
:1064F00088B1FF20216981F8220030461DF04EFA54
:106500000090BDF800102069C1832069008C401CF8
:1065100000B221690884F8BD2DE9F04F8BB08146A7
:1065200048460FF0CDFB05462C4648460FF06FFB62
:106530008346606A12F088FB82469AF800000028C1
:106540003ED1A06A00283BD0A06A0078C0B303A85F
:106550000CF0E8FC03AA4FF40021284617F0C3FC16
:1065600094F85C00C0F3C00028B19DF8290040F009
:1065700002008DF829000021284616F097FF0746F3
:106580000021284617F00BF980460021284616F016
:1065900025FD064605F1140101A808F0F8FD08EBF9
:1065A000060002B2B81901B201A808F002FF0020EB
:1065B000009001AA03A95846A36A0CF0FFF800BF97
:1065C0000BB0BDE8F08F7CB50446A0698568608992
:1065D000002856D1A089002853D1E088218988421B
:1065E0004FDAE18808B21DF023FDB4F90410B4F9C4
:1065F0000E20891A48432168498801EBE03000B237
:10660000ADF80200E1885A3108B21DF011FDA188F1
:1066100010FB01F02168098801EBE03000B2ADF811
:106620000400218908B21DF003FDA18810FB01F0D0
:106630002168498801EBE03000B2ADF806002189FD
:106640005A3108B21DF0F4FCB4F90410B4F90E206C
:10665000891A48432168098801EBE03000B2ADF89F
:1066600000002A4669466846F5F76CFF06463EB1CB
:10667000A169C1F808D06A462169A0690DF042FC01
:10668000C2E0608910B1A08900287BD16089D0BBAD
:1066900020680088ADF8000020684088A188084480
:1066A00000B2ADF80600E18808B21DF0C1FCB4F9F3
:1066B0000410B4F90E20891A48432168498801EB77
:1066C000E03000B2ADF80200E1885A3108B21DF0A6
:1066D000AFFCA18810FB01F02168098801EBE030D4
:1066E00000B2ADF804002A4669466846F5F72AFF6D
:1066F00006463EB1A169C1F808D06A462169A06981
:106700000DF000FC00BFA08900287DD12068008822
:10671000A188084400B2ADF8040020684088ADF8B4
:106720000200218908B21DF083FCA18810FB01F052
:106730002168498801EBE03000B2ADF806002189FC
:106740005A3108B21DF074FCB4F90410B4F90E20EB
:10675000891A48432168098801EBE03000B2ADF89E
:1067600000002A4669466846F5F7ECFE06463EB14B
:10677000A169C1F808D06A462169A0690DF0C2FB81
:1067800042E0FFE76089A189884205D1608918B19C
:106790002089E188884211DB6089022802D1A08922
:1067A00001280BD06089032802D1A089022805D0D6
:1067B0006089032828D1A089012825D12068008874
:1067C000ADF8000020684088ADF80200206800881D
:1067D000A188084400B2ADF8040020684088A18870
:1067E000084400B2ADF806002A4669466846F5F747
:1067F000A9FE06463EB1A169C1F808D06A462169E2
:10680000A0690DF07FFB00BFA06985607CBD7CB5F1
:106810000446A06985686089012856D1A0890128AD
:1068200053D1E088218988424FDAE18808B21DF00F
:10683000FFFBA18810FB01F02168498801EBE030E3
:1068400000B2ADF80600E1885A3108B21DF0F0FB45
:10685000B4F90410B4F90E20891A48432168098854
:1068600001EBE03000B2ADF80400218908B21DF060
:10687000DFFBB4F90410B4F90E20891A48432168EB
:10688000498801EBE03000B2ADF8020021895A31AD
:1068900008B21DF0CDFBA18810FB01F0216809882A
:1068A00001EBE03000B2ADF800002A4669466846C8
:1068B000F5F748FE06463EB1A169C1F808D06A4620
:1068C0002169A0690DF01EFBC7E06089012802D094
:1068D000A08901287ED1608901283AD120680088EA
:1068E000A188401A00B2ADF8000020684088ADF8D9
:1068F0000200E18808B21DF09BFBA18810FB01F0AB
:106900002168498801EBE03000B2ADF80600E1886B
:106910005A3108B21DF08CFBB4F90410B4F90E2002
:10692000891A48432168098801EBE03000B2ADF8CC
:1069300004002A4669466846F5F704FE06463EB15D
:10694000A169C1F808D06A462169A0690DF0DAFA98
:1069500000BFA0890128B7D120680088401E00B27E
:10696000ADF8040020684088A188084400B2ADF862
:106970000600218908B21DF05BFBB4F90410B4F9DC
:106980000E20891A48432168498801EBE03000B2A3
:10699000ADF8020021895A3108B21DF049FBA188E7
:1069A00010FB01F02168098801EBE03000B2ADF87E
:1069B00000002A4669466846F5F7C4FD06463EB122
:1069C000A169C1F808D06A462169A0690DF09AFA58
:1069D00043E0FFE76089A189884206D160890128E8
:1069E00003D02089E18888420FDB608910B9A08933
:1069F00002280AD0608910B9A089032805D06089CF
:106A000003282AD1A089022827D120680088A188DC
:106A1000401A00B2ADF8000020684088ADF80200CE
:106A200020680088401E00B2ADF80400206840884D
:106A3000A188084400B2ADF806002A4669466846B7
:106A4000F5F780FD06463EB1A169C1F808D06A4657
:106A50002169A0690DF056FA00BFA06985607CBD70
:106A60007CB50446A06985686089022856D1A08952
:106A7000022853D1E088218988424FDAE1885A31CF
:106A800008B21DF0D5FAA18810FB01F02168098831
:106A900001EBE03000B2ADF80000E18808B21DF073
:106AA000C7FAB4F90410B4F90E20891A48432168D2
:106AB000498801EBE03000B2ADF80600218908B248
:106AC0001DF0B6FAA18810FB01F02168498801EB9E
:106AD000E03000B2ADF8020021895A3108B21DF051
:106AE000A7FAB4F90410B4F90E20891A48432168B2
:106AF000098801EBE03000B2ADF804002A4669468F
:106B00006846F5F71FFD06463EB1A169C1F808D0F9
:106B10006A462169A0690DF0F5F9CCE06089022888
:106B200002D0A08902287DD1608902283CD120684A
:106B30000088401E00B2ADF8040020684088A1889B
:106B4000401A00B2ADF80200E1885A3108B21DF0D7
:106B50006FFAA18810FB01F02168098801EBE03091
:106B600000B2ADF80000E18808B21DF061FAB4F996
:106B70000410B4F90E20891A48432168498801EBB2
:106B8000E03000B2ADF806002A4669466846F5F7DF
:106B9000D9FC06463EB1A169C1F808D06A46216910
:106BA000A0690DF0AFF900BFA0890228B5D1206817
:106BB0000088A188401A00B2ADF800002068408823
:106BC000401E00B2ADF8060021895A3108B21DF00E
:106BD0002FFAB4F90410B4F90E20891A4843216839
:106BE000098801EBE03000B2ADF80400218908B259
:106BF0001DF01EFAA18810FB01F02168498801EB05
:106C0000E03000B2ADF802002A4669466846F5F762
:106C100099FC06464EB1A169C1F808D06A462169BF
:106C2000A06900E002E00DF06DF944E06089A189FF
:106C3000884206D16089022803D02089E1888842F1
:106C40000FDB608910B9A08903280AD06089012868
:106C500002D1A089032804D0608901282BD1A08902
:106C600048BB20680088A188401A00B2ADF8000037
:106C700020684088A188401A00B2ADF80200206860
:106C80000088401E00B2ADF8040020684088401E15
:106C900000B2ADF806002A4669466846F5F752FC90
:106CA00006463EB1A169C1F808D06A462169A069CB
:106CB0000DF028F900BFA06985607CBD7CB5044655
:106CC000A06985686089032856D1A089032853D11B
:106CD000E088218988424FDAE1885A3108B21DF0F4
:106CE000A7F9B4F90410B4F90E20891A48432168B1
:106CF000098801EBE03000B2ADF80000E18808B28D
:106D00001DF096F9A18810FB01F02168498801EB7C
:106D1000E03000B2ADF8020021895A3108B21DF00E
:106D200087F9A18810FB01F02168098801EBE030A8
:106D300000B2ADF80400218908B21DF079F9B4F968
:106D40000410B4F90E20891A48432168498801EBE0
:106D5000E03000B2ADF806002A4669466846F5F70D
:106D6000F1FB06463EB1A169C1F808D06A46216927
:106D7000A0690DF0C7F8C7E06089032802D0A08998
:106D800003287ED1608903283CD120680088A1882F
:106D9000084400B2ADF8040020684088401E00B2EC
:106DA000ADF80600E1885A3108B21DF041F9B4F996
:106DB0000410B4F90E20891A48432168098801EBB0
:106DC000E03000B2ADF80000E18808B21DF030F903
:106DD000A18810FB01F02168498801EBE03000B286
:106DE000ADF802002A4669466846F5F7ABFB064651
:106DF0003EB1A169C1F808D06A462169A0690DF0C9
:106E000081F800BFA08903287ED120680088ADF8F2
:106E1000000020684088A188401A00B2ADF8020046
:106E200021895A3108B21DF003F9A18810FB01F045
:106E30002168098801EBE03000B2ADF80400218937
:106E400008B21DF0F5F8B4F90410B4F90E20891A4F
:106E500048432168498801EBE03000B2ADF80600F4
:106E60002A4669466846F5F76DFB06463EB1A169BC
:106E7000C1F808D06A462169A0690DF043F843E0E3
:106E8000FFE76089A189884206D16089032803D081
:106E90002089E18888420FDB6089022801D1A0891E
:106EA00050B16089012801D1A08928B160890228E8
:106EB0002AD1A089012827D120680088ADF80000D8
:106EC00020684088A188401A00B2ADF8020020680E
:106ED0000088A188084400B2ADF80400206840880A
:106EE000401E00B2ADF806002A4669466846F5F72E
:106EF00029FB06463EB1A169C1F808D06A4621695E
:106F0000A0690CF0FFFF00BFA06985607CBD000098
:106F100070B5A4B006460D4620AA22A9304615F049
:106F2000E5FA22A808F0A5F928B920A808F0A1F9E7
:106F300008B924B070BD12A9304620F02FF90446DC
:106F4000012C00D0F5E72946684614F061FD1B4886
:106F500001900220029012A804904FF480300D900E
:106F600022A808F086F980B122A803906A461A2167
:106F700030460EF0ABFE22AA12A928460CF0C2FF42
:106F80006A461B2130460EF0A1FE20A808F071F9D8
:106F900090B120A803906A461A2130460EF096FE62
:106FA00020A8039020AA12A928460CF0ABFF6A463D
:106FB0001B2130460EF08AFE00BFBAE78480040829
:106FC0002DE9F04FB1B005460F4605F114012FA889
:106FD000BA68F5F7B7FA10B931B0BDE8F08FB86804
:106FE0002E902FA8B8602C460021284616F0E9F90B
:106FF0002B900021284616F050FB2A90284614F0CA
:10700000F2FFB4F88410484300120FFA80FA2846C1
:1070100014F0CAFFB4F88610484300120FFA80FB40
:1070200004F12400F6F751FE28900021284616F0BE
:107030007AF9823461884843001227902188491EDA
:10704000279801FB10A0218890FBF1F000B2269058
:1070500028992698B0FBF1F000B225904FF4A021BA
:10706000284616F060F96188823C4843001224905B
:10707000284615F023F901462B98401A00B22390B8
:10708000284615F015FA01462A98401A00B22290B7
:1070900014A80CF053FF14AA4FF4A021284616F0B0
:1070A000FDFF14A8C07B20F0070114A8C173FF20C6
:1070B0008DF85300688BBDF85010084400B2ADF84D
:1070C000B600394602A814F0A3FC4FF4A0200F909C
:1070D0005D480390042004904FF00008AAE0279830
:1070E000504400FB08F0B4F8821090FBF1F0A98A3C
:1070F00001442398084400B20190CDF8408004F187
:107100002400F6F701FE06468CE0307B00F001001B
:1071100000B181E094F88800C0F3C00008B970891C
:1071200000E0002000B200900198ADF8B000BDF87A
:10713000B010259801442498081A401E00B2ADF8FA
:10714000B40025990198084400B20190BDF9B4003B
:10715000BDF9BC10884200DA5EE0BDF9B000BDF9AF
:10716000C010884200DD60E03089ADF8540000981E
:107170004044B4F8821090FBF1F201FB12000FFAC8
:1071800080F9706830F91910307BC0F3001204F1F7
:107190006C0030F91200081A00FB0BF02990307BCC
:1071A000C0F3001104F1700030F91110307BC0F30E
:1071B000001204F16C0030F91200091A299890FBB2
:1071C000F1F029902998ABEB0001E88A014422985C
:1071D000084400B2ADF8B200706830F9190047F603
:1071E000FF71884217D02CA8059014A8069013961A
:1071F000706830F91900129002AA1A2128460EF080
:1072000065FD2CAA14A938460CF07CFE02AA1B21AD
:1072100028460EF05BFD00BF314604F12400F6F76E
:107220006DFD0646002E7FF470AF00BF08F101002F
:107230001FFA80F8B4F8820040453FF750AF2E980F
:10724000B86000BFC8E600005C8204082DE9F34F77
:10725000B9B083463A980BF11401826837A8F5F764
:1072600071F910B93BB0BDE8F08F3A98806836905C
:1072700037A93A9881605D46B5F88200022800DAA5
:10728000F0E70021584615F082FE33900021584661
:1072900016F097F801463398084400B23290002166
:1072A000584616F0FAF901463398084400B2319076
:1072B000584614F098FEB5F884104843001200B206
:1072C0003090584614F070FEB5F88610484300120E
:1072D00000B22F90584614F0F1FF0146BBF814207D
:1072E00032981044401A00B22E90584615F0E0F83B
:1072F0000146BBF8162031981044401A00B22D9078
:107300003A980BF1140182682BA8F5F71BF92A9023
:107310002A9800B9A6E727A80BF050FE27AA4FF439
:10732000A021584616F046FE19A80CF007FE19AA2F
:107330004FF40031584616F0B1FE4FF40031584674
:1073400016F02DFC064600EBD67047104FF40031C6
:10735000584615F096FE064600EBD6704FEA600AD6
:10736000BDF99E00574501DA394600E0514600EB71
:10737000D072B1EB620F06DD9DF8A50020F0100081
:1073800010308DF8A500BDF89E00012806D19DF8AB
:10739000A50020F0100010308DF8A500B5F882107F
:1073A0003098814201DB012000E00020189005F1B7
:1073B0002400F6F7A9FC0446D4E1207B00F001008C
:1073C00000B1C9E12089ADF89C002089ADF86800C2
:1073D00095F88800C0F3C00008B9608900E000207B
:1073E00006B217962E98ADF8D4002E98ADF8D000BE
:1073F000179E179EB046606830F91810207BC0F3C6
:10740000001205F16C0030F91200081A2F99484358
:107410001690207BC0F3001105F1700030F91110B7
:10742000207BC0F3001205F16C0030F91200091A3C
:10743000169890FBF1F0169016992F98411A2D98F6
:10744000084400B2ADF8D20004A83A9914F0E0FA6A
:10745000C8480590032006904FF4A020119027A85B
:107460000A9019A808901594BDF9D2000390BDF9AF
:10747000D20002904FF0000923E1BDF8D000ADF832
:10748000D400BDF8D200ADF8D600BDF9D4103698BE
:10749000B0F904003844401C814200DD16E1309808
:1074A00000FB09F0B5F88210491E90FBF1F12E980F
:1074B000084400B2ADF8D00017984844B5F88210DF
:1074C00090FBF1F201FB120006B2606830F9161071
:1074D000207BC0F3001205F16C0030F91200081A8D
:1074E0002F9948431690207BC0F3001105F17000DE
:1074F00030F91110207BC0F3001205F16C0030F957
:107500001200091A169890FBF1F0169016992F9810
:10751000411A2D98084400B2ADF8D200BDF9D01040
:107520003698B0F90000C01B401E814201DAB04617
:10753000C3E0B9F1000F58D01898E8B3606830F98B
:10754000180047F6FF718842F5D0606830F91600E0
:107550008842F0D0BDF9D2100298814201DA029837
:1075600001E0BDF9D2000290BDF9D210039881422A
:1075700001DD039801E0BDF9D2000390BDF9D4000C
:10758000BDF9D010884230D0BDF9D2000190BDF8CD
:10759000D000401E00B2ADF8D000BDF8D000ADF86C
:1075A000D4000398ADF8D6000298ADF8D200BDF92A
:1075B000D600BDF9D21000E018E0884205D1BDF830
:1075C000D200401C00B2ADF8D20034AB35AA27A9D6
:1075D0003A980BF0DCFCBDF8D000401C00B2ADF8CE
:1075E000D000019803900198029064E0BDF8D400A7
:1075F000C01B00B2ADF80000BDF8D400384400B2A2
:10760000ADF80400BDF8D600A0EB0A0000B2ADF85A
:107610000200BDF8D600504400B2ADF80600A9F152
:1076200001001290606830F9180047F6FF71884237
:1076300001D035A800E000200D90606830F91600F8
:1076400047F6FF71884201D034A800E000200E9078
:10765000CDF81CD0606830F91800149004AA1A21E3
:1076600058460EF033FB606830F9180047F6FF719A
:1076700088420AD0606830F91600884205D034ABE1
:1076800035AA27A93A980BF082FC77B1BAF1000F1E
:107690000BD0606830F9180047F6FF71884204D0BB
:1076A0006A4619A93A980CF02DFC04AA1B215846E9
:1076B0000EF00CFB00BFB04600BF09F101001FFA3D
:1076C00080F9B5F8820048453FF7D7AE00BF18985B
:1076D000E8BBB5F8820048453DD1606830F9160036
:1076E00047F6FF71884236D0BDF8D000C01B00B20B
:1076F000ADF80000BDF8D000384400B2ADF8040089
:10770000BDF8D200A0EB0A0000B2ADF80200BDF84F
:10771000D200504400B2ADF80600A9F10100129069
:1077200000200D900E90CDF81CD0606830F9160046
:10773000149004AA1A2158460EF0C8FA6A4619A9EC
:107740003A980CF0DFFB04AA1B21584600E002E047
:107750000EF0BCFA00BF00BF214605F12400F6F789
:10776000CDFA0446002C7FF428AE3A99369888600A
:1077700000BF77E55C8204082DE9F34FB3B0814682
:10778000349809F11401826831A8F4F7DBFE10B9CE
:1077900035B0BDE8F08F34988068309031A93498C6
:1077A00081604D460021484615F0F1FB2D900021E7
:1077B000484615F006FE2C900021484615F06DFF56
:1077C0002B90484614F00FFCB5F884104843001283
:1077D00000B22A90484614F0E7FBB5F886104843FB
:1077E000001200B22990484614F068FD0146B9F82D
:1077F00014202C9802442D981044401A00B228906E
:10780000484614F055FE0146B9F816202B9802445C
:107810002D981044401A00B2279024A80BF0CEFBFC
:1078200024AA4FF4A021484616F0C4FB16A80CF079
:1078300085FB16AA4FF40031484616F02FFC4FF492
:107840000031484616F0ABF9064600EBD6704710FB
:107850004FF40031484615F014FC064600EBD67094
:107860004FEA6008BDF99200474501DA394600E069
:10787000414600EBD072B1EB620F06DD9DF8990036
:1078800020F0100010308DF89900BDF8920001280A
:1078900006D19DF8990020F0100010308DF8990065
:1078A00005F12400F6F730FA044698E1207B00F059
:1078B000010000B18DE12089ADF890002089ADF87C
:1078C0005C0095F88800C0F3C00008B9608900E04A
:1078D000002006B215962898ADF8BC002898ADF89F
:1078E000B800159E159EB346606830F816000A2849
:1078F00047D02A980090236833F91600237BC3F3FE
:10790000C00C05F1780333F91C20237BC3F3C00CB2
:1079100005F1740333F91C10002312F095F900B23D
:10792000ADF8B800BDF8B8102898084400B2ADF81A
:10793000B80029980090636833F91600237BC3F3DD
:10794000001C05F1700333F91C20237BC3F3001CDA
:1079500005F16C0333F91C10002312F075F900B225
:10796000ADF8BA00BDF8BA102998401A00B2ADF8C7
:10797000BA00BDF8BA102798084400B2ADF8BA00B2
:1079800005E04EF20100ADF8B800ADF8BA0003A86A
:10799000349914F03DF84FF4A020109094480490CE
:1079A0000320059024A8099016A8079014944FF07E
:1079B000000AC8E0BDF8B800ADF8BC00BDF8BA00D8
:1079C000ADF8BE0015985044B5F8821090FBF1F266
:1079D00001FB120006B2606830F9160047F6FF712D
:1079E000884247D029980090636833F91600237BBA
:1079F000C3F3001C05F1700333F91C20237BC3F390
:107A0000001C05F16C0333F91C10002312F01CF963
:107A100000B2ADF8BA00BDF8BA102998401A00B209
:107A2000ADF8BA00BDF8BA102798084400B2ADF816
:107A3000BA002A980090236833F91600237BC3F319
:107A4000C00C05F1780333F91C20237BC3F3C00C71
:107A500005F1740333F91C10002312F0F5F800B29D
:107A6000ADF8B800BDF8B8102898084400B2ADF8D9
:107A7000B80001E0B34662E0BAF1000F5DD0BDF896
:107A8000BC00C01B00B2ADF80400BDF8BC00384417
:107A900000B2ADF80800BDF8BE00A0EB080000B2CF
:107AA000ADF80600BDF8BE00404400B2ADF80A00D3
:107AB000AAF101001190606830F91B0047F6FF71D0
:107AC000884201D02FA800E000200C90606830F9B7
:107AD000160047F6FF71884201D02EA800E0002072
:107AE0000D9001A80690606830F91B00139003AA5E
:107AF0001A2148460EF0EAF8606830F91B0047F694
:107B0000FF71884213D0606830F9160088420ED0A9
:107B10002EAB2FAA24A934980BF039FA3FB1B8F153
:107B2000000F04D001AA16A934980CF0EBF903AAAF
:107B30001B2148460EF0CAF800BFB34600BF0AF149
:107B400001001FFA80FAB5F8820050453FF732AFC6
:107B5000B5F8820050453BD1606830F9160047F611
:107B6000FF71884234D0BDF8B800C01B00B2ADF838
:107B70000400BDF8B800384400B2ADF80800BDF804
:107B8000BA00A0EB080000B2ADF80600BDF8BA00DC
:107B9000404400B2ADF80A00AAF1010011900020A3
:107BA0000C900D9001A80690606830F916001390B3
:107BB00003AA1A2148460EF089F801AA16A934989A
:107BC0000CF0A0F903AA1B2148460EF07FF800BF75
:107BD00000BF214605F12400F6F790F80446002C7A
:107BE0007FF464AE34993098886000BFD0E500001F
:107BF0005C8204082DE9F74FA2B00F46F88D10B94A
:107C000025B0BDE8F08F97F83600022800DCF7E7D2
:107C1000F88D012808D1B7F93400002804DC388E2B
:107C200010B9788E00B9EBE724980088398E0844A3
:107C3000B98E401A00B2ADF8800024988088398E41
:107C40000844B98E084400B2ADF8840024984088F6
:107C5000798E0844B98E401A00B2ADF8820024989B
:107C6000C088798E0844B98E084400B2ADF8860009
:107C7000B7F92E0000EBD071BDF88020A2EB6101B6
:107C8000491E09B2ADF87810B7F92E0000EBD0719B
:107C9000BDF8842002EB6101491C09B2ADF87C10EB
:107CA000B7F92E0000EBD071BDF88220A2EB610184
:107CB000491E09B2ADF87A10B7F92E0000EBD07169
:107CC000BDF8862002EB6101491C09B2ADF87E10B7
:107CD00097F836001D901D98FD2801DDFF201D90AE
:107CE00022981EA982681BA8F4F72CFC00B987E72C
:107CF00019A8249907F01EFA4FF0FF32114619A86F
:107D000007F046FBB7F9008019A807F009FB834686
:107D100019A807F076FA834503DA19A807F000FBE3
:107D200002E019A807F06DFA18901898B8EB600FE8
:107D300002DD18984FEA6008B7F90000179020A8F4
:107D400007F0EEFA834620A807F05BFA834503DAD2
:107D500020A807F0E5FA02E020A807F052FA1890F0
:107D6000DDE91701B0EB610F02DD189840101790A4
:107D7000B7F92E1017980C1804FB04F1480011F005
:107D8000B1FF8246B7F92E20179803B2514620A8BA
:107D90001FF0E2FB1EA80BF043FC16904FF0010908
:107DA000169820B9F878FF2801DBB87808B14FF0B1
:107DB00000094FF0FF300F90B9F1000F0BD10123F4
:107DC0000FFA88F219A910A80BF0A2FF002110A841
:107DD0000BF020F90F901EA807F0A2FA834611F0CD
:107DE00081FF0E901C2102A812F027FA0CA8029025
:107DF00007900E980590B88DADF8100097F83600F2
:107E00008DF82000B8788DF821001EA807F088FAB8
:107E1000834600EBDB70BDF8781001EB600000B228
:107E200001901EA807F0EDF9834600EBDB70BDF86A
:107E30007A1001EB600000B20090BDF87C00ADF854
:107E40003400BDF87C00001B401C00B2ADF83000CF
:107E5000BDF87A00ADF83200BDF87A002044401E2B
:107E600000B2ADF83600BDF930100198814202DD54
:107E7000BDF9300000E00198ADF83000BDF93610D2
:107E80000098814202DABDF9360000E00098ADF8B2
:107E9000360022980CA982680AA8F4F753FB002840
:107EA00066D00FFA88F219A90AA8F4F78CFB00280B
:107EB0005ED10AA807F034FA83465646BDF92A0077
:107EC000BDF97A10401A00FB0466BDF92810BDF90F
:107ED0007C00001B401C081A0644B9F1000F09D0B1
:107EE0000FFA88F219A90AA8F4F7E8FB10B10120EB
:107EF000099001E0CDF82490BBF1000F37DD0E981A
:107F00000590BDF82800ADF83000BDF82C00ADF8A4
:107F1000340002208DF81800BDF92A5023E0ADF896
:107F20003250ADF836500998A8B9224631460E981D
:107F300011F0F5FFBDF928105B462A460E980BF0AC
:107F40001FFB8DF818009DF81800012804D10220AD
:107F50008DF8180000E0059602A922980CF032FB7B
:107F60002644681C05B2BDF92E00A842D7DA00BF2E
:107F7000BDF87C00ADF83400BDF87C00001B401C4F
:107F800000B2ADF83000BDF87E00001B401C00B20E
:107F9000ADF83200BDF87E00ADF83600BDF9301006
:107FA0000198814202DDBDF9300000E00198ADF892
:107FB0003000BDF932100098401C814202DDBDF94D
:107FC000320001E00098401C00B2ADF83200229867
:107FD0000CA982680AA8F4F7B5FA002866D00FFA4F
:107FE00088F219A90AA8F4F7EEFAA8BB0AA807F0C4
:107FF00097F983465646BDF93600BDF92E10401A52
:1080000000FB0466BDF92810BDF97C00001B401C74
:10801000081A0644B9F1000F09D00FFA88F219A91D
:108020000AA8F4F74BFB10B10120099001E0CDF84C
:108030002490BBF1000F38DD0E980590BDF82800A4
:10804000ADF83000BDF82C00ADF8340002208DF8FA
:108050001800BDF92E5024E028E0ADF83250ADF8FC
:1080600036500998A8B9224631460E9811F057FFAC
:10807000BDF928105B462A460E980BF081FA8DF860
:1080800018009DF81800012804D102208DF818006E
:1080900000E0059602A922980CF094FA2644681E86
:1080A00005B2BDF92A00A842D7DD00BFBDF87800AF
:1080B000204400B2ADF83000BDF87C00001B00B2D7
:1080C000ADF83400BDF87A00ADF83200BDF87A00A2
:1080D0002044401E00B2ADF83600BDF936100098BD
:1080E000814202DABDF9360000E00098ADF83600B2
:1080F00022980CA982680AA8F4F724FA002870D004
:108100000FFA88F219A90AA8F4F75DFA002868D1D5
:108110000AA807F005F983465646BDF92A00BDF9BD
:108120003210401A00FB0466B9F1000F09D00FFAB3
:1081300088F219A90AA8F4F7C1FA10B10120099030
:1081400001E0CDF82490BBF1000F49DD099810B98A
:108150000E98059001E000200590BDF82800ADF8CC
:108160003000BDF82C00ADF83400BDF92A5033E0E2
:10817000ADF83250ADF836500998C8B931785A4642
:108180000E9812F020F8BDF928105B462A460E988A
:108190000BF0F6F98DF818009DF81800012802D1AF
:1081A00002208DF8180002A922980CF00BFA10E0BA
:1081B0001D98FF2801D1307805E0307897F8361007
:1081C00010FB01F000128DF8200002A922980CF09B
:1081D000F9F92644681C05B2BDF92E00A842C7DA99
:1081E00000BF97F836008DF82000BDF878002044D5
:1081F00000B2ADF83000BDF87C00001B00B2ADF855
:108200003400BDF87E00001B401C00B2ADF8320007
:10821000BDF87E00ADF83600BDF932100098401C64
:10822000814202DDBDF9320001E00098401C00B23D
:10823000ADF8320022980CA982680AA8F4F782F9F6
:1082400000287DD00FFA88F219A90AA8F4F7BBF923
:1082500000287AD10AA807F063F883465646BDF98C
:108260003600BDF92E10401A00FB0466BBF1000F6A
:108270006ADDB9F1000F09D00FFA88F219A90AA82E
:10828000F4F71CFA10B10120099001E0CDF8249018
:10829000099810B90E98059001E000200590BDF8EE
:1082A0002800ADF83000BDF82C00ADF83400BDF961
:1082B0002E5042E0ADF83250ADF83650B9F1000F13
:1082C00009D00FFA88F219A90AA8F4F7F7F910B142
:1082D0000120099001E0CDF824900998C8B93178BF
:1082E0005A460E9811F06FFFBDF928105B462A46DA
:1082F0000E980BF045F98DF818009DF8180001282C
:1083000002D102208DF8180002A922980CF05AF927
:1083100010E01D98FF2801D1307805E0307897F8FB
:10832000361010FB01F000128DF8200002A92298EF
:108330000CF048F92644681E05B2BDF92A0001E098
:1083400003E001E0A842B5DD00BF97F836008DF8E4
:108350002000BDF87C00001B401C00B2ADF83000CE
:10836000BDF87C00ADF83400BDF87A00204400B2BE
:10837000ADF83200BDF87E00001B00B2ADF836004B
:10838000BDF932100098401C814202DABDF932007A
:1083900001E00098401C00B2ADF83200BDF9361083
:1083A0000098814202DDBDF9360000E00098ADF88A
:1083B0003600BDF930100198814202DDBDF9300070
:1083C00000E00198ADF8300022980CA982680AA854
:1083D000F4F7B8F8E0B30FFA88F219A90AA8F4F78D
:1083E000F2F8A8BB0AA806F09BFF83465646601E1B
:1083F00000FB0466BDF92810BDF97C00001B401C81
:10840000081A0644B9F1000F09D00FFA88F219A929
:108410000AA8F4F753F910B10120099001E0CDF852
:108420002490099808B1304600E00E980590BBF101
:10843000000F33DDBDF82800ADF83000BDF82C008A
:10844000ADF8340002208DF81800BDF92A5021E063
:1084500025E0ADF83250ADF836500998A0B95A462B
:1084600031460E9811F05BFDBDF928105B462A4697
:108470000E980BF085F88DF818009DF8180001286B
:1084800002D102208DF8180002A922980CF09AF867
:10849000681C05B2BDF92E00A842DADA00BF5646C4
:1084A000002515E030463319591E002208E00378F4
:1084B00091F800C080F800C00B70401C491E521C8F
:1084C00004EBD47CB2EB6C0FF1DB2644681C05B2E4
:1084D000A542E7DBBDF87800ADF83000BDF87800C4
:1084E0002044401E00B2ADF83400BDF87A002044AC
:1084F00000B2ADF83200BDF87E00001B00B2ADF84E
:108500003600BDF932100098401C814202DABDF9F4
:10851000320001E00098401C00B2ADF83200BDF915
:1085200036100098814202DDBDF9360000E0009867
:10853000ADF83600BDF934100198401E814202DAD0
:10854000BDF9340001E00198401E00B2ADF83400DE
:1085500022980CA982680AA8F3F7F4FFD0B30FFAA7
:1085600088F219A90AA8F4F72EF898BB0AA806F011
:10857000D7FE83465646601E00FB0466BDF9280000
:10858000BDF93010401A0644B9F1000F09D00FFAB6
:1085900088F219A90AA8F4F791F810B101200990FE
:1085A00001E0CDF82490099808B1304600E00E981B
:1085B0000590BBF1000F33DDBDF82800ADF83000A9
:1085C000BDF82C00ADF8340002208DF81800BDF97C
:1085D0002A5021E025E0ADF83250ADF83650099828
:1085E000A0B95A4631460E9811F099FCBDF92810F1
:1085F0005B462A460E980AF0C3FF8DF818009DF8D6
:108600001800012802D102208DF8180002A9229832
:108610000BF0D8FF681C05B2BDF92E00A842DADACB
:1086200000BFBDF87800ADF83000BDF878002044F8
:10863000401E00B2ADF83400BDF87A00ADF832004B
:10864000BDF87A002044401E00B2ADF83600BDF9F6
:1086500034100198401E814202DABDF9340001E075
:108660000198401E00B2ADF83400BDF936100098F4
:10867000814202DABDF9360000E00098ADF836001C
:1086800022980CA982680AA8F3F75CFFD0B30FFA0E
:1086900088F219A90AA8F3F796FF98BB0AA806F072
:1086A0003FFE83465646BDF92A00BDF93210401AF6
:1086B00000FB0466BDF92800BDF93010401A0644DD
:1086C000B9F1000F09D00FFA88F219A90AA8F3F737
:1086D000F5FF10B10120099001E0CDF824900E982B
:1086E0000590BBF1000F36DDBDF82800ADF8300075
:1086F000BDF82C00ADF8340002208DF81800BDF94B
:108700002A5024E028E0ADF83250ADF836500998F0
:10871000A8B9224631460E9811F001FCBDF9281087
:108720005B462A460E980AF02BFF8DF818009DF83C
:108730001800012804D102208DF8180000E00596E9
:1087400002A922980BF03EFF2644681C05B2BDF931
:108750002E00A842D7DA00BFBDF87800ADF830008F
:10876000BDF878002044401E00B2ADF83400BDF8DA
:108770007E00001B401C00B2ADF83200BDF87E0048
:10878000ADF83600BDF932100098401C814202DD80
:10879000BDF9320001E00098401C00B2ADF8320093
:1087A000BDF934100198401E814202DABDF934004F
:1087B00001E00198401E00B2ADF8340022980CA9E7
:1087C00082680AA8F3F7BEFED0B30FFA88F219A99F
:1087D0000AA8F3F7F8FE98BB0AA806F0A1FD8346A5
:1087E0005646BDF93600BDF92E10401A00FB04664E
:1087F000BDF92800BDF93010401A0644B9F1000F48
:1088000009D00FFA88F219A90AA8F3F757FF10B197
:108810000120099001E0CDF824900E980590BBF15D
:10882000000F36DDBDF82800ADF83000BDF82C0093
:10883000ADF8340002208DF81800BDF92E5024E068
:1088400028E0ADF83250ADF836500998A8B9224664
:1088500031460E9811F063FBBDF928105B462A469D
:108860000E980AF08DFE8DF818009DF8180001286A
:1088700004D102208DF8180000E0059602A9229884
:108880000BF0A0FE2644681E05B2BDF92A00A842DE
:10889000D7DD00BFBDF87800204400B2ADF830004D
:1088A000BDF87C00001B00B2ADF83400BDF87A00C2
:1088B000204400B2ADF83200BDF87E00001B00B2CB
:1088C000ADF836000E98059022980CA982680AA887
:1088D000F3F738FEA0B30FFA88F219A90AA8F3F744
:1088E00072FE68BB0AA806F01BFD8346BBF1000FB1
:1088F00025DDBDF82800ADF83000BDF82C00ADF83E
:108900003400BDF92A5016E0ADF83250ADF83650BB
:1089100059460E9811F0C8FCBDF928105B462A464E
:108920000E980AF02DFE8DF8180002A922980BF07F
:1089300049FE681C05B2BDF92E00A842E4DA00BF6A
:10894000B9F1000F05D110A80AF046FE0F980BF000
:10895000C7FA504611F042FA0E9811F03FFA00BFE4
:10896000FFF74EB92DE9F74FDEB05E985D90609845
:1089700006F0E4FC804600EBD8704FEA600A60988D
:1089800006F04DFC074600EBD7704010824507DA31
:10899000609806F0D3FC064606EBD670401006E061
:1089A000609806F03CFC054605EBD570401000B21F
:1089B0005B90609801885B98084400B2ADF8700144
:1089C000609841885B98084400B2ADF8720158A8DD
:1089D0000AF0F4FA58AA4FF4C0215E9815F0EAFAAA
:1089E0009DF8690120F0100010308DF8690150A841
:1089F0000AF098FA50AA4FF4C0215E9815F073FA65
:108A00002CA85F9913F004F8FE482D904FF4C02075
:108A1000399003202E9058A832905D982430F5F7B5
:108A200073F9044643E23D94A18B5B98084406B277
:108A3000A088301A00B22B90A089301A0FFA80FA61
:108A4000BDF870112B98081A00B2ADF8A400BDF85B
:108A500072112B98081A00B2ADF8A600BDF870117B
:108A60002B98084400B2ADF8A800BDF872112B98FD
:108A7000084400B2ADF8AA00012347F6FF7229A905
:108A80004AA80BF045F9BDF87001A0EB0A0000B24E
:108A9000ADF89C00BDF87201A0EB0A0000B2ADF881
:108AA0009E00BDF870015044401E00B2ADF8A00019
:108AB000BDF872015044401E00B2ADF8A20001237F
:108AC00047F6FF7227A944A80BF022F9BDF8700100
:108AD000801B00B2ADF89400BDF87201801B00B29B
:108AE000ADF89600BDF870013044401E00B2ADF8FC
:108AF0009800BDF872013044401E00B2ADF89A00F3
:108B0000002347F6FF7225A93EA80BF001F90021CA
:108B10003EA80AF07FFA24904FF0FF30239060893E
:108B200010B16089401E01E04FF6FF7022904FF0B7
:108B30000009A6E12298401C229000202190618922
:108B40002298814203D10020229001202190A06927
:108B500000906088421E00214846636911F074F855
:108B600007463C97219810B12089209001E02068A9
:108B7000209020981F90219808B1E08900E0E088BB
:108B80000FFA80F8CDF87880DDF878805D98303085
:108B9000F5F7BAF805465FE02879022800D055E0DD
:108BA000A868B84251DCE868B8424EDB288A4044E5
:108BB0000FFA80F8698AA88A814202D1688A2090D7
:108BC00043E0A87D00F0010050B1FF200090002399
:108BD0003846D5E9021211F037F8C0B2139009E017
:108BE000FF20009000233846D4E9051211F02CF83C
:108BF000C0B21390A98A1191698A1291139800F159
:108C0000040C4FEAEC00BDF848C04CEA0C4CDFF80D
:108C1000F8E10CEA0E01BDF844C04CEA0C4C0CEA39
:108C20000E02A2EB010C0CFB00FC01EB5C1C0CEA3D
:108C30000E0343EA134C1FFA8CFCCDF840C0BDF87C
:108C400040E0F446CDF880C000BF00BF29465D98E3
:108C50003030F5F753F80546002D9DD1E08B00FB31
:108C600009F001026088401E91FBF0F01D901D98F4
:108C700000121C901C98401C1B901D9800F0FF0BCC
:108C8000228C1C99114408B21BF0D2F91A90228C44
:108C90001B99114408B21BF0CBF91990CBF58071E8
:108CA0001A9811FB00F1199810FB0B100012189084
:108CB000228C1C99114408B21BF0B2F91790228C37
:108CC0001B99114408B21BF0ABF91690CBF58071DB
:108CD000179811FB00F1169810FB0B10001215905D
:108CE000BDF88000ADF86001ADF86281BDF870217B
:108CF00006EB0801159848437F3002EBE03000B2E4
:108D0000ADF85000BDF8722106EB080118984843F1
:108D10007F3002EBE03000B2ADF8520014A835907D
:108D20005CA83590CDF8E89050A8319021980028A3
:108D30007CD024980BF0D4F8B4F91000AAEB000012
:108D40001390BDF870211399159848437F3002EBBA
:108D5000E03000B2ADF84800BDF8722113991898C0
:108D600048437F3002EBE03000B2ADF84A002022E9
:108D700050A90AA811F0D3F80AA831903B4623A2C3
:108D8000102106A818F0C2FC06A837902CAA1A21B8
:108D90005E980CF09BFF002141F6FF72BDF9520175
:108DA000CDE901210090BDF9543105A8509A3799B9
:108DB0001BF02CFABDF9140000EBD071BDF848206F
:108DC000A2EB610109B2ADF80C10BDF9160000EB81
:108DD000D071BDF84A20A2EB610109B2ADF80E10C6
:108DE000BDF80C00BDF81410084400B2ADF8100036
:108DF000BDF80E00BDF81610084400B2ADF8120020
:108E0000002006E0948704081FF8E00725640000AE
:108E10000CE0009003AA379B31995F9809F0CEFCD3
:108E200000213EA80AF0F6F8249007E000203190D7
:108E300037902CAA1A215E980CF048FF219909B1AD
:108E400044A900E04AA9084600210AF0E3F823906B
:108E50005CAB14AA58A95F980AF099F823980BF014
:108E60003FF82CAA16215E980CF030FFBDF87C006C
:108E7000ADF860011E98ADF8620109F1010000F043
:108E8000FF09608848453FF755AE4AA80AF0A4FBA1
:108E900044A80AF0A1FB3EA80AF09EFB24980BF020
:108EA0001FF821465D982430F4F728FF0446002C73
:108EB0007FF4B9AD61B0BDE8F08F00002DE9F04F4F
:108EC000B1B005468B4690462E464146284602F0F4
:108ED0005BFF04462089C0F30E00012802DC31B09C
:108EE000BDE8F08F2089C0F3C03020B9208810B9C8
:108EF000608800B9F3E70021284614F062FA824640
:108F00000021284614F043F8504400B22E90284621
:108F100013F069F8B6F884104843001200B22D909F
:108F200025A809F0FFFF25AA4FF4C021284614F018
:108F3000DAFF284613F0C2F90146AA8A2E98104497
:108F4000401A00B22490B8F1020F0ED12089C0F36C
:108F5000C03028B14FF4C021284614F055F900E084
:108F600000202390B5F91A900DE02089C0F3C0309D
:108F700028B14FF4C021284614F08FFB00E00020F8
:108F80002390B5F91690B8F1020F16D1DBF808005E
:108F9000B0F90600484500DAA1E72398484425992E
:108FA000B1F908100844B4F900100844DBF80810BF
:108FB000B1F90210884200DA91E720A809F0FEFF1B
:108FC00020AA4FF4C021284614F0F4FF0020ADF889
:108FD0008600ADF8840059460EA812F019FDA64887
:108FE0000F900620109002201C904FF4C0201B9080
:108FF00025A8139020A81490B8F1020F01D00120E9
:1090000000E000200D9096F8880000F0070002288C
:1090100022D10021284614F086F9B6F8841048437E
:109020004FEA202A2D985044B6F8821090FBF1F0B8
:1090300000B20B900B99A1EB0A0000EBD0714A1023
:109040002499114409B224910B98A0EB0A012D98A0
:10905000401A00B22D9000BFADF8C2902089C0F335
:109060000E00401E6168C1F30E4148430C9000277A
:10907000FBE000200B906068C0F30E40B7FBF0F1FE
:1090800000FB117008B901200B90BDF982102D98DA
:10909000401A78430C99B0FBF1F12498084400B2CF
:1090A000ADF8C000ADF8BC000D9868B1BDF9C210B4
:1090B0000B9810B1B4F9000001E0B4F90200081AED
:1090C00000B2ADF8BE000CE0BDF9C2100B9810B1B3
:1090D000B4F9000001E0B4F90200084400B2ADF8B0
:1090E000BE0030A817902FA8189096F8880000F0BE
:1090F0000700032810D106F178000D9930F911000E
:10910000009006F1740030F91130002138460C9AB5
:1091100010F09AFD824604E06068C0F30E40B7FB91
:10912000F0FACDF878A00B98002871D02089C0F310
:10913000C03000286CD0534650A2102107A818F068
:10914000E5FA25A8139007A8199010201A900EAAE6
:109150001A2128460CF0BAFD002141F6FF72BDF934
:10916000A600CDE901210090BDF9A83006A8259AF6
:1091700019991BF04BF8BDF9180000EBD071BDF840
:10918000BC20A2EB610109B2ADF81010BDF91800C6
:1091900000EBD071BDF8BC2002EB610109B2ADF863
:1091A00014100D9878B1BDF8BE102398081A00B2BB
:1091B000ADF81600BDF81600BDF81A10401A00B23E
:1091C000ADF812000EE0BDF8BE102398084400B2BE
:1091D000ADF81200BDF81200BDF81A10084400B234
:1091E000ADF81600BDF91400B5F9141088420DDB76
:1091F000BDF91010B5F91800814207DC002000907D
:1092000004AA25A95846199B09F0D8FA09E0FFE7F6
:109210000020139019901A900EAA1A2128460CF0DB
:1092200055FDBDF9821001EBD172BDF9C03003EBE1
:109230006202B5F914309A4211DBBDF9820000EBED
:10924000D072BDF9BC30A3EB6203B5F9182093428C
:1092500005DC2FAB30AA20A9584609F098FE0EAACB
:109260001B2128460CF032FD7F1C0C9887427FF6AC
:1092700000AF00BF33E600005C82040825640000F4
:109280002DE9F74FB2B005461646319531462846CE
:1092900002F07AFD04462089C0F30E00012802DCAA
:1092A00035B0BDE8F08F2089C0F3C03020B92088E8
:1092B00010B9608800B9F3E70EB1012000E000208A
:1092C00083460021284613F062FE2E900021284696
:1092D00014F0E3F92D90284612F066FE3199B1F8AA
:1092E00086104843001200B22C90284613F0E0F894
:1092F0000146EA8A2D9802442E981044401A00B282
:109300002B904EB94FF4C021284614F05AF8074666
:10931000B5F914002A9008E04FF4C021284614F053
:10932000F9F80746B5F918002A90B4F90000299019
:10933000B4F902002890012E07D12998404200B2CA
:1093400029902898404200B2289025A809F036FEBE
:1093500025AA4FF4C021284614F02CFE1DA809F0C0
:10936000E1FD1DAA4FF4C021284614F0BCFD0BA856
:10937000339912F04DFB89480C9006200D901996F8
:109380000004189025A811901DA810902089C0F302
:109390000E00401E6168C1F30E4100FB01F94FF061
:1093A0000008F6E0BDF996102C98401A00FB08F072
:1093B000B0FBF9F12B98084400B2ADF8C200ADF84B
:1093C000BE002A98ADF8C00036B9BDF8C000401EF6
:1093D00000B2ADF8C00005E0BDF8C000401C00B20E
:1093E000ADF8C00000200A906068C0F30E40B8FBE2
:1093F000F0F100FB118008B901200A900A9838B1F9
:10940000BDF8C0102998081A00B2ADF8BC0006E0FB
:10941000BDF8C0102898081A00B2ADF8BC0030A8FA
:1094200014902FA815903198703030F91B000090DF
:1094300031996C3131F91B30A9EB08004A46002103
:1094400010F002FC8246CDF86CA00A98002872D079
:109450002089C0F3C03000286DD0534650A210219F
:1094600006A818F053F91DA8109006A81690102011
:1094700017900BAA1A2128460CF028FC002141F66F
:10948000FF72BDF98600CDE901210090BDF9883059
:1094900005A81D9A16991AF0B9FEBDF9160000EB41
:1094A000D071BDF8BE20A2EB610109B2ADF80E107B
:1094B000BDF9160000EBD071BDF8BE2002EB6101D2
:1094C00009B2ADF81210BBF1000F0FD1BDF8BC000E
:1094D000BDF81410401AC01B00B2ADF80C00BDF866
:1094E000BC00C01B00B2ADF810000EE0BDF8BC001F
:1094F000384400B2ADF80C00BDF8BC00BDF8141043
:109500000844384400B2ADF81000BDF91210B5F9A6
:10951000160081420DDBBDF90E10B5F91A0081422B
:1095200007DC0020009003AA1DA9169B339809F0C0
:1095300045F909E0FFE700201090169017900BAA5C
:109540001A2128460CF0C2FBBDF9961001EBD1722E
:10955000BDF9C23003EB6203B5F91620934211DB6B
:10956000BDF9960000EBD072BDF9BE30A3EB6203EB
:10957000B5F91A20934205DC2FAB30AA25A9339800
:1095800009F005FD0BAA1B2128460CF09FFB08F1F2
:109590000108C8457FF606AF00BF81E65C8204087B
:1095A000256400002DE9FE4F06460C4617469846F6
:1095B0002021304614F084FB00287DD00C9803282D
:1095C00003D1304612F060FF02E0304612F066FF31
:1095D00081460EF017FC05464FF0000A002002906D
:1095E0000C98032843D10021304613F0C3FE834674
:1095F0000021304613F067FF0190B9F1010F23D02D
:10960000B9F1020F28D0B9F1030F2ED106F11400E1
:1096100005F040FEA0EB0B010198081A009000EB4A
:10962000D0700BEB6000B18A08440FFA80FA05F1A4
:10963000140005F02FFE009000EBD070A98A01EB1A
:10964000600000B2029010E0B08A58440FFA80FA2D
:10965000B5F91400029008E0318B0198081A0FFA4E
:1096600080FAB5F91800029000BF00BF45E0002164
:10967000304613F0EBFF83460021304613F09DFD8A
:109680000190B9F1010F25D0B9F1020F2AD0B9F13B
:10969000030F30D106F1140005F082FDA0EB0B01A1
:1096A0000198081A009000EBD0700BEB6001F08A73
:1096B00008440FFA80FA00E054E005F1140005F0C8
:1096C0006FFD009000EBD0704110E88A084400B2B2
:1096D000029010E0F08A58440FFA80FAB5F91600AB
:1096E000029008E0718B0198081A0FFA80FAB5F918
:1096F0001A00029000BF00BF00BFB8F1000F17DAD8
:10970000B9F1000F05D00298504502DD2046BDE8B2
:10971000FE8F002C01DAA01E04B2002C01DDA01C7B
:1097200004B22146E01704EB9070801000B2EEE71F
:10973000002F16DAB9F1000F04D00298504501DA73
:109740002046E4E7002C01DAA01E04B2002C01DD63
:10975000A01C04B22246E01704EB9070801000B207
:10976000D5E709E008EB0400002802DAC8F10000A0
:1097700004B2381B00D53C462046C8E710B5044665
:10978000207EC0F3800008B1002010BD207A23287D
:1097900002D0242803D100E000BF0120F5E700BF7C
:1097A00000BF4FF48041606814F08AFA08B90020C5
:1097B000EBE7207A11381C2823D2DFE800F00E0FE7
:1097C00010111213141516171822221922221A1D0D
:1097D0001B1C222222221E1F222000BF00BF00BF0E
:1097E00000BF00BF00BF00BF00BF00BF00BF00BF81
:1097F00000BF00BF00BF00BF00BF00BF00BF002010
:10980000C3E70120C1E72DE9F04104460EF0E6FA76
:1098100007469FB13868806818B1217A3868826835
:109820009047207EC0F3400010B10120BDE8F081D8
:10983000207E00F0010008B10020F7E701260EB9F4
:10984000002003E00021606812F024FC05464FF080
:10985000000827E02868F0B1287A00F0800080280E
:1098600019D1287A802805D0287A20F08000217A22
:10987000884210D16868E060204629688847207EC9
:10988000C0F3400008B10120D0E7207E00F00100C5
:1098900008B10020CAE708F101084146606812F0EB
:1098A000F9FB05460DB1012ED4D02146002012F05F
:1098B000D5FA06460EB9002003E00021606812F0D8
:1098C000E9FB05464FF0000823E02868D0B1287A6C
:1098D00000F08000B0B9287A18B1287A217A88423D
:1098E00010D16868E060204629688847207EC0F370
:1098F000400008B1012099E7207E00F0010008B186
:10990000002093E708F101084146606812F0C2FBAD
:1099100005460DB1012ED8D0012E11D160684068E6
:1099200070B12046FFF72AFF50B160684068606060
:109930002046FFF768FF0646012E01D0002075E79C
:10994000304673E72DE9F0438046DDE9074521B94C
:109950002A7022701A70BDE8F0834FEA282000F0C8
:109960000209B9F1000F04D000BF99462B464D46BD
:1099700000BF00F00409B9F1000F04D000BFA146F8
:109980002C464D4600BF00F00609B9F1000F09D181
:1099900000F00109B9F1000F0ED100BF994623462E
:1099A0004C4609E000F00109B9F1000F04D000BFF6
:1099B000994623464C4600BF22706FEA010909F020
:1099C000FF0602FB06F74FEA272985F8009008F00A
:1099D000FF0C00F00109B9F1000F0DD1BCF1000F2F
:1099E00002D14FEA012905E0CCF1000909F0FF0995
:1099F00009FB01F94F4601E001FB0CF73E126FEA4B
:109A0000060909F0FF0602FB06F74FEA272983F84B
:109A1000009000BF9FE700002DE9FF4F87B005468B
:109A20008B469146DDE914A6584605F064FC069085
:109A3000584605F0D8FB05901798012804D0022855
:109A400004D0032806D103E0494F08E0494F06E05F
:109A5000494F04E000BF00BF0BB0BDE8F08F00BF6E
:109A60008EBB2888049028885246014602900A98A6
:109A7000B84703904FF0000821E0002418E0BDF83B
:109A8000100035F8141088420CD005EB4400008813
:109A9000049005EB440000885246014602900A9863
:109AA000B847039005EB4400BDF80C100180641C1E
:109AB00006988442E3DB05EB490508F101080598A7
:109AC0008045DADB51E0FFE700200290288804900F
:109AD0003078FD2801DB504603E0307800FB0AF0C7
:109AE000000A0190019A04990A98B84703904FF030
:109AF000000836E000242BE0305D00B927E0315D3E
:109B00000298814205D1BDF8100035F81410884242
:109B100017D0305DFD2801DB504603E0305D00FBCF
:109B20000AF0000A019005EB44000088009001460D
:109B3000019A0A98B8470390305D029035F81400F6
:109B4000049005EB4400BDF80C10018000BF641CBC
:109B500006988442D0DB05EB49051698064408F1C7
:109B6000010805988045C5DB00BF00BF74E7000011
:109B7000B10D0108E30E0108530E01082DE9FF4F56
:109B800089B004469246DDE91685F4F7D1FB0890CA
:109B90000A9805F0B0FB81460A9805F024FB83463D
:109BA000002D78D1B8F1FD0F0CDB002707E04A4605
:109BB00020460C9907F039FB04EB4A047F1C5F45F3
:109BC000F5DB7DE100BF0020014602464FEAD20CE2
:109BD000BDF804306CF304034FEA910C0193BDF817
:109BE00004306CF34A134FEAD00C0193BDF80430F3
:109BF0006CF3CF230193BDF804C063460293BDF814
:109C0000081008460790424607990C9807F0ACFCEC
:109C100006900C9904A80291BDF80810C90A01FB2E
:109C200008F10180BDF80810C1F3451101FB08F1EE
:109C30004180BDF8081001F01F0101FB08F181808F
:109C400000BFC8F1FF000390002720E0002619E0C4
:109C5000BDF81C0034F8161088420DD004EB460005
:109C60000088079004EB460000880290014604A893
:109C7000039A07F001FD069004EB4600BDF81810AA
:109C80000180761C4E45E3DB04EB4A047F1C5F45F4
:109C9000DCDB15E1FFE7BDF8300000EB004007908A
:109CA000B8F1FD0F6FDBA9F1040006900027B4E0C6
:109CB000002614E02878FF2803D1BDF8300020806A
:109CC0000AE02A782088014604900C9807F04CFCA2
:109CD0000590BDF8140020806D1CA41C761C4E4518
:109CE00003DA05F003000028E4D172E0286805904B
:109CF0000598401CA8B904F0030048B1BDF8301025
:109D00002180A01C07990160BDF83010E18005E0BA
:109D10002046079901600799416000BF08342D1D56
:109D200056E00598002851D02878FF2803D1BDF8C7
:109D3000300020800AE02A782088014603900C98A1
:109D400007F012FC0490BDF8100020806D1CA41CCC
:109D50002878FF2803D1BDF8300020800AE02A7857
:109D60002088014603900C9807F0FEFB0490BDF894
:109D7000100020806D1CA41C2878FF2804D1BDF899
:109D8000300020800BE04CE02A78208801460390C8
:109D90000C9807F0E9FB0490BDF8100020806D1CC2
:109DA000A41C2878FF2803D1BDF8300020800AE0E9
:109DB0002A782088014603900C9807F0D5FB049080
:109DC000BDF8100020806D1CA41C01E02D1D08347E
:109DD000361D0698864289DD14E02878FF2803D1D5
:109DE000BDF8300020800AE02A78208801460490DF
:109DF0000C9807F0B9FB0590BDF8140020806D1C8D
:109E0000A41C761C4E45E8DBAAEB090004EB4004D9
:109E10001898A0EB090005447F1C5F45FFF648AF8A
:109E20004DE00020049020880690208805900020B6
:109E30000390002740E0002635E0287888B3297891
:109E40000498814209D02878FF2801D1404603E0D8
:109E5000287800FB08F0000A0390297804988142D2
:109E600005D1BDF8180034F81610884214D00398B4
:109E7000FF2802D10C98059009E004EB4600008809
:109E800002900146039A0C9807F06EFB0590287823
:109E9000049034F81600069004EB4600BDF8141048
:109EA00001806D1C761C4E45C7DB04EB4A041898F4
:109EB000A0EB090005447F1C5F45BCDB00BF00BF71
:109EC0000DB0BDE8F08F2DE9FF4F85B081460C46FF
:109ED000DDE912A7F4F72CFA804607BBB4F902605B
:109EE00018E0B4F9005010E0CDF808A0BDF820004B
:109EF000ADF8040030B20090D8F800002BB2D0F8D2
:109F00001CC04946079AE0476D1CB4F90400A842FA
:109F1000EADA761CB4F90600B042E2DA2EE0204616
:109F200005F0E9F98346204605F05DF90490002626
:109F300020E0002519E0785DB0B1785D00FB0AF003
:109F4000000A0290BDF82000ADF80400608830449B
:109F500000B20090218829440BB2D8F80000D0F854
:109F60001CC04946079AE0476D1C5D45E3DB149829
:109F70000744761C04988642DBDB00BF09B0BDE8CD
:109F8000F08F10B502460B4610681C68A04201D144
:109F9000012010BD0020FCE710B502460B465068BA
:109FA00020F040401C68A04203D2506820F040409E
:109FB0001860002010BD2DE9F04F89B00446002044
:109FC000089007900DF00AFF069006980068057E3D
:109FD000D4F820800027B946B4F91400002802DD27
:109FE000B4F9140002E0B4F914004042B4F91610B8
:109FF000002902DDB4F9161002E0B4F91610494246
:10A00000884201DD012701E04FF00109CAE010217B
:10A01000404613F055FEB0B94FF48071404613F03E
:10A020004FFE08B907B1C1E04FF40071404613F08C
:10A0300047FE18B9B9F1000F00D0B7E0404612F062
:10A0400097F88046AEE0CA46CDF814900497BB4618
:10A05000404612F005F9064606F0010008B9002056
:10A06000049006F0020008B94FF0000B06F004005F
:10A0700008B94FF0000A06F0080008B90020059062
:10A08000404612F015FA0390404612F089F802900B
:10A09000404612F013F90190404612F087F9009003
:10A0A0000398002802DC0298002811DDBAF1000FA5
:10A0B00003D0B4F91600A84206DA059840B1B4F905
:10A0C00016006942884203DCCDF820800C200790FE
:10A0D0000198002802DC0098002811DD049818B1CE
:10A0E000B4F91400A84207DABBF1000F08D0B4F9A4
:10A0F00014006942884203DCCDF8208003200790D9
:10A100000398002801DC4FF0000A0298002801DCC7
:10A11000002005900198002801DC002004900098A0
:10A12000002801DC4FF0000B049818B1B4F91400BA
:10A13000A84215DABBF1000F04D0B4F9140069424B
:10A1400088420DDDBAF1000F03D0B4F91600A84221
:10A1500006DA059878B1B4F91600694288420ADC3B
:10A160000FB1032000E00C2094F83C1060F30301D1
:10A1700084F83C101AE04FF48071404613F0A0FDC3
:10A1800008B907B112E04FF40071404613F098FD92
:10A1900018B9B9F1000F00D008E0404611F0E8FF0F
:10A1A000804600BFB8F1000F7FF431AF00BF0898C0
:10A1B00058B194F83C10079860F3030184F83C1000
:10A1C0000898A0620021A182E182089809B0BDE848
:10A1D000F08F00002DE9FF4F83B00446204612F0B7
:10A1E00053F90290029818B9002007B0BDE8F08F2B
:10A1F00041F6FF750021204613F0BCF80746002108
:10A20000204613F060F98246204611F06AFE83462C
:10A210004FF000086AE0A068006850F828603949EB
:10A22000304613F058FD00B15EE04FF480513046E7
:10A2300013F046FD002856D04FF000090020019091
:10A240000298012804D0022809D003282CD10EE05E
:10A25000B6F91490A08A384400B2019025E0B6F90E
:10A260001890208BA0EB0A0000B201901DE006F1CF
:10A27000140005F00FF8009000EBD070B18A01EBEC
:10A2800060000FFA80F904F1140005F003F8C01B18
:10A29000A0EB0A00009000EBD070A18A394401EBDA
:10A2A000600000B2019000E01EE000BF0698484444
:10A2B0000FFA80F90498814514DB0598814511DC7B
:10A2C0000199A9EB010108B2002801DD014600E077
:10A2D0004142002D01DD2A4600E06A42914200DA47
:10A2E000054600BF00BF00BF08F10108D84592D362
:10A2F00041F6FF70854201D1002000E0684200B2C3
:10A3000073E70000010004002DE9FF4F83B004460D
:10A31000204612F0C3F80290029818B9002007B046
:10A32000BDE8F08F41F6FF750021204613F08EF94D
:10A3300007460021204612F040FF8246204611F0D9
:10A34000D0FD83464FF000086AE0A068006850F82E
:10A3500028603949304613F0BEFC00B15EE04FF48E
:10A360008051304613F0ACFC002856D04FF0000965
:10A37000002001900298012804D0022809D0032867
:10A380002CD10EE0B6F91690E08A384400B2019064
:10A3900025E0B6F91A90608BA0EB0A0000B201909C
:10A3A0001DE006F1140004F0FBFE009000EBD070FD
:10A3B0004110F08A08440FFA80F904F1140004F007
:10A3C000EFFEC01BA0EB0A00009000EBD070411024
:10A3D000E08A3844084400B2019000E01EE000BF6B
:10A3E000069848440FFA80F90498814514DB0598D3
:10A3F000814511DC0199A9EB010108B2002801DDBA
:10A40000014600E04142002D01DD2A4600E06A429B
:10A41000914200DA054600BF00BF00BF08F1010805
:10A42000D84592D341F6FF70854201D1002000E06B
:10A43000684200B273E70000010004002DE9FF4FFD
:10A4400087B00E469046DDE914940021079813F07A
:10A450008CFB06900021079812F0F9FD0590F0782A
:10A46000C0F34000A8B1F07800F0010020B142F242
:10A47000D1710698884208D0F07800F0010040B908
:10A4800042F2D1710598884203D1F07820F00200A1
:10A49000F070F07800F0010008B1964800E09648AE
:10A4A0000490F07800F0010008B9924800E092486A
:10A4B000824600206080A08020612080A060E06053
:10A4C000CDF80C800399079811F0EDFC0546E0E00B
:10A4D0000398404506D04FF40001284613F0F0FBE6
:10A4E00000B1D9E08549284613F0F5FB00287CD15E
:10A4F0000021284612F08EFD02900298002875D0A7
:10A500002069401C2061A088484400B2A080207DC2
:10A5100000F0010000286AD0216901EB8101880068
:10A520000FF0E0FB074600BF1FB900BF00BF00BF30
:10A53000FEE700BF1FB903980BB0BDE8F08FE068DD
:10A5400058B12069401E00EB800082003846E16867
:10A550000FF0E5FCE0680FF041FC2069401E00EBC5
:10A56000800047F82050F07800F0010058B14FF01B
:10A57000000B41F202025946284613F01DF90190E2
:10A58000019800B20BE04FF0000B41F20502594672
:10A59000284613F011F90190019800B200BF21691B
:10A5A000491E01EB810107EB81018880F07800F002
:10A5B000010058B14FF0000B41F203025946284602
:10A5C00013F0FAF80190019800B20BE04FF0000B85
:10A5D00041F206025946284613F0EEF80190019820
:10A5E00000B200BF2169491E02E03EE017E02CE006
:10A5F00001EB810107EB8101C88002982169491EA6
:10A6000001EB810107EB8101C86000212069401E38
:10A6100000EB800007EB80000161E76015E0284651
:10A62000049988470746F078C0F3400030B1B4F988
:10A630000400C1190A98814200DD2DE0A08807EBD3
:10A640000901084400B2A08000BF2846D047B4F9F1
:10A650000010884202DD2846D04701E0B4F900002E
:10A660002080A068401CA06000BFF078C0F380008C
:10A6700010B14FF0FF3000E001200399084403902F
:10A680000398002800DA07E00399079811F00BFC03
:10A690000546002D7FF41CAF00BFB4F9040000286C
:10A6A00004DDA088A0EB090000B2A080206908B1F9
:10A6B0000A9801E0B4F904006080CDB103984045E8
:10A6C00016D1079880680068039950F82150F078F7
:10A6D000C0F3800103AA079801F045F845B1284668
:10A6E000D047208028460499884760800120A060D8
:10A6F000039821E707DC0208D1C002080100060028
:10A700002DE9F04F97B0044600BF00BF4FF0000B9B
:10A71000DE4802885946204613F04EF80A900A98FF
:10A72000C6B200BFF0439DF85B1060F300018DF8E6
:10A730005B10B0089DF85B1060F341018DF85B1071
:10A74000F0089DF85B1060F382018DF85B1000BF8C
:10A75000CF4802885946204613F02EF80A900A98EE
:10A76000C0B28DF8580000BFCA480288594620463A
:10A7700013F022F80A900A98C0B28DF8590000BF71
:10A78000C54802885946204613F016F80A900A98E0
:10A79000C0B28DF85A000021204612F06AFB012851
:10A7A00000D100E0002015909DF85B0000F0010052
:10A7B00020B90021204612F09CFD03E00021204634
:10A7C00012F01DFF14909DF85B0000F0010020B115
:10A7D0000021204612F08DFD03E00021204612F0FA
:10A7E0000EFF13909DF85B0000F0010018B12046A9
:10A7F00011F0F9FB02E0204611F0D6FB12904FF069
:10A80000000B41F232025946204612F0D5FF0A9061
:10A810000A9800B2119000BF41F610025946204636
:10A8200012F0CAFF0A900A98E18A0144119801EBDC
:10A83000000B204611F050FEABEB000000B2109070
:10A840004FF0000B41F612025946204612F0B4FFB9
:10A850000A900A98A18A0144119801EB000B204646
:10A8600011F030FEABEB000000B20F909DF85A7073
:10A870009DF85B0000F0010008B110A800E00FA8EF
:10A8800005460021204613F070F90E900021204665
:10A8900012F0DDFB0D909DF85B0000F0010040B16F
:10A8A00042F2D1710D98884203D1608CC0F34020F0
:10A8B00068B19DF85B0000F0010048B942F2D17127
:10A8C0000E98884204D1608CC0F3802000B9002724
:10A8D000159850B19DF85B0000F0010028B90FB940
:10A8E000012702E0012F00D100274FF000080020CF
:10A8F0000C900B90002F49D09DF85B00C0F38000B6
:10A9000018B1A0684068401E00E00020814617E0B2
:10A9100000200A9005A91398CDE900014A4616A91E
:10A920002046129BFFF78AFD8246BDF8141014984A
:10A93000084440440FFA80F80B98401C0B90D14615
:10A94000A0684068484502DDB9F1000FE0DA0B98D5
:10A9500020B11498A8EB00000FFA80F89DF85B0076
:10A9600000F0010018B1204611F01EFB02E0204665
:10A9700011F039FB83460CA8CDE900500B9803B2C7
:10A980004246594638461AF02DFE00BF9DF85B003E
:10A99000C0F3800018B1A0684068401E00E00020AD
:10A9A0008146159840B19DF85B0000F0010018B990
:10A9B0002888404400B228804DE001200A9005A973
:10A9C0001398CDE900014A4616A92046129BFFF7CD
:10A9D00035FD8246159850B19DF85B0000F00100EE
:10A9E00028B92888BDF81410401A00B2288005AA9A
:10A9F000BDF94030DDE91210CDE90131CDE90302A6
:10AA0000BDF93C0053464A4616A900902046F5F78A
:10AA100055FDD14608980FF0E1F9002008901598EF
:10AA200068B19DF85B0000F0010040B92988BDF8CD
:10AA3000302014981044081A00B228800AE02988AF
:10AA4000BDF81400BDF830200244149810440844A6
:10AA500000B2288000BFA0684068484502DDB9F117
:10AA6000000FAADA42F2D1710E98884202D00D98F6
:10AA7000884202D1204614F09AF800222B21204669
:10AA80000BF024F917B0BDE8F08F00000C01002492
:10AA90000E01002410010024120100242DE9FC5FA6
:10AAA000044689469246207E00F0010008B1BDE8C8
:10AAB000FC9FE56800264FF0010B0120019000BFCC
:10AAC00085B9207EC0F3C00000B956B9019800B91D
:10AAD000EDE72046C84705464FF0000B00200190E7
:10AAE00000E0E4E716B92E4606B9E0E7BBF1000F37
:10AAF00006D029462046D0470546B54200D1D6E7C4
:10AB00004FF0010B05B9DBE7286812F045F900F0BA
:10AB1000800000B1D4E72F6809E00121384613F026
:10AB2000CFF800B105E0384611F022FB0746002FB0
:10AB3000F3D100BF2FB10121384613F0C1F800B1A5
:10AB4000BEE700BF00BFE068A84200D1AFE7E06801
:10AB500090B1204600F03DFB0090E16808680F21AD
:10AB6000009A0BF0B3F80746012F00D09FE7E16889
:10AB7000086813F042FC00BFE560204600F029FBA6
:10AB80000746E1683A4608680E210BF09FF88046B8
:10AB9000B8F1010F00D08AE7E168086813F02DFCD6
:10ABA000206910B120462169884700BF7FE7000077
:10ABB0002DE9F0410446204600F053F905461148BE
:10ABC0000068001B461B0F480068401B0D490860C9
:10ABD000B6B127466119324620460FF0A0F906E0CB
:10ABE000A068401BA060204600F03BF904440548E3
:10ABF00000688442F4D1B81929460FF01EFB00BF4B
:10AC0000BDE8F081F800002410B50246114691F825
:10AC10003C3003F0030323B1012B04D0022B0DD0F1
:10AC200000BF888C15E026235B5C4FF4B47413FBE3
:10AC300004F3642493FBF4F398B20AE027235B5CEB
:10AC40004FF4B47413FB04F3642493FBF4F398B24D
:10AC500000BF00BF10BD2DE9F34F87B083465F46AC
:10AC600005A9584611F0DEF9584612F0CCFF0290C3
:10AC7000584611F02DFA01900021584612F0D5FBEC
:10AC800000900021584612F079FC80460021584679
:10AC900012F037FD81460021584612F0E9FA82464B
:10ACA0000021584612F0C5FC05460021584612F016
:10ACB00047FB0646284605EBD0714910491C05F0B4
:10ACC000010211440DB2304606EBD0714910491C07
:10ACD00006F0010211440EB20D2D01DA284600E003
:10ACE0000D2005460D2E01DA304600E00D20064607
:10ACF000B8F10D0F01DA404600E00D208046B9F1B1
:10AD00000D0F01DA484600E00D208146BAF10D0F23
:10AD100001DA504600E00D20824600248BE0B86A3C
:10AD200000EBC40103A804F017FABDF90C10009859
:10AD300081420FDCBDF9141000980D2801DA00984B
:10AD400000E00D20081ABDF80C10084400B2ADF860
:10AD50000C0008E0BDF80C00BDF81410891B084475
:10AD600000B2ADF80C00BDF90E0048450FDCBDF98E
:10AD70001600B9F10D0F01DA494600E00D21401A25
:10AD8000BDF80E10084400B2ADF80E0008E0BDF8A2
:10AD90000E00BDF81610491B084400B2ADF80E00B5
:10ADA000BDF910100298A0EB0800801E81420FDB55
:10ADB000BDF91400B8F10D0F01DA414600E00D2194
:10ADC0000844BDF81010084400B2ADF8100008E0C7
:10ADD000BDF81000BDF814103144084400B2ADF8BD
:10ADE0001000BDF912100198A0EB0A00801E8142EC
:10ADF0000FDBBDF91600BAF10D0F01DA514600E084
:10AE00000D210844BDF81210084400B2ADF812003C
:10AE100008E0BDF81200BDF816102944084400B23D
:10AE2000ADF81200002203A80899F1F7A2FC00B1C6
:10AE300005E0601C84B2388EA0423FF770AF00BFBF
:10AE4000388EA04201D14FF6FF74204609B0BDE80C
:10AE5000F08F014601F007020AB110467047012049
:10AE6000FCE70146B1F90C20032303EB420222F078
:10AE7000030202F1100070472DE9FC5F05460E4603
:10AE800017460021284612F0B6FA804600212846CF
:10AE900012F05AFB82460021284612F018FC814627
:10AEA0000021284612F0CAF90190284612F0ABFEA4
:10AEB000A0EB0800A0EB0A0B284611F009F9A0EB63
:10AEC00009010198081A834507DA284612F09BFE0B
:10AED000A0EB0800A0EB0A0006E0284611F0F8F805
:10AEE000A0EB09010198081A009000EBD070401007
:10AEF00004B2A88A2044404400B23080E88A20444A
:10AF0000484400B2708007B13C80BDE8FC9F00005F
:10AF100038B504460025044802882946204612F028
:10AF20004BFC0090009838BD1C01002438B5044645
:10AF30000025054802882946204612F03DFC009075
:10AF40000098C0B238BD00002401002438B5044682
:10AF50000025054802882946204612F02DFC009065
:10AF60000098C0B238BD000026010024F0B50446A8
:10AF70000B46032B01D2012000E000200546611B97
:10AF8000981E0C2707FB0500C0EB4010B0FBF7F044
:10AF90001044084400EB91006427B1FBF7F7C01B95
:10AFA0004FF4C877B1FBF7F738440727B0FBF7FC3D
:10AFB00007FB1C06F0B2F0BD2DE9FC4781460E46AA
:10AFC00016B90020BDE8FC87D9F81040606930B19F
:10AFD00060690068B04202D160694068F2E700250C
:10AFE000B1E005EB8501A06850F82100371A05EBA8
:10AFF0008501A06800EB81008088B84200D2A0E003
:10B000004FF0000805EB8501A06800EB8100807C13
:10B01000022808D105EB8501A06800EB8100C088FB
:10B0200000EB070884E005EB8501A06800EB8100D8
:10B03000807C78B905EB8502A16801EB8201C868C4
:10B0400005EB8502A16801EB8201C988C25D01EBB5
:10B0500002086DE005EB8501A06800EB8100807CB3
:10B0600003282AD1B8B201903E48009005EB850331
:10B07000A06800EB8300028A05EB8503A06800EB63
:10B0800083000223816801A8F3F7CCFA8246BAF163
:10B09000000F11D005EB8502A16801EB82018968E0
:10B0A000AAEB0101481005EB8502A16801EB8201C2
:10B0B000C98801EB000800BF3AE005EB8501A068F4
:10B0C00000EB8100807C012832D1B8B20190254884
:10B0D000009005EB8503A06800EB8300028A05EB76
:10B0E0008503A06800EB83000223816801A8F3F7C1
:10B0F00099FA8246BAF1000F19D005EB8503A268D0
:10B1000002EB83029268AAEB0202501005EB850362
:10B11000A26802EB8302D16805EB8503A26802EB0B
:10B120008302D28831F8103002EB030800BF00BF61
:10B13000606920B1606906606069C0F804804046BB
:10B1400040E7681C85B2608AC0F30800A8423FF758
:10B1500048AF606920B1606906600020616948609D
:10B1600000202FE7ADAE03082DE9F84F80460D46CD
:10B17000C146404600F0FDF9064616B90020BDE87C
:10B18000F88FF08A281A05B20021304612F0E1FB50
:10B19000009000980AF0F6FE82460021304612F038
:10B1A00048FC0446204604EBD07105EB61010DB26A
:10B1B0000AEB04000FFA80FB95FBFBF087B2B9F8AD
:10B1C0003400B84203DCB9F83400401E87B2384678
:10B1D000D5E72DE9F04105460026002700200CF0B8
:10B1E00003FE044616E020460CF04DFE8046206D1E
:10B1F000A8420AD1B8F1020F02D12046BDE8F08181
:10B20000B8F1040F00D12646274620460CF0ECFD8D
:10B21000044600BF002CE6D10EB13046EEE70FB178
:10B220003846EBE700200CF0DFFDE7E72DE9F041C1
:10B2300007460C463D46384610F0D5FEB5F884105A
:10B240004843001206B20021384612F0BAF8804690
:10B25000A4EB080004B2002C02DA0020BDE8F08163
:10B26000B44203DDB5F88200401EF7E795F8880088
:10B2700000F0070001280BD1314606EBD1704210D7
:10B28000B5F88200401E04FB002090FBF6F0E5E7D5
:10B2900095F8880000F00700022805D1B5F8820073
:10B2A000604390FBF6F0D9E70020D7E7024611464D
:10B2B00000E0096821B18869C0F30F100028F8D0B8
:10B2C00009B9002070478869C0F30F10FAE7000041
:10B2D0002DE9FC5F80460D461646D8F810704FF0F9
:10B2E000000A788AC0F34030002840D1FC68A0688A
:10B2F000800FD8B9D4F8009005EB062080B20190F9
:10B3000026480090A06820F040420223494601A848
:10B31000F3F788F98346BBF1000F06D0ABEB0901C8
:10B320004810616811F900A000BF1FE00121A0686A
:10B33000B1EB907F1AD1D4F8009005EB0640019054
:10B3400017480090A06820F040420423494601A815
:10B35000F3F768F98346BBF1000F06D0ABEB0901A8
:10B360008810616811F900A000BF00BF12E0F86802
:10B370004368595D83689A5D00290ADD002A08DD6B
:10B38000531E4C1E90F80DC004FB0C33046814F9D6
:10B3900003A000BF5046BDE8FC9F00006DDD010822
:10B3A0004DDD01082DE9FE4F07460C4625460026D7
:10B3B0000021204611F029FD834600EBDB70C0F32D
:10B3C0004F064FF44031204612F008F880464FF403
:10B3D0004031204612F0ABF881464FF44031204610
:10B3E00012F068F982464FF44031204611F019FFFF
:10B3F0000290A08A298D0844801BA0EB080000B2AF
:10B40000ADF80000E18A688D0844801BA0EB0900BC
:10B4100000B2ADF80200A08A298D0844304450449F
:10B4200000B2ADF80400E18A688D084481190298E1
:10B43000084400B2ADF806000098386001987860C2
:10B44000BDE8FE8F2DE9F04F87B081460F4692464A
:10B45000984600BF00BF4C464FF40031484611F0FB
:10B46000E1FC834658460BEBD0714D10AAEB05006A
:10B470000FFA80FAA68C94F83400C0F3410018B992
:10B48000208D304486B223E094F83400C0F34100AC
:10B49000022803D1E08C304486B219E094F83400DD
:10B4A000C0F34100012813D1B4F93020B4F932308F
:10B4B000D11801EBD1725010B4F92E10814203DA89
:10B4C000E18C31448EB202E0218D31448EB200BF56
:10B4D00006F15A0000B218F0ABFD00FB0AF0C013F1
:10B4E00000B2069030B218F0A3FD00FB0AF0C013C2
:10B4F00000B205904FF44031484611F07CFF0490B3
:10B500004FF44031484612F01FF803904FF4403199
:10B51000484612F0DCF802904FF44031484611F0F2
:10B520008DFE01903988069801440498081A401B42
:10B5300000B2A8F80000398806980144039808442E
:10B54000284400B2A8F804007988059801440298BC
:10B55000081A401B00B2A8F8020079880598014437
:10B5600001980844284400B2A8F8060007B0BDE8D6
:10B57000F08F70B504462546686A08B9002070BD92
:10B580000021686A10F08FFCF9E710B5044600212D
:10B59000204610F088FC10BD70B504460E4600250C
:10B5A00013E0E06800EBC5004068C0F3006058B1EC
:10B5B000E06800EBC500406820F07F40B04203D156
:10B5C000E06850F8350070BD6D1C608CC0F3C5009C
:10B5D000A842E6D8608CC008401C618C60F3C801AA
:10B5E0006184628CC2F3C502D100E0680EF062FC97
:10B5F000E06000BFE06818B900BF00BF00BFFEE711
:10B6000000BF608CC0F3C500451E1AE0681EE168EB
:10B6100001EBC0004068C0F3006038B9681EE16803
:10B6200001EBC0004068C0F3406000B10BE0E0688F
:10B6300000EBC5010246681E02EBC00205CA05C147
:10B640006D1E002DE2D100BFE16801EBC5000821AD
:10B650000EF0F3FD08200EF00BFBE16841F8350019
:10B66000E16851F8350016F09BFBE06800EBC5007F
:10B67000406820F0807000F18070E16801EBC50146
:10B680004860E06800EBC500406866F31700E168B9
:10B6900001EBC5014860E06850F8350093E7000011
:10B6A0002DE9FC410746884616463868C068C068E0
:10B6B000B0FBF8F4B44200DD344619480068006875
:10B6C000806958B30020ADF80000ADF80400ADF873
:10B6D000020025B200BF681E00B2ADF80600104996
:10B6E000096808680E49096809688A6969469047C7
:10B6F000684603F063FDA04200DC03E0681E05B26B
:10B70000002DE8DC00BF002D04DC00BF00BF0020DE
:10B71000BDE8FC81BDF90600441C00BF2046F7E7E8
:10B72000E800002470B505460C46641E002C01DAC2
:10B730006D1E0C340C2C01DB6D1C0C3C012C04D157
:10B74000284602F0DEF81C300BE0072094FBF0F1F5
:10B7500000FB114606EBD6704010A6EB4000C0F18E
:10B760001F00C0B270BD10B5034669B11068401E1D
:10B7700010601068002805DB98680068146850F8AD
:10B78000240010BD0020FCE71068401C1060106809
:10B790009C686468A04205DA98680068146850F8EC
:10B7A0002400EEE70020ECE730B50446481CE568CD
:10B7B00035F8100035F81150401B00B21080A06819
:10B7C00030F8110000B21880E06830F811006568A8
:10B7D000284430BD2DE9F84F06460C461546B046C4
:10B7E0000CF0FCFA81460CF04EFB8246BAF1010FD8
:10B7F0000DD0BAF1030F0AD015B14FF6FF702880B3
:10B8000014B14FF6FF7020800020BDE8F88F0CF0D7
:10B81000E5FA814669460CF0FBFA002D3ED0304631
:10B8200010F050FEBDF8001008440FFA80F9002116
:10B83000304611F052FB01280AD10021304611F0A8
:10B84000D1FE318B081AA0EB09000FFA80F90CE049
:10B85000B08AA9EB00000FFA80F90021304611F000
:10B8600018FEA9EB00000FFA80F9002028800027BD
:10B8700028800CE02988D8F8300030F811003844CE
:10B8800007B2B94500DA07E02888401C28802888DC
:10B89000B8F824108842EDDB00BF00BF6CB330461F
:10B8A00010F01AFEBDF8021008440FFA80F9F08A71
:10B8B000A9EB00000FFA80F90021304611F062FF79
:10B8C000A9EB00000FFA80F90020208000272080DB
:10B8D0000CE02188D8F82C0030F81100384407B269
:10B8E000B94500DA07E02088401C20802088B8F89D
:10B8F00026108842EDDB00BF00BF012085E72DE95F
:10B90000F04F87B00446884691461E464846F2F7F7
:10B9100021FD01218140C8B206904FF0FF3A208CF2
:10B9200005900598C04380B2049094F82200C0F3BB
:10B9300080000290002530E0E06800EBC5077868E1
:10B94000C0F3406000B92DE0029800B124E0E16846
:10B9500001EBC501496821F07F4014F05EFA83468F
:10B96000C34500D018E0386880790699084000B9CE
:10B9700012E003AA4946386816F092F908B101208E
:10B9800000E000200190019828B103983060012068
:10B9900007B0BDE8F08F00BF6D1C608CC0F3C50020
:10B9A000A842C9D800BF41E0E06800EBC50BE168E0
:10B9B00001EBC501496821F07F4014F02EFA009098
:10B9C000E16801EBC501496821F07F4014F029FAD4
:10B9D00007460098404500D027E0DBF8000080795A
:10B9E0000699084000B920E00498384000B11CE0F6
:10B9F000574500DC19E003AA4946DBF8000016F0C1
:10BA00004FF908B1012000E000200190019858B1E1
:10BA10000598874203D1039830600120B8E7BA4502
:10BA200002DABA460398306000BF6D1C608CC0F328
:10BA3000C500A842B8D8BAF1000F03DB0398306004
:10BA40000120A5E70020A3E72DE9FC5F83468A4695
:10BA500090461D46082001907F200090404608EB4C
:10BA6000D0714C1008F0010080F00109CBF15A01AF
:10BA700008B218F0DDFAAAEB04014843C611584693
:10BA800018F0D6FAAAEB04014843C711002E0ADDCC
:10BA9000A6F17F000612301B484400B228803019FE
:10BAA00000B2A8800AE006F17F000612301B00B247
:10BAB00028803019A0EB090000B2A880002F0ADD11
:10BAC000A7F17F000712381B484400B2688038197C
:10BAD00000B2E8800AE007F17F000712381B00B2CD
:10BAE00068803819A0EB090000B2E880BDE8FC9F2F
:10BAF00038B504460025044802882946204611F03E
:10BB00005BFE0090009838BD200100242DE9FF4F16
:10BB100089B083469246DDE919785C46A08C0A9983
:10BB2000484380B2069000BFBAF808003844404449
:10BB300000B20590069D4FF0000986E0A06A50F81B
:10BB4000250000287BD0206B30F9190007900026D3
:10BB500000BF1EE0A919A06A50F82100B0B1002171
:10BB6000AB19A26A52F8230000B1017801F001027A
:10BB700052B109EB0602521C236B33F81230079ABC
:10BB80001A4412B2079200E009E000E007E0701CDE
:10BB900086B206EB0901A08C401E8142DADB00BFB1
:10BBA00000200490A06A50F8250020B1A06A50F847
:10BBB000250000780490049800F0020090B100BFC6
:10BBC000BAF90800384400EB08010598814205DD08
:10BBD00000BFBAF908003844404400E0059800B2BC
:10BBE00005902BE0DDE9170101440798401A00B2E7
:10BBF00007900022079916988DE80700A06A50F870
:10BC00002500411C524608A80C9B18F0FFFABDF90C
:10BC10002200384400EB08010598814205DDBDF99A
:10BC200022003844404401E009E0059800B2059044
:10BC3000A81985B209EB06001FFA80F900BF681C3D
:10BC400085B209F101001FFA80F9A18C0698084419
:10BC5000A8423FF773AF05980DB0BDE8F08F000024
:10BC600038B504460025054802882946204611F0CB
:10BC7000A3FD00900098C0B238BD00002A01002446
:10BC800038B504460025054802882946204611F0AB
:10BC900093FD00900098C0B238BD00002C01002434
:10BCA0002DE9FF5F06460C460021304611F069FE83
:10BCB00003904FF48021304611F063FE0290039808
:10BCC0000AF068F9074602980AF064F980460021F4
:10BCD000304611F0C8FE814608EB070000EBD0713A
:10BCE00009EB61010DB2304610F0F2F9834600EB2A
:10BCF000DB704110F08A0844AA4605EBDA71A0EB2C
:10BD0000610000B260806088284400B2E08069462B
:10BD1000304610F087F9BDF800002080BDF804001F
:10BD2000A080BDE8FF9F2DE9FF4705462846FFF7A5
:10BD30002CFC06461EB9002004B0BDE8F0874FF485
:10BD40008021284611F01DFE80464FF4802741F2E5
:10BD50005A423946284611F02FFD0290029804B24B
:10BD600000BF30460CF070FF8146002041F6FF71A5
:10BD7000CDE90001234642464946029003A818F047
:10BD800045FABDF90C00D7E702460B46114633B120
:10BD9000012B0AD0022B05D0042B0CD108E001F1B5
:10BDA0003C00704701F14800FBE701F15400F8E75F
:10BDB00001F16000F5E70020F3E770B504460E4698
:10BDC000002510E0E06800EBC5004068C0F340606B
:10BDD00040B1E06800EBC500406820F07F40B04211
:10BDE00000D105E06D1C608CC0F3C500A842E9D805
:10BDF00000BF608CC0F3C500A84203D0E06800EB30
:10BE0000C50070BD608CC008401C618C60F3C80127
:10BE10006184628CC2F3C502D100E0680EF04AF87A
:10BE2000E060608CC0F3C500451E09E0E06800EBEF
:10BE3000C5010246681E02EBC00205CA05C16D1E9F
:10BE4000002DF3D10821E0680EF0F7F908200DF07D
:10BE50000FFFE1680860E168086815F0A1FFE0687D
:10BE6000406820F0007000F10070E1684860E06810
:10BE7000406866F31700E1684860E068C1E70000C9
:10BE800037B584B005461446114890F8200000F0FC
:10BE9000010070B10221122013F0EEFF2246039040
:10BEA000059905F083FB0290BDF80810084607B01D
:10BEB00030BD0221122014F009F8224601900599A4
:10BEC00005F074FB0090BDF800100846EFE7000095
:10BED000480B00242DE9F04F064688461746DDE959
:10BEE000095CDDE90B490022B8F1000F03D092464E
:10BEF000A4F800A069E0052F03D0062F01D0042F7D
:10BF000003D10023012D00D10127002106E03CF8D8
:10BF100011A09A4492440FFA8AF2491CA942F6D31E
:10BF2000A2EB030A0FFA8AF2072F4DD2DFE807F0DF
:10BF30000409144C3E2C1B004FF0000AA4F800A08A
:10BF400042E0A6EB020A0AEBDA7B4FEA6B0B0FFA30
:10BF50008BFBA4F800B037E0A6EB020A0FFA8AFACE
:10BF6000A4F800A030E04FF0000AA4F800A0A6EB6F
:10BF7000020A0FFA8AFBA5F1010A0FFA8AFA9BFB63
:10BF8000FAFA0FFA8AF31FE0A6EB020A0FFA8AFA0E
:10BF90000FFA85FB9AFBFBFA0FFA8AF39A4603EB3A
:10BFA000DA7B4FEA6B0BA4F800B00DE0A6EB020AB7
:10BFB0000FFA8AFB05F1010A0FFA8AFA9BFBFAFADB
:10BFC0000FFA8AF3238000BF00BF00210CE034F891
:10BFD00011A03CF811B0DA449A440FFA8AFA01F140
:10BFE000010B24F81BA0491CA5F1010A8A45EED8D3
:10BFF00034F81AB03CF81AA0DA44B4F800B0AAEB4E
:10C000000B0A0FFA8AF0B9F1000F10D000210CE0F2
:10C0100034F811A0A6EB0A0A3CF811B0AAEB0B0AFF
:10C020000FFA8AFA24F811A0491CA942F0D3BDE8FE
:10C03000F08F2DE9F04F8DB0044600BF00BF2046C1
:10C04000FEF766FF81462046FFF752FD0746B9F12D
:10C05000000F00D017B90DB0BDE8F08F06A920463B
:10C06000F3F75EFD0C2103A80EF0E7F84FF0000B8C
:10C0700041F232025946204611F09EFB0090009892
:10C0800005B200BF00BF41F612025946204611F02A
:10C0900093FB0090009828440FFA80FA00BF41F605
:10C0A00010025946204611F087FB00900098284462
:10C0B00000B20290204610F005FAA18A5144081AF5
:10C0C00000B2ADF81400204610F006FA0146E28AEC
:10C0D00002981044401A01B2ADF81610002609E08B
:10C0E000A068006850F826B003AA06A9584601F0D7
:10C0F0001DFC761CA0684068B042F1D806A8F4F791
:10C100001FF80021204611F03DFD0190002120463E
:10C1100010F0AAFF804642F2D1710198884202D005
:10C120000846804502D1204612F041FD00222B2115
:10C13000204609F0CBFD00BF8DE700002DE9F0415E
:10C1400006463746788E002802DC0020BDE8F081E4
:10C150007D6A002409E0F96A31F81400F3F7D4FC91
:10C1600008B10120F2E7601C84B255F8240050B1F8
:10C1700055F8240005A1E4F79BFC20B155F82400F4
:10C1800000780028E7D10020E0E700000A00000066
:10C1900001460020302905DB392903DCA1F13002FA
:10C1A000D0B21CE0612902DBA1F12002D1B2A1F1E1
:10C1B0004102062A10D2DFE802F0030507090B0D41
:10C1C0000A200BE00B2009E00C2007E00D2005E021
:10C1D0000E2003E00F2001E0002000BF00BF7047E9
:10C1E0002DE9F04105462C464FF44041606A03F0CA
:10C1F0008FFB94F92E10A08D0122FEF7B7FE0746A3
:10C20000206B18B300261EE0206B30F82600A18DAD
:10C21000884216D1206B00EB860090F9021094F949
:10C220002E0081420DD1226B02EB860292F903208F
:10C23000521E3A44D21D91B24FF40042606A03F09C
:10C2400061FF701C86B2A08EB042DDDCA08D218D16
:10C25000884210D194F92E1094F92A0081420AD113
:10C2600094F92B20521E3A44D21D91B24FF48042D1
:10C27000606A03F047FFBDE8F08100002DE9F0415E
:10C2800004460D46606D18B900BF00BFBDE8F081DF
:10C29000606DA96830F92160606DA96800EB8100CC
:10C2A000B0F90270A87B1A490978884206D0A87BA9
:10C2B000012801D100BF01E000BF00BFA87B012819
:10C2C0000AD1B4F90C00B04203D1B4F90E00B8425F
:10C2D00002D0201D00F094FE201D00F00FFF00B1E1
:10C2E000D4E726816781A87B012803D1201D00F0B7
:10C2F00027FD02E0201D00F083FE201D00F0FEFE61
:10C3000000B1C3E72189A1816189E18100BFBDE757
:10C31000D000002470B5044604214048006811F0A4
:10C32000CFFC20B13D49E06A0968884200D170BD68
:10C330003A4800680FF0C2FE0546E06A18B1E06AAC
:10C340000FF0BCFE00E000200646B54224D14DB1FE
:10C35000324800680AF024FA204600F0CFFE002898
:10C3600057D0E4E7E06A50B12D49E06A0A680F212E
:10C3700009F0ACFC204600F0C1FE00B1D7E7284828
:10C380000E2102682548006809F0A0FC204600F054
:10C39000B5FE00283DD0CAE766B9E06A50B1204931
:10C3A000E06A0A680F2109F091FC204600F0A6FE21
:10C3B000C8B1BCE7E06AB0B156B91949E06A0A6889
:10C3C0000F2109F083FC204600F098FE58B1AEE73B
:10C3D0001349E06A0A68102109F078FC204600F051
:10C3E0008DFE00B1A3E745B10C4800680AF0D8F90A
:10C3F000204600F083FE60B199E709480E210268EB
:10C400000648006809F062FC204600F077FE00B1A3
:10C410008DE702480168E16200BF88E7CC00002494
:10C42000C80000242DE9F04704460D46A87B0128EA
:10C4300005D16079C0F3C00008B1BDE8F08760792C
:10C44000C0F3C00058B1607920F00801617100218B
:10C450006164607920F00101617100212172277A05
:10C46000A97B21726968E160D4F85080B8F1000FAF
:10C4700000D1E2E740460AF009FAED4908600846B3
:10C48000006800B9D9E7A87B08B10020A881404620
:10C490000AF0FCF9E64908600846006800B9CCE7F4
:10C4A000A87B012853D1002F51D100BF00BF17F046
:10C4B000A3FA606468680A2820D1DD48006811F09A
:10C4C000EFFF28B91021DA48006811F0F9FB08B134
:10C4D000012000E00020064640460AF0CFF900B9EE
:10C4E0005EB9D44801210268D148006809F0EEFB2A
:10C4F000201D00F003FE00B19FE74AE168681428A0
:10C5000004D1A889401E00B2A88142E168681328BE
:10C5100004D1A889401C00B2A8813AE168681B28B0
:10C5200010D11B2140460AF03DFAC2482021026882
:10C53000BF48006809F0CAFB201D00F0DFFD00289D
:10C54000DBD07AE7404669680AF02CFA21E1A87B43
:10C55000012870D1012FFCD1607900F00100B8BB37
:10C56000606C17F03BFA2168898B884244D9607966
:10C5700020F00100401C607117F03EFAA06468686A
:10C580000A2833D1AA48006811F08AFF28B910217F
:10C59000A748006811F094FB08B1012000E00020DA
:10C5A0000646B6B140460AF07CF901281DD900BF05
:10C5B00000BF40460AF062F980F001094946404652
:10C5C0000AF0FFF920219A4800680EF07EFF0CE087
:10C5D00012E09848052102689548006809F076FB4A
:10C5E000201D00F08BFD00B127E700BF607920F02F
:10C5F0000100401C6071CCE0607900F0010000286F
:10C600008BD0A06C17F0EAF92168C98B884284D9D5
:10C6100017F0F2F9A06468680A280DD18548062150
:10C6200002688348006809F051FB201D00F066FD98
:10C6300000288BD001E719E06868142804D1A88984
:10C64000401E00B2A881A4E06868132804D1A8891C
:10C65000401C00B2A8819CE0404669680AF0A2F93B
:10C66000201D00F04BFD0028C5D0E6E6A87B002881
:10C6700070D1012F6ED100BF00BF68680A286BD14E
:10C680006B48006811F00CFF28B910216848006859
:10C6900011F016FB08B1012000E0002006463EBB69
:10C6A0006448082102686248006809F00FFB201DF9
:10C6B00000F024FD00B1C0E6607900F0010030B95F
:10C6C0005C48042102685A48006809F0FFFA201DFE
:10C6D00000F014FD00B1B0E6564807210268544846
:10C6E000006809F0F3FA201D00F008FD88B3A4E605
:10C6F00040460AF0C3F870B3607900F0010020B141
:10C7000040460AF0CEF801282CD84A480821026891
:10C710004748006809F0DAFA201D00F0EFFC00B18C
:10C720008BE64448042102684148006809F0CEFACB
:10C73000201D00F0E3FC00B17FE63E4807210268BF
:10C740003B48006809F0C2FA201D00F0D7FC20B178
:10C7500073E617E01DE00BE015E00A2140460AF001
:10C7600021F90FE02021324800680EF0AEFE09E00A
:10C77000607900F0010028B900BF00BF01214046E8
:10C780000AF01FF900BF00216164607920F0010107
:10C790006171002026490860A88928B340460AF044
:10C7A0006DF810B300BF00BFB5F90C0000280CDA1B
:10C7B000002604E0142140460AF0F4F8761CB5F98E
:10C7C0000C004042B042F5DC0EE0B5F90C00002848
:10C7D0000ADD002604E0132140460AF0E3F8761C47
:10C7E000B5F90C00B042F6DC20E000BF00BFB5F99F
:10C7F0000C0000280BDA002603E040460AF02CF873
:10C80000761CB5F90C004042B042F6DC0DE0B5F9FB
:10C810000C00002809DD002603E0404609F0B4FFC3
:10C82000761CB5F90C00B042F7DC00BF00BF04E68F
:10C83000CC000024C800002470B50446A06A00B1F2
:10C8400070BD94F83D0000F0010000B1F8E7256AE2
:10C8500003E028460FF08CFC054635B14FF400414B
:10C86000284611F02DFA0028F3D105B9E8E7B4F90C
:10C870001000002802DDB4F9100002E0B4F9100045
:10C880004042484909680968897E884212DAB4F949
:10C890001200002802DDB4F9120002E0B4F912001F
:10C8A0004042404909680968897E884202DA0021CD
:10C8B00021876187218F208A084401B22187618FF7
:10C8C000608A084401B26187B4F93800002802DDAB
:10C8D000B4F9380002E0B4F938004042314909683F
:10C8E0000968C97E88420FDCB4F93A00002802DDED
:10C8F000B4F93A0002E0B4F93A0040422949096823
:10C900000968C97E88424ADD012184F83D10B4F9E6
:10C910003800002802DDB4F9380002E0B4F938002C
:10C920004042B4F93A10002902DDB4F93A1002E0AD
:10C93000B4F93A104942884213DDB4F938000028AE
:10C9400007DD94F83C0020F0F000203084F83C0033
:10C950001AE094F83C0020F0F000103084F83C001D
:10C9600012E0B4F93A00002807DD94F83C0020F00A
:10C97000F000803084F83C0006E094F83C0020F0A1
:10C98000F000403084F83C0006480C21026828463C
:10C9900009F09CF9204600F0B1FB00B150E700BF60
:10C9A0004EE70000C80000242DE9F04104460D4682
:10C9B000A87B012805D16079C0F3C00008B1BDE8AB
:10C9C000F0816079C0F3C00058B1607920F00801AF
:10C9D000617100216164607920F0010161710021C1
:10C9E0002172276D07B9EAE7384609F04FFF9149F0
:10C9F00008600846006800B9E1E7D4F80C8069686F
:10CA0000E160267AA97B2172A87B012853D1002EF0
:10CA100051D100BF00BF16F0EFFF606468680A28BC
:10CA200010D10A21384609F0BDFF83480121026870
:10CA30008048006809F04AF9201D00F05FFB0028DB
:10CA400038D0BCE768681B2810D11B21384609F094
:10CA5000A9FF7948202102687648006809F036F974
:10CA6000201D00F04BFB0028EAD0A8E768680928E1
:10CA70000CD10021384609F0A4FF384609F084FEA5
:10CA8000201D00F03BFB0028DAD098E768680B28EF
:10CA90000CD10021384609F094FF384609F0DCFE3D
:10CAA000201D00F02BFB0028CAD088E738466968B3
:10CAB00009F078FFB8E0A87B01287BD1012E79D15D
:10CAC00068680A280BD15C4802210268594800684E
:10CAD00009F0FCF8201D00F011FB00B16FE7607950
:10CAE00000F00100F0B9606C16F078FF2168898BC6
:10CAF000884217D9607920F00100401C6071686895
:10CB00000A28D7D116F078FFA0644B4805210268A7
:10CB10004848006809F0DAF8201D00F0EFFA002814
:10CB2000C8D04CE7607900F0010000287CD0A06CF0
:10CB300016F054FF2168C98B884275D916F05CFF46
:10CB4000A06468680A280CD13B480621026839486D
:10CB5000006809F0BBF8201D00F0D0FA002863D06F
:10CB60002DE7686809280CD10021384609F029FF13
:10CB7000384609F009FE201D00F0C0FA002853D005
:10CB80001DE768680B280CD10021384609F019FF11
:10CB9000384609F061FE201D00F0B0FA88B30EE7B8
:10CBA00008E03846696809F0FDFE201D00F0A6FA8D
:10CBB00038B304E7A87B20BB012E35D100BF00BFEE
:10CBC000C5F8048068680A2828D11B480821026833
:10CBD0001848006809F07AF8201D00F08FFA00B1BB
:10CBE000EDE6607900F0010060B9134804210268A5
:10CBF0001048006809F06AF8201D00F07FFA08B1BB
:10CC0000DDE611E00C48072102680A48006809F0D7
:10CC10005DF8201D00F072FA00B1D0E600216164D9
:10CC2000607920F00101617100200249086000BFB5
:10CC3000C5E60000CC000024C800002470B50546FD
:10CC40000C462868066921882982618869823068D3
:10CC5000007CC0F30110022805D03068007CC0F3CE
:10CC6000011003280DD1306800882188401A401E29
:10CC700000B22080306840886188401A401E00B2AF
:10CC800060803068007CC0F30110012805D0306856
:10CC9000007CC0F3011003280AD1B4F902002188F6
:10CCA000618031684988091A491E09B2218000BF94
:10CCB000B4F90000002801DA00BF00BF2968086944
:10CCC00005F0DCF9B4F90010884201DC00BF00BFB8
:10CCD000B4F90200002801DA00BF00BF2968086922
:10CCE00005F032FAB4F90210884201DC00BF00BF3F
:10CCF000E86C90B1B5F90C00B4F90010884205D188
:10CD0000B5F90E00B4F90210884206D0B4F9022039
:10CD1000B4F90010E86C12F086FD21882981618841
:10CD200069812879012803D1281D00F009F802E063
:10CD3000281D00F065F92989A9816989E98170BDFB
:10CD40002DE9F041044600BF00BFAB49206A0860EE
:10CD50006078C0F3C00008B1BDE8F081A748006862
:10CD6000006805690026A448006810BB284605F045
:10CD7000A0F90746211D0BF0BAF99F490860084643
:10CD8000006840B9284605F0A1F90746211D0BF0BF
:10CD9000AEF9994908609848006840B9284605F0FE
:10CDA000B1F90746211D0BF0A2F99349086001264D
:10CDB0002AE0A06A40BB4FF400518F48006810F091
:10CDC0007FFF08BB284605F074F90746211D0BF0CC
:10CDD0008EF9894908600846006840B9284605F080
:10CDE00075F90746211D0BF082F9834908608248D6
:10CDF000006840B9284605F085F90746211D0BF06B
:10CE000076F97D490860012666B1606A50B100215B
:10CE1000218361832046F0F79CFD204600F06EF9E7
:10CE200000B199E77449206A0968884254D0A18802
:10CE30002181E1886181206A60B1276A6F480321FE
:10CE40000268384608F042FF204600F057F900B16A
:10CE500082E700BF6848016821620168616200687A
:10CE6000002839D016F0C8FD2064607820F0010059
:10CE700060700021A182E18294F83C0020F00F0153
:10CE800084F83C1094F83C0020F0F00184F83C1049
:10CE9000002184F83D1021876187218261825748F3
:10CEA000012102685448006808F010FF204600F095
:10CEB00025F900B150E7514800684079C0F3C0003F
:10CEC00000B149E74D480068001DFFF723FA2046EE
:10CED00000F014F900B13FE7A1882089081A01B2D7
:10CEE0002182E1886089081A01B26182B4F91800D0
:10CEF00040F35C002083B4F91A0040F35C016183C5
:10CF0000218BB4F91000800001EBE00001B2218315
:10CF1000618BB4F91200800001EBE00001B2618383
:10CF2000A169E16134480068002863D033480221D8
:10CF300002683148006808F0C9FE204600F0DEF8BB
:10CF400000B109E72D4800684079C0F3C00000B186
:10CF500002E72046F0F762FC204600F0CFF800B16F
:10CF6000FAE62046FFF768FC204600F0C7F800B15B
:10CF7000F2E6A06A00BB607800F00100E0B9206C26
:10CF800016F02CFD1D4909680968898B884213D960
:10CF90001A48052102681848006808F097FE2046E4
:10CFA00000F0ACF800B1D7E6607820F00100401C3A
:10CFB000607016F021FD6064A06AD8B9607800F056
:10CFC0000100B8B1606C16F009FD0C4909680968E8
:10CFD000C98B88420ED909480621026806480068B4
:10CFE00008F074FE204600F089F800B1B4E616F0AF
:10CFF00003FD606400BFAFE6CC000024C80000243D
:10D0000070B504466078C0F3C00048B100212162C9
:10D010006162002020646064607820F00800607025
:10D020002049206A0860A56A0846006878B300BFF6
:10D0300000BF1D48082102681A48006808F046FE33
:10D04000204600F05BF800B170BDDDB9607800F0FB
:10D05000010058B91448042102681248006808F019
:10D0600035FE204600F04AF800B1EDE70E480721F2
:10D0700002680C48006808F029FE204600F03EF8DF
:10D0800000B1E1E7002121620020206460643DB12D
:10D090002046F0F75EFC204600F030F800B1D3E700
:10D0A00000BFD1E7CC000024C80000244179C1F3BF
:10D0B000400100291ED0002242628262C262417990
:10D0C00021F00102427100224264826402834283A1
:10D0D00090F8401021F00F0280F840200022828357
:10D0E000C2838287C287417921F002024271002106
:10D0F000014A116070470000CC00002401464878C6
:10D10000C0F3400010B10020024A10604878C0F31C
:10D1100040007047CC0000242DE9FE4F06463446FF
:10D1200094F82A0000F0010000284AD0A08C0721C2
:10D1300090FBF1F085B2E08C90FBF5F105FB11005E
:10D14000E084E08C032101FB0500E084E08C90FB8F
:10D15000F5F105FB11002085208D032101FB050061
:10D1600020850021304610F00CFC02900021304652
:10D1700010F079FC8146029808F00CFF0746304613
:10D180000EF012FF80463046FEF7FFF90190E08C6A
:10D1900007EB090148430FFA80FA414608EBD172C8
:10D1A0005210384607EBD073A2EB63020FFA82FBF2
:10D1B000ABEB0A0000B20090DDE9001012F014FEA3
:10D1C00000BFBDE8FE8F0000F8B50446A56A8021C7
:10D1D000284610F075FD50B941F6FF7003464242F3
:10D1E0001146009004F1300002F0F4F8A7E0284660
:10D1F0000FF054F9012804D0022816D0032843D197
:10D2000025E0E88A401C01B2002341F6FF7228465F
:10D21000FDF77AF86086E88A401E02B20023524980
:10D220002846FDF771F8E08635E0B5F91A100023BD
:10D2300041F6FF722846FDF767F86086B5F91A20B7
:10D24000002349492846FDF75FF8E08623E005F111
:10D25000140001F0A5FF074600EBD7704110E88AE3
:10D26000084406B2002341F6FF72701C01B2284642
:10D27000FDF74AF86086701E02B200233A4928463C
:10D28000FDF742F8E08606E04EF20101618641F6C4
:10D29000FF71E18600BF00BF28460FF0F5F80128B6
:10D2A00004D0022814D0032841D123E0B5F914108A
:10D2B000002341F6FF722846FCF78CFF2086B5F963
:10D2C0001420002328492846FCF784FFA08635E077
:10D2D000B5F91810002341F6FF722846FCF77AFFD3
:10D2E0002086B5F9182000231F492846FCF772FF55
:10D2F000A08623E005F1140001F0CCFF074600EB07
:10D30000D770A98A01EB600006B2002341F6FF72D4
:10D31000701C01B22846FCF75DFF2086701E02B229
:10D32000002311492846FCF755FFA08606E04EF27F
:10D330000101218641F6FF71A18600BF00BF208E4A
:10D3400010B94EF201012186A08E10B941F6FF718D
:10D35000A186608E10B94EF201016186E08E10B98F
:10D3600041F6FF71E186F8BD01E0FFFF2DE9F047CE
:10D3700004460D4616461F4604F14C0000EBC6104D
:10D3800050F8278000BFB8F1000F03D100BF00BFE5
:10D3900000BFFEE700BF00BF1DB900BF00BF00BF58
:10D3A000FEE700BFC5F80880EC60C8F80C5000BF6D
:10D3B0002846F2F7E6FA82462846F2F7E2FA814674
:10D3C0000421F1F704FE824503D000BF00BF00BF77
:10D3D000FEE700BF04F14C0000EBC61040F82750F8
:10D3E0000121B14020690843206104F1140050F884
:10D3F00026000121B940084304F1140141F8260038
:10D40000BDE8F08770B505460C4600200F4908605E
:10D4100022461D21284608F059FC0C48006890B1AE
:10D420000A480068007808B9002070BD2146074806
:10D430000068E3F73DFB30B104480168284615F069
:10D4400085FD0020F1E70120EFE70000AC02002499
:10D450002DE9F04F89B006460C4615461F4600BF21
:10D4600000BF304611F062F810B909B0BDE8F08F86
:10D47000B046AC4200D1F8E7B4F5B47F02DDA4F5C4
:10D48000B47084B2B5F5B47F02DDA5F5B47085B291
:10D49000B8F82400204484B2B8F82400284485B2A7
:10D4A000B4F5B47F02DDA4F5B47084B2B5F5B47FF1
:10D4B00002DDA5F5B47085B208AA07A93046FDF7CC
:10D4C000DBFC394630460FF0ADFC8146B246BB4628
:10D4D00051225946504610F06FF90390039808B155
:10D4E000012000E00020069004A9069808B1012060
:10D4F00000E00020CDE90059CDE90201BDF820305F
:10D500009AB2BDF91E10BDF91C00234604F0CBFEF3
:10D5100004A9304610F0ABFF00BFA6E71FB50446D4
:10D5200002AA03A92046FDF7A7FC6B46BDF9082017
:10D5300003A92046FDF786FF6946204610F097FFB5
:10D540001FBD2DE9FF4781460C464FF6FF70844210
:10D5500001D1BDE8FF874E46308EA04200DCF8E7DF
:10D56000B06A00EBC40102A801F0F6FD6946484626
:10D570000EF058FD0021484610F05BF807460021E8
:10D5800048460FF0DDFE804648460EF057FD8246C5
:10D5900004F062FD05460A2195FBF1F0B84201DA7C
:10D5A000384602E00A2095FBF0F007B20A2095FB0E
:10D5B000F0F0404501DA404602E00A2095FBF0F029
:10D5C0000FFA80F8BDF80800BDF80010C91B084428
:10D5D00000B2ADF80800BDF80A00BDF80210A1EBDA
:10D5E0000801084400B2ADF80A00BDF80C00BDF80F
:10D5F00000103944084400B2ADF80C00BDF80E002C
:10D60000BDF802104144084400B2ADF80E00B08EDF
:10D61000A0420ED1F06A30F8140000F4007040B15E
:10D6200002A801F011FEBDF80A10081A00B2ADF808
:10D630000A0002A9484610F01AFF00BF89E700005F
:10D6400070B5F0F775FE04462068C06A18B120680E
:10D65000C16A884740E02148006800F48030D8B3B0
:10D6600000BF00231D4D70352B6000BF00BF00BF01
:10D6700000BFBFF34F8F00BF00BF00BF2B1F186854
:10D68000C0F34E3100BFC0F3C90200BF43F6E073E0
:10D6900003EA41134FF0404505EA82752B43104DD4
:10D6A0002B6000BF00BF131EA2F10102EED10B1EC2
:10D6B000A1F10101E7D100BF00BF00BFBFF34F8F51
:10D6C00000BF00BF00BF00BF00BF00BFBFF36F8F30
:10D6D00000BF00BF00BF00BF70BD000014ED00E040
:10D6E00074EF00E01CB5044621466846FDF75AFE7B
:10D6F0006946204610F0BBFE1CBD2DE9F04F87B0F7
:10D7000005460E462C46B4F88200B04202DC07B053
:10D71000BDE8F08F28460EF066FCB4F8841048434C
:10D72000001207B228460EF0C9FD824694F8880020
:10D73000C0F3C00018B9284610F05FFEE7E794F880
:10D74000880000F0070001287CD1002128460FF056
:10D750001EFC0690002128460FF033FE0590A98A92
:10D760000598014406980844A0EB0A000FFA80FBD4
:10D770004FF4A020029040F649022846029910F08A
:10D780001BF80190019800B280464FF40031284602
:10D7900010F005FA814600BFA88AADF80C00E88AAF
:10D7A000ADF80E00288BADF81000688BADF81200B4
:10D7B00000BFBDF80E0008EB0901401A00B2ADF839
:10D7C0000E00BDF8120008EB0901084400B2ADF8E4
:10D7D0001200B4F88200401EB0421FDD07FB06F0C5
:10D7E000B4F88210491E90FBF1F05844A0EB0800F9
:10D7F000A0EB090000B2ADF80C00701C7843B4F83F
:10D800008210491E90FBF1F058444044484400B255
:10D81000ADF8100003A9284610F029FE002E21DDE6
:10D82000701E7843B4F88210491E90FBF1F0584402
:10D83000A0EB0800A0EB090000B2ADF80C0007FB5C
:10D8400006F000E00FE0B4F88210491E90FBF1F002
:10D8500058444044484400B2ADF8100003A928469B
:10D8600010F005FE4BE094F8880000F00700022855
:10D8700038D1002128460FF056FDB4F884104843F3
:10D880004FEA202807EB0800B4F8821090FBF1F073
:10D890000FFA80F909FB06F00FFA80FB00212846F9
:10D8A0000FF08FFDA98A084458440FFA80FB05A9A0
:10D8B00028460EF0B7FBABEB0A0000B2ADF814003F
:10D8C000BDF81400484400B2ADF81800BDF81400CB
:10D8D000A0EB080000B2ADF8140005A9284610F02E
:10D8E000C6FD0CE094F8880000F00700032803D17F
:10D8F000284610F082FD02E0284610F07EFD00BFB1
:10D9000005E7014601F0030070B96420B1FBF0F2B5
:10D9100000FB121030B94FF4C870B1FBF0F200FBFD
:10D92000121008B9012070470020FCE72DE9F74FDD
:10D9300094B004460D46F249204610F0CCF910B1DF
:10D9400017B0BDE8F08F2046FDF700FB139020468E
:10D95000FEF796F91290129808B1139800B9EFE704
:10D960002046FDF7E3FA06462046FEF779F907461A
:10D9700000BF00200390E3480288204603990FF07F
:10D980001BFF02900298C0B2119000BF00200390CC
:10D99000DD480288204603990FF00EFF029002989E
:10D9A000C0B21090286830F916100F9129681398AA
:10D9B0003044401E31F81010AA6813983044401EBD
:10D9C00032F81000084400B20E90DDE90E01401A52
:10D9D00000B20D90686830F917100C9169681298C0
:10D9E0003844401E31F81010EA6812983844401E3E
:10D9F00032F81000084400B20B90DDE90B01401A28
:10DA000000B20A90002120460FF040FA012809D107
:10DA1000119810B90220119004E01198022801D148
:10DA20000020119000BF208BA18A401A401C00B238
:10DA3000099000BF608BE18A401A401C00B2089038
:10DA4000119830B1012818D0022827D0032808D017
:10DA500000BF286830F916A0608C20F480606084D4
:10DA60002CE0286830F916A00D980990608C20F4FD
:10DA7000806000F58060608420E0296831F816300D
:10DA8000099A0D99881A00EBD07103EB61010FFA26
:10DA900081FA608C20F4806060840FE0204610F0F2
:10DAA000B2F8296831F816200D991144081A0FFAB6
:10DAB00080FA608C20F48060608400BF00BF109802
:10DAC00030B1012818D0022827D0032808D000BF81
:10DAD000686830F917B0608C20F4007060842CE026
:10DAE000686830F917B00A980890608C20F40070CC
:10DAF00000F50070608420E0696831F81730089AFA
:10DB00000A99881A00EBD07103EB61010FFA81FBCF
:10DB1000608C20F4007060840FE020460EF0D8FA8C
:10DB2000696831F817200A991144081A0FFA80FB26
:10DB3000608C20F40070608400BF00BF204610F0AD
:10DB400062F80999884205D120460EF0C1FA089979
:10DB500088422BD000BFA08AADF80800E08AADF85B
:10DB60000A00208BADF80C00608BADF80E0000BFF2
:10DB7000204610F042FC04F11400099901F037FC32
:10DB800004F11400089901F02CFC204610F035FC3B
:10DB900002AA2921204608F099F820460EF0E8FA5A
:10DBA00022462221019008F091F800BF0020039046
:10DBB00043F20C02204603990FF0FEFD02900298FA
:10DBC0000FFA80F800BF0020039043F20D022046B8
:10DBD00003990FF0F1FD029002980FFA80F900BF4F
:10DBE000204610F010F8079020460EF071FA0690CB
:10DBF00008F4C040B0F5005F01D1012000E0002032
:10DC000030B128F4C040B0F5FA6F01DC012000E02B
:10DC1000002090B128F4C040B0F57A7F04DD28F4EC
:10DC2000C040C0F57A7001E028F4C040079948432D
:10DC3000642190FBF1F00FFA80F809F4C040B0F5D0
:10DC4000005F01D1012000E0002030B129F4C04084
:10DC5000B0F5FA6F01DC012000E0002090B129F45A
:10DC6000C040B0F57A7F04DD29F4C040C0F57A7079
:10DC700001E029F4C04006994843642190FBF1F08B
:10DC80000FFA80F90AEB08000FFA80FA0BEB090093
:10DC90000FFA80FB169800895044A18A401A00B2FE
:10DCA00005901698408900EB0B01E08A081A00B233
:10DCB0000490059808B90498F8B1204610F09DFB2F
:10DCC000A18A0598084400B2A082218B05980844D7
:10DCD00001B22183E18A0498084401B2E182618B98
:10DCE0000498084401B26183204610F086FB0123AA
:10DCF0002046DDE9042110F05DFC00BF20E60000B5
:10DD000001000600280100242E0100242DE9F04125
:10DD100006460F461546002017F0B2FA04460DE0FD
:10DD200039462046B047012804D105B12C600120B6
:10DD3000BDE8F081204617F0A3FA044624B16068DC
:10DD400020F040400028EBD10020F1E730B502463A
:10DD500014460B4620881D88A84203D020881D88C1
:10DD6000401B30BD60885D88401BFAE730B5024635
:10DD700014460B4620781D78A84203D020781D78E1
:10DD8000401B30BD60785D78401BFAE770B50546F2
:10DD90000C462646686820F040403168884204D12D
:10DDA0002846FCF705FF012070BD0020FCE72DE9A7
:10DDB000F0410546284607F022FF0446284607F0B2
:10DDC0007FFF074638460EF0D3F906462A2C01D0CD
:10DDD000292C09D1002138460BF01CFC304618F0E4
:10DDE00029FB304619F0C4FCBDE8F0812DE9F04173
:10DDF000044620460EF075F80746002607E0A068A6
:10DE0000006850F826502846FFF7F0FF761CBE4207
:10DE1000F5D394F8220000F0010008B9BDE8F081C4
:10DE2000608C20F001006084204610F0C0FE204687
:10DE300010F04CFDD7B1002120460FF03CF905460B
:10DE40009DB10B48006885420FD8681E09490968D2
:10DE500001EBC000D0F80480681E0649096851F83B
:10DE6000302041462046904700BF00BF00BFD5E7A5
:10DE7000DC0000243C0200242DE9F04F85B0074669
:10DE80008B4691461E460E9DE86900FB0BF0801202
:10DE90000490E86900280DDD0498484516DD95F8E2
:10DEA0002800C0F3400018B1012005B0BDE8F08F94
:10DEB0000020FAE70498484508DA95F82800C0F3EE
:10DEC000400008B10120F0E70020EEE70BEB06016F
:10DED000E869484380120490E86900280BDD049843
:10DEE000484514DA95F82800C0F3400008B1002036
:10DEF000DBE70120D9E70498484508DD95F82800BC
:10DF0000C0F3400008B10020CFE70120CDE7E86969
:10DF1000002806DD4FEA0920A969484380120390D2
:10DF200006E009F101000002A9694843801203904C
:10DF30000398001202900398C0B20190019810B9A2
:10DF40004FF0FF0807E00198C0F1FF00696A4843FD
:10DF5000FF21A1EB20280298A0EB0B040198D8B177
:10DF6000002C18DBB44216DA0198C0F1FF00C8F1AA
:10DF7000FF014843FF21A1EB602000F0FF0A95F864
:10DF80002800C0F3400008B1CAF1FF0A385D5146CD
:10DF900016F093FF3855641C1BE0002C12DBB442D2
:10DFA00010DAA88CA8EB600000F0FF0A95F82800B2
:10DFB000C0F3400008B1CAF1FF0A385D514616F0BF
:10DFC0007CFF3855686AA8EB0008641CB44200DB8B
:10DFD00002E0686A4045E0DB00BFB4421DDA002C75
:10DFE0001BDBA86900FB08F080120090009800FB82
:10DFF00008F0C0F3472AE869002801DACAF1FF0AED
:10E0000095F82800C0F3400008B1CAF1FF0A385D56
:10E01000514616F052FF385500BF95F82800C0F35E
:10E02000400068B10298A0EB0B04B44201DD00206F
:10E030003BE7002C0FDB214638460CF0FEF80AE0E7
:10E04000641C002C01DA00202FE7B44203DC311BF2
:10E0500038190CF0F2F8022027E72DE9FF4F87B0BE
:10E0600007468A461E46149DA869099948438012AE
:10E070000690A869002802DD0698401C06900698C4
:10E0800050450ADA95F82800C0F3400018B1012085
:10E090000BB0BDE8F08F0020FAE7A8690999484362
:10E0A000801206900AEB06010698814208DA95F87C
:10E0B0002800C0F3400008B10020E9E70120E7E7AD
:10E0C00009980002A96948438012059005984FEA13
:10E0D000202B0598C0B204900998401C0002A96941
:10E0E0004843801203900398001202900398C0B234
:10E0F0000190ABEB0A040298834509D0A869002877
:10E1000006DA049820B9FF200490DDF808B0641EF8
:10E110000298834534D1002C12DBB44210DA019905
:10E1200004980844C0F3470895F82800C0F340005D
:10E1300008B1C8F1FF08385D414616F0BEFE3855FB
:10E14000641C95F82800C0F3400060B1ABEB0A04F2
:10E15000B44201DB00209BE7002C03DB214638465C
:10E160000CF06BF8C9E0B44200DD34460CB9002075
:10E170008EE7002CF6DD311B38190CF05EF8BCE0A0
:10E18000A86900285ADAE8694042049948434FEAEE
:10E19000A029002C12DBB44210DA049809FB00F02D
:10E1A000C0F3472895F82800C0F3400008B1C8F133
:10E1B000FF08385D414616F080FE3855641EC9F1EF
:10E1C000FF00A9694942484380120090002C16DBE9
:10E1D000B44214DAC9F1FF0000994843FF21A1EBD2
:10E1E000602000F0FF0895F82800C0F3400008B157
:10E1F000C8F1FF08385D414616F05FFE3855A41C93
:10E2000095F82800C0F3400068B1ABEB0A00441E4B
:10E21000B44201DD344610E0002C0EDD21463846C4
:10E220000CF00BF809E0B44201DD012030E7002CCE
:10E2300003DB311B38190CF000F85DE00498C0F1E5
:10E24000FF00E96948434FEAA029002C17DBB442DC
:10E2500015DA0498C0F1FF0000FB09F0FF21A1EBE3
:10E26000602000F0FF0895F82800C0F3400008B1D6
:10E27000C8F1FF08385D414616F01FFE3855641C92
:10E28000C9F1FF00A969484380120090002C13DBFC
:10E29000B44211DAC9F1FF0000994843C0F347289E
:10E2A00095F82800C0F3400008B1C8F1FF08385DB8
:10E2B000414616F002FE3855641C95F82800C0F35C
:10E2C000400060B1ABEB0A04B44201DD0020DFE6A0
:10E2D000002C10DB214638460BF0AFFF0BE0B442B8
:10E2E00000DD34460CB90020D2E6002C03DD311BE2
:10E2F00038190BF0A2FF00BF00BF0220C8E62DE9CD
:10E30000F843044627467D6AA84609F067FD06469D
:10E31000C6B1304609F0B7FD012804D0304609F0F7
:10E32000B2FD03280ED16946304609F071FDBDF9F2
:10E3300002102846FCF718FFA8F83A00204610F013
:10E340005CF800BFBDE8F8832DE9FC470546A84608
:10E35000D8F824703C4609F041FD8146484609F052
:10E3600092FD04280ED1E08E208738460DF0A6FEDF
:10E370008246504608F082FA18B10021504608F053
:10E3800020FB00BF484609F07EFD012804D0484626
:10E3900009F079FD03280CD16946484609F038FD9B
:10E3A000BDF902103846FCF7DFFEE086E08E2087DC
:10E3B00000BF384607F019F8A06A10B9384610F0C7
:10E3C0001CF8E08E019001AA1C21384607F07EFC63
:10E3D0000646012E02D03046BDE8FC870120FBE74F
:10E3E0002DE9F04105460E464FF000081148EFF7C1
:10E3F00066FC044618E021460E48EFF778FC074615
:10E400002068A84200D075B96068B04200D056B903
:10E4100021460848EFF7D2FC20460BF0F7FCF0F756
:10E42000BFFF4FF001083C46002CE4D14046BDE858
:10E43000F0810000C40B002470B506460D460B4861
:10E44000EFF73DFC04460DE02068B04205D160685E
:10E45000A84200D00DB9204670BD21460348EFF711
:10E4600046FC0446002CEFD10020F5E7C40B002445
:10E4700010B50446402120460BF0DFFE4FF4FA7041
:10E48000A0620020E061642060620120A08705484E
:10E49000A06194F83E0020F00100401C84F83E008A
:10E4A00010BD00002FE50108F8B504464FF4806068
:10E4B000009000231946D4E90A200BF0C5FB06465C
:10E4C0004FF480604FF46E7332220021009030468A
:10E4D00001F0B2F90746E169606A401A00FB07F5EE
:10E4E000AD12E06905442846F8BDF8B504464FF47E
:10E4F0008060009000231946D4E90A200BF0A4FBA9
:10E5000006464FF4806040F2B6334FF4617200214A
:10E510000090304601F090F90746E169606A401AC0
:10E5200000FB07F5AD12E06905442846F8BDF8B5D3
:10E5300004464FF48060009000231946D4E90A2075
:10E540000BF082FB0646E169606A401A00FB06F5A3
:10E55000AD12E06905442846F8BD0146D1E90A201C
:10E56000904201DB486A7047C869FCE74A42C262D0
:10E5700070474A42C26270474160704741607047CD
:10E58000416070474160704741607047416070472B
:10E59000816170478161704741637047C160704716
:10E5A000C1607047818770478162704781627047A0
:10E5B000816270478162704781627047C161016208
:10E5C00042627047C161016242627047C16101628B
:10E5D00042627047C161016242627047C16101627B
:10E5E00042627047C16101624262704701607047D8
:10E5F00001607047016070470160704730B50346A5
:10E600008D1A002D01DD8D1A00E0551A2C464FF4AD
:10E610007A756543B5FBF3F000B9401C30BD0000CE
:10E6200070B50546686818B1D5E90001FFF7D8FE56
:10E630002148EFF7B7FB18B115F0DEF91F49086064
:10E640001D48EFF76FFB044600BF1CB900BF00BFB9
:10E6500000BFFEE700BF0CB9002070BD4022294674
:10E6600020460BF05CFC2868A84200D124601448C6
:10E67000017814F83E0F61F38200207014F83E090F
:10E6800000F00100A0B1206950B1204621698847FF
:10E690000646E0693044E061606A3044606200BF71
:10E6A000606828B1206818B1D4E90002E169904798
:10E6B000F0F776FE2046D0E7C40B00243002002499
:10E6C0003502002470B506460C4625460020A88475
:10E6D000872068852D20A8858720E884400028852C
:10E6E000A88E20F00600A8864FF40040E885A88E8A
:10E6F00020F008000830A88600202886642068865C
:10E70000A88E20F00100A8864FF43470E88615F03A
:10E7100073F9A863288D00B2A887022120460CF067
:10E7200077F94FF4407120460CF08EFE0D21204603
:10E7300010F06FFF70BD00002DE9F04FABB08346C5
:10E74000584607F0BDFA82465446584607F05FFA2D
:10E750002A9028AA29A95046FCF78EFB16A82A99C8
:10E760000DF056F9BDF9A000002831DD12A803F024
:10E770006EFD12AA002150460FF0F4FA00202390FB
:10E78000634817900020189029A81F90BDF9A00099
:10E79000ADF8940012A81E9016AA1A21504607F050
:10E7A00095FAA08DA18C084480B2618DA28C114491
:10E7B00089B2CDE90010BDF8940083B229AA12A94C
:10E7C0002A9803F026FD16AA1B21504607F07EFA70
:10E7D0004FF4003150460EF00EFE06464FF4003165
:10E7E00050460EF0B1FE07464FF4003150460EF091
:10E7F0006EFF80464FF4003150460EF01FFD054677
:10E80000BE4201DD304600E03846A84501DD414604
:10E8100000E02946884205DDBE4201DD304606E0C3
:10E82000384604E0A84501DD404600E02846BDF832
:10E83000A010081A0FFA80F9B9F1000F3BDD12A8F9
:10E8400003F005FD12AA4FF4003150460FF08AFA8A
:10E850004FF4003023902E4817900120189029A8DB
:10E860001F90ADF8949012A81E9016AA1A21504637
:10E8700007F02CFABDF94A00BDF99410884203DD77
:10E88000BDF89400ADF84A00208DA18C084480B2F8
:10E89000E18CA28C114489B2CDE90010BDF894003E
:10E8A00083B229AA12A92A9803F0B3FC16AA1B2145
:10E8B000504607F00BFA10ABBDF9A02029A950462D
:10E8C000FCF7C0FD02A805F039FB02AA4FF4403165
:10E8D00050460FF0E3FB4FF4403023900C48179064
:10E8E0000220189010A8199002A81A9016AA1A21AE
:10E8F000504607F0EBF910AA02A92A9805F002FB8E
:10E9000016AA1B21504607F0E1F92BB0BDE8F08FA5
:10E9100024C004082DE9F34F8DB0FB480E990DF08B
:10E920009DFA0C900C98012802D00FB0BDE8F08F32
:10E930000E9807F064F906460E9807F0C1F90B909F
:10E940000E9807F0BDF90446022E7DD109F046FA73
:10E950000A900A9800B9E8E70A9809F094FA099031
:10E960000998012800D0E0E708A90A9809F050FAB0
:10E9700006AA07A90B98FCF77FFABDF82000BDF89E
:10E980001C10401A00B2ADF82000BDF82200BDF8FE
:10E990001E10401A00B2ADF8220094F8340000F0C6
:10E9A000010000284BD14FF400310B980EF03AFAD9
:10E9B0000190BDF818100198081A00B206904FF4A3
:10E9C00080310B980FF07CF930B1BDF81810019828
:10E9D000081A00B2069015E0BDF91810CA1701EB2D
:10E9E00092729310019A934206DDBDF91800C21786
:10E9F00000EB9272921000E0019ABDF818309A1A5A
:10EA000012B20692BDF91800012801DA0120069021
:10EA1000BDF8200010FB00F0BDF8221011FB010032
:10EA2000BDF8181011FB01F1884207DDA08E20F01F
:10EA30000100401CA08614F0DFFFA06300BF94F823
:10EA4000340000F0010000E0BBE000B96DE7BDF864
:10EA5000200018B9BDF8220000B966E7A08D0FFAB2
:10EA600080FAA08D618D884204DAA08D00F5B47023
:10EA70000FFA80FABDF92010BDF9220000F0BDFCAC
:10EA800005B2A08C281A05B2608D281A05B2002D97
:10EA900002DA05F5B47005B2608DAAEB00000FFA3A
:10EAA00080FBA08F618D401A00B205900598281A4E
:10EAB00007B2002F01DD384600E07842B0F58C7FC8
:10EAC00008DD94F83400C0F3C00008B1002510E060
:10EAD0005D460EE00BEBDB71B5EB610F05DAA08E46
:10EAE00020F008000830A08603E0A08E20F0080087
:10EAF000A0860598281A07B2A06B14F06FFF049047
:10EB0000E18E049841434FF47A70B1FBF0F00FFAB4
:10EB100080F94F4501DD4F4606E0C9F1000087420C
:10EB200002DAC9F1000007B20598384405B2B4F919
:10EB30003200B4F93010401A618DAAEB0101C9000E
:10EB400091FBF0F003900398001D001103900398CF
:10EB5000284405B2608D284405B2B4F92E00029015
:10EB6000B4F932000090B4F93030618D5246284635
:10EB70000BF06AF80FFA80F80B9800F04BF940455B
:10EB800013D014F039FFA06341460B9800F07BFAD4
:10EB90000298804509D000221C210B9807F096F8B6
:10EBA0000C900C98012800D0BFE6B4F93000404525
:10EBB00003D0B4F93200404502D114F01DFFA06328
:10EBC00026E1082E01D0032E19D1A08E20F00100DD
:10EBD000A0860B980DF072FA8046404607F04EFE74
:10EBE000074609F0FBF8814609F04DF90546042D6A
:10EBF00004D11FB10021404607F0E3FE08E10D2ECD
:10EC000031D10E9807F059F80578B4F92E70132D0C
:10EC100001D0112D0AD10B9800F0FCF8401C0FFA1E
:10EC200080F841460B9800F02EFA0DE0142D01D02B
:10EC3000122D09D10B9800F0EDF8401E0FFA80F864
:10EC400041460B9800F01FFAB4F92E00B84209D0E3
:10EC500000221C210B9807F039F80C900C98012821
:10EC600000D062E6D4E0112E50D10E9807F025F8BE
:10EC7000074609AA0AA90B98FCF7FEF800250B988D
:10EC8000806818B10B988068B0F9145000210B9877
:10EC90000EF0C8F8804608EB0500BDF82410081AED
:10ECA00000B20990BDF82A00BDF82410084400B253
:10ECB0000090BDF82800084403B2BDF82A00401AAD
:10ECC00002B2BDF82800401A01B207A800F082FB8A
:10ECD00047F6FF7207A83968EDF74BFD10B1002029
:10ECE000387122E608EB450002B208EB450001B29C
:10ECF00007A800F04DFB47F6FF7207A83968EDF74B
:10ED000038FD387184E0000024C00408132E7AD145
:10ED100000210B980EF06FFB0A9000210B980EF06B
:10ED200013FC099000210B980EF0D1FC08900021F3
:10ED30000B980EF083FA0790DDE90910884201DD97
:10ED40000A9A00E0099ADDE90710884201DD089877
:10ED500000E00798824207DDDDE90910884201DD05
:10ED60000A9808E0099806E0DDE90710884201DD0D
:10ED7000089800E0079806904FF440310B980EF089
:10ED80003AFB80464FF440310B980EF0DDFB814694
:10ED90004FF440310B980EF09AFC82464FF440310C
:10EDA0000B980EF04BFA0746C84501DD404600E0DF
:10EDB0004846BA4501DD514600E03946884205DD46
:10EDC000C84501DD404606E0484604E0BA4501DD9D
:10EDD000504600E03846801C0FFA80FB0E9806F083
:10EDE0006CFF0546B5F900100698ABEB00008142B8
:10EDF00003DDB5F9000003E005E00698ABEB000089
:10EE000000B2288004E0152E02D10E98FFF794FC82
:10EE100000BF8AE5014600BF00BFB1F92E00704770
:10EE200070B505460E4614462146284600F094F873
:10EE30003146284600F0E1F870BD70B505460E4633
:10EE400014462146284600F005F83146284600F0D1
:10EE500042F870BD2DE9F04180460F4600BF00BF6B
:10EE60004646B7F5B47F02DDA7F5B47087B2B08D22
:10EE7000718D401A04B2708D381A05B2002C02DA76
:10EE800004F5B47004B2002D02DA05F5B47005B2D1
:10EE9000281B002801DD281B00E0601BB42803DDCF
:10EEA00040460FF0AAFA10E0A54206DAB28D002320
:10EEB00039464046FEF7CCFA07E0AC4205DAB18DA0
:10EEC00000233A464046FEF7C3FAB78540461CF099
:10EED00007FCBDE8F0812DE9F04180460F4600BFF8
:10EEE00000BF4646B7F5B47F02DDA7F5B47087B220
:10EEF000B08D718D401A04B2B08DC01B05B2002CCC
:10EF000002DA04F5B47004B2002D02DA05F5B4702B
:10EF100005B2281B002801DD281B00E0601BB42877
:10EF200003DD40460FF069FA10E0A54206DA718D64
:10EF300000233A464046FEF78BFA07E0AC4205DA7A
:10EF4000728D002339464046FEF782FA77854046A7
:10EF50001CF0C6FBBDE8F0812DE9F04180460F466C
:10EF600000BF00BF4646B7F5B47F02DDA7F5B47019
:10EF700087B2308DF18C401A04B2F08C381A05B289
:10EF8000002C02DA04F5B47004B2002D02DA05F5A3
:10EF9000B47005B2281B002801DD281B00E0601BAF
:10EFA000B42803DD40460FF028FA12E0A54207DA44
:10EFB000328D4FF4003339464046FEF749FA08E0F7
:10EFC000AC4206DA318D4FF400333A464046FEF744
:10EFD0003FFA4046FEF7A2FA37854046FEF79EFA12
:10EFE000BDE8F08170B504460D4600BF00BF26465F
:10EFF000B58420460FF001FA70BD2DE9F04180463E
:10F000000F4600BF00BF4646B7F5B47F02DDA7F547
:10F01000B47087B2308DF18C401A04B2308DC01BB1
:10F0200005B2002C02DA04F5B47004B2002D02DA45
:10F0300005F5B47005B2281B002801DD281B00E08F
:10F04000601BB42803DD40460FF0D7F912E0A5425B
:10F0500007DAF18C4FF400333A464046FEF7F8F9F0
:10F0600008E0AC4206DAF28C4FF4003339464046F1
:10F07000FEF7EEF94046FEF751FAF7844046FEF7F8
:10F080004DFABDE8F0812DE9F04107460D4600BF7D
:10F0900000BF3C46B4F92E00A84201D1BDE8F08182
:10F0A000B4F93200A84202DAB4F9320000E028468E
:10F0B0000646B4F93000B04202DDB4F9300000E099
:10F0C00030460646B4F92E00B04200D1E6E7E685A8
:10F0D00038461CF005FB00BFE0E70A8802804A883A
:10F0E00042808A888280CA88C28070470A880280EB
:10F0F0004A8842808A888280CA88C28070470A888B
:10F1000002804A8842808A888280CA88C28070478A
:10F110000A8802804A8842808A888280CA88C2809F
:10F1200070470A8802804A8842808A888280CA881A
:10F13000C28070470A8802804A8842808A8882801A
:10F14000CA88C28070470A8802804A8842808A88BA
:10F150008280CA88C28070470A8802804A884280BA
:10F160008A888280CA88C28070470A8802804A885A
:10F1700042808A888280CA88C28070470A8802805A
:10F180004A8842808A888280CA88C28070470A88FA
:10F1900002804A8842808A888280CA88C2807047FA
:10F1A0000146C8884A88801A401C00B27047014650
:10F1B000C8884A88801A401C00B270470146C88837
:10F1C0004A88801A401C00B270470146C8884A88A5
:10F1D000801A401C00B270470146C8884A88801ACD
:10F1E000401C00B270470146C8884A88801A401CFB
:10F1F00000B270470146C8884A88801A401C00B295
:10F2000070470146C8884A88801A401C00B270477F
:10F210000146C8884A88801A401C00B270470146DF
:10F22000C8884A88801A401C00B270470146C888C6
:10F230004A88801A401C00B270470146C8884A8834
:10F24000801A401C00B270470146C8884A88801A5C
:10F25000401C00B270470146C8884A88801A401C8A
:10F2600000B270470146C8884A88801A401C00B224
:10F27000704710B50146B1F90420B1F90030D21A37
:10F28000521CB1F90630B1F902401B1B5B1C02FB9A
:10F2900003F010BD014688880A88801A401C00B21D
:10F2A0007047014688880A88801A401C00B270475F
:10F2B000014688880A88801A401C00B270470146BF
:10F2C00088880A88801A401C00B2704701468888E6
:10F2D0000A88801A401C00B27047014688880A8854
:10F2E000801A401C00B27047014688880A88801A3C
:10F2F000401C00B27047014688880A88801A401C6A
:10F3000000B27047014688880A88801A401C00B203
:10F310007047014688880A88801A401C00B27047EE
:10F32000014688880A88801A401C00B2704701464E
:10F3300088880A88801A401C00B270470146888875
:10F340000A88801A401C00B27047014688880A88E3
:10F35000801A401C00B27047014688880A88801ACB
:10F36000401C00B27047014688880A88801A401CF9
:10F3700000B27047014688880A88801A401C00B293
:10F380007047014688880A88801A401C00B270477E
:10F3900003885B1A1BB2038083880B441BB28380F3
:10F3A00043889B1A1BB24380C38813441BB2C3809B
:10F3B000704703880B441BB2038083880B441BB245
:10F3C0008380438813441BB24380C38813441BB219
:10F3D000C380704710B5029C018042808380C48046
:10F3E00010BD42880A44521E12B2C2807047028881
:10F3F0000A44521E12B282807047F0B506460D468E
:10F400000024002E02DA601CC4B276423746002D7A
:10F4100002DAA01CC4B26D42AC46674509D9CCEBF8
:10F420000C1000EB4000B0FBF7F304F11000C4B285
:10F4300005E0C7EB071000EB4000B0FBFCF3002237
:10F44000D9B2162910DD2C2901DC501CC2B22929A1
:10F4500001DC501CC2B2252901DC501CC2B220299B
:10F4600012DC501CC2B20FE0022901DB501CC2B2F8
:10F47000062901DB501CC2B20A2901DB501CC2B2B2
:10F480000F2901DB501CC2B2134404F0100008B174
:10F49000C3F15A0304F0020038B104F0010008B1CE
:10F4A000B43307E0C3F1B40304E004F0010008B191
:10F4B000C3F5B47398B2F0BD70B504460D46264648
:10F4C000F56030680EF099FF70BD2DE9F0410646F9
:10F4D000346827683D464FF0FF30E06005F13C009E
:10F4E000844202D1A068686205E005F14C008442C4
:10F4F00001D1A068286320680EF07FFFBDE8F0818D
:10F5000070B506460C4625460020A8626420E862D5
:10F51000002028636862A88600212987E986698718
:10F5200085F85C0005F13C01204600F0C8F805F1C3
:10F530004C01204600F0C3F8082120460BF084FF60
:10F54000102120460BF080FF00221146204600F0DB
:10F55000F3F870BD70B506460C462546002105F14E
:10F560003C00FEF73DFF002105F14C00FEF738FF9F
:10F5700070BD00002DE9F34F83B03C4804990CF0B6
:10F580006DFC02900298012802D005B0BDE8F08F12
:10F59000049806F034FB0546049806F091FB0646F5
:10F5A000132D50D14FF4003130460BF0D4FD0190B3
:10F5B000049806F082FB0446B4F9001001988142D9
:10F5C00002DDB4F9000000E00198208000213046FF
:10F5D0000DF01EFF8046002130460DF0C2FF81462F
:10F5E000002130460EF080F88246002130460DF0B2
:10F5F00032FE0746C84501DA404600E04846BA45B3
:10F6000001DA514600E03946884205DAC84501DA98
:10F61000404606E0484604E0BA4501DA504600E0BC
:10F6200038468346BBF1000F0CDAB4F90000CBF189
:10F630000001884202DDB4F9000001E0CBF10000D6
:10F6400000B220800FE0012D01D0082D06D13446F4
:10F6500004F1340130460EF00AFF04E0152D02D10A
:10F660000498F4F7CFF800BF8FE7000040C004080B
:10F67000014600BF00BF0A4692F85C0000F003009C
:10F680007047024600BF00BF114691F85C0000F0D1
:10F690000300022801D0886A7047886D401C08B1B9
:10F6A000486DF9E7086BF7E7024600BF00BF114657
:10F6B000886C401C08B1486C7047486AFCE70860D9
:10F6C00000224A608A60521ECA607047F8B506463A
:10F6D0000D46174600BF00BF344694F85C0000F0AA
:10F6E0000300022800D0F8BDD4E90A10A84201DDC9
:10F6F000284600E0E06A814201DDA06A05E0E06A98
:10F70000A84201DD284600E0E06A0546606AA8429A
:10F7100001DA606A00E028460546206BA84200D165
:10F72000E1E704F14C0304F130022946304600972A
:10F7300000F036F800BFD6E7F8B506460D46174686
:10F7400000BF00BF3446606AA84200D1F8BDD4E9CA
:10F750000A10A84201DD284600E0E06A814201DD8E
:10F76000A06A05E0E06AA84201DD284600E0E06A00
:10F770000546206BA84201DD206B00E028460546C7
:10F78000606AA84200D1E1E704F13C0304F12402DD
:10F7900029463046009700F003F800BFD6E7000086
:10F7A0002DE9F04792B007460D4616461C46DDF897
:10F7B0006890B9F1000F04D1356038460EF01DFE97
:10F7C00033E0E068401C18B930686060A56002E072
:10F7D000A0686060A560356000212046FEF700FE4D
:10F7E00002A8FEF745FE00BF029400BF1048039038
:10F7F00000BF00204FF4807109900A900B9100BF68
:10F800000C48059000BF4FF0000A6522514638466B
:10F810000DF0D2FF0190DDF8048000BFCDF83080FC
:10F8200000BF02A8FEF7FCFE00BF12B0BDE8F087E3
:10F83000B9F40108CBF401082DE9F04F04460D4658
:10F84000C4F5806101FB01F0860A06FB01F04FEA76
:10F85000902C04FB04F0870A07FB04F04FEA902881
:10F860000CFB05F04FEA902906EB4600604350433D
:10F870004FEA105A01EB4100784358434FEA105BBE
:10F88000099808FB00F04FEA902E09EB0A00584453
:10F890007044BDE8F08F70B505460C461021204637
:10F8A0000BF0D2FD4FF4806120460BF0B1F870BD33
:10F8B00070B5044600BF00BF214604480BF015FD9B
:10F8C000054628460BF086FD284670BD5CC004083E
:10F8D0002DE9F04107460C46164600BF00BF3D46E5
:10F8E000288EA04201DCBDE8F081E86A30F81400FF
:10F8F000B043E96A21F8140021463846FDF721FE9D
:10F9000006F4007010B138460FF0F4FA00BFEAE7D1
:10F910002DE9F04105460E4600BF00BF2F460024EA
:10F9200006E0324621462846FFF7D2FF601C84B22B
:10F93000388EA042F5DCBDE8F081000070B50646C7
:10F940000C4625460020288668864FF6FF70A8865C
:10F950000020A862E862686285F836000249204605
:10F9600000F022FC70BD00009002002470B5044637
:10F9700000BF00BF214604480BF0B7FC05462846EF
:10F980000BF028FD284670BD78C0040870B5064607
:10F990000C462546A86A0AF039FAE86A0AF036FAEF
:10F9A0000020A862E86270BD2DE9F34F83B0FB48E8
:10F9B00004990CF053FA0746012F02D005B0BDE8B8
:10F9C000F08F049806F01BF90546049806F078F9C4
:10F9D00080464446132D18D1049806F06EF9064669
:10F9E0004046FCF7ABFB68B1608E002806DD404660
:10F9F0000CF0DAFA618E90FBF1F000E0002000B22A
:10FA0000308001E00020308000BF2A2D04D1404624
:10FA1000616A00F0C9FB29E3292D04D14046616ADF
:10FA200000F0C2FB22E3012D60D1049806F045F9F5
:10FA30008246A18E4046FDF784FD08F0CFF90646C8
:10FA400008F021FA8146B9F1010F02D0B9F1030F94
:10FA50001ED102A9504608F0DBF902A94046FBF787
:10FA6000FAF806464FF6FF70864210D0E16A31F888
:10FA70001600F0F745F850B9E16A31F81600F0F7D2
:10FA80003BF820B9A686A18E4046FDF75AFD00BF7F
:10FA9000A08E4FF6FF71884227D0A28EE16A31F81E
:10FAA0001200F0F725F800BBA28EE16A31F81200CF
:10FAB000F0F72AF8C8B9A28EE16A31F81200F0F71F
:10FAC0001FF890B9A28EE16A31F81200F0F714F82D
:10FAD00058B9A08E019001AA1C21404606F0F6F804
:10FAE0000746012F00D069E700BFBFE2022D59D1C0
:10FAF000049806F0E2F882464FF6FF7608F06EF9B9
:10FB00008346584608F0BFF98146B9F1040F02D088
:10FB1000B9F1020F00D151E702A9584608F078F96F
:10FB200002A94046FBF797F80646A08EB04238D0AF
:10FB3000A08E4FF6FF71884203D0A18E4046FDF79C
:10FB400000FDA686504608F0A1FA4FF6FF708642E7
:10FB500027D0E16A31F81600EFF7D2FF08BBE16A5F
:10FB600031F81600EFF7C8FFD8B931464046FDF727
:10FB7000E8FCE16A31F81600EFF7BAFF88B9A28E07
:10FB8000E16A31F81200EFF7BFFF50B9019601AA00
:10FB90001C21404606F09AF80746012F00D00DE7D9
:10FBA00000BF63E2082D69D1A08E4FF6FF71884235
:10FBB0005FD0A28EE16A31F81200EFF791FF80B3B7
:10FBC000A28EE16A31F81200EFF79AFF48BBA28ECD
:10FBD000E16A31F81200EFF77FFF78B194F8360050
:10FBE00000F0010050B9A18EE06A30F8110020F059
:10FBF0008000A28EE16A21F8120009E0A18EE06A7D
:10FC000030F8110040F08000A28EE16A21F8120065
:10FC100094F8360000F0010018B1A18E404614F0AF
:10FC200067FEA28EE16A31F81200EFF761FF30B98A
:10FC3000A28EE16A31F81200EFF766FFC8B1A28E1A
:10FC4000E16A31F81200EFF75BFF90B9A28EE16A2A
:10FC500031F81200EFF750FF58B9A08E019001AAB9
:10FC60001C21404606F032F80746012F00D0A5E6D9
:10FC700000BFA18E4046FDF764FCF7E1062D28D1B8
:10FC8000A08E4FF6FF7188428BD0A28EE16A31F8C8
:10FC90001200EFF741FF0028EFD1A28EE16A31F8A0
:10FCA0001200EFF72DFF0028E7D1A28EE16A31F8AC
:10FCB0001200EFF721FF0028DFD1A08E019001AAEA
:10FCC0001C21404606F002F80746012F00D075E6D9
:10FCD000CCE1032D07D1A18E4046FDF732FC4FF653
:10FCE000FF70A086C2E10E2D5ED1049805F0E5FFFD
:10FCF0008246504608F0C7F88346BAF1000F07D194
:10FD0000002008F071F88246504608F0BCF883469F
:10FD100040460CF0D3F9064606F0B0FD8146A08EB1
:10FD20004FF6FF7188423ED1BBF1020F05D0BBF107
:10FD3000040F35D1B9F1000F32D0002694F8360007
:10FD400000F00100B8B100E0761CE16A31F816005D
:10FD5000EFF7D2FE0028F7D1E16A31F81600EFF78D
:10FD6000CFFE0028F0D1E16A31F81600EFF7BCFEB3
:10FD70000028E9D00FE000E0761CE16A31F81600B7
:10FD8000EFF7BAFE0028F7D1E16A31F81600EFF775
:10FD9000B7FE0028F0D1A68605E0000078C0040870
:10FDA0004FF6FF70A08661E10F2D01D0102D0CD110
:10FDB000A08E4FF6FF71884203D0A18E4046FDF71A
:10FDC000C0FB4FF6FF70A08650E10D2D79D1A18EBA
:10FDD0004046FDF7B6FB049805F06FFF90F80090E1
:10FDE000B9F1130F2BD1A08E4FF6FF71884202D1CB
:10FDF0000020A08602E0A08E401CA086A08E218E4E
:10FE0000884201DB0020A08608E0A08E401CA0866E
:10FE1000A08E218E884201DB0020A086A28EE16A9E
:10FE200031F81200EFF768FE0028EED1A28EE16AE9
:10FE300031F81200EFF764FE0028E6D10CE1B9F1C9
:10FE4000140F2ED1A08E4FF6FF71884201D10020F1
:10FE5000A086A08E18B9208E401EA08605E0A08E38
:10FE6000002802DDA08E401EA08609E0A08E00289A
:10FE700003DDA08E401EA08602E0208E401EA086DC
:10FE8000A28EE16A31F81200EFF736FE0028EDD1BC
:10FE9000A28EE16A31F81200EFF732FE0028E5D1B8
:10FEA000DAE0B9F1120F6AD1002140460DF048FAAC
:10FEB0008346A08E4FF6FF7188421DD10020A08698
:10FEC00009E0CEE0A08E401CA086A08E218E884244
:10FED00001DB0020A086A28EE16A31F81200EFF764
:10FEE0000BFE0028EED1A28EE16A31F81200EFF786
:10FEF00007FE0028E6D141E0A28EA16A01EBC20014
:10FF0000FFF731FAA28EA16A31F8321001EB6000DE
:10FF10000FFA80FAA68E28E0A06A00EBC600B0F9BE
:10FF20000200A28EA16A01EBC201B1F9021088425F
:10FF300019DDA06A30F93600504514DCA06A00EBE8
:10FF4000C600B0F90400584450450CDBE16A31F8B2
:10FF50001600EFF7D5FD30B9E16A31F81600EFF77A
:10FF6000CBFD00B904E0701C86B2208EB042D3DC19
:10FF700000BF208EB04200DDA68600BF6CE0B9F164
:10FF8000110F69D1002140460DF0DAF98346A08EA9
:10FF90004FF6FF7188421CD10020A08608E0A08E99
:10FFA000401CA086A08E218E884201DB0020A08606
:10FFB000A28EE16A31F81200EFF79EFD0028EED123
:10FFC000A28EE16A31F81200EFF79AFD0028E6D11F
:10FFD00041E0A28EA16A01EBC200FFF7C4F9A28E34
:10FFE000A16A31F8321001EB60000FFA80FAA08E9E
:10FFF00006B229E0A06A00EBC600B0F90200A28EAA
:020000040802F0
:10000000A16A01EBC201B1F9021088421ADAA06AB2
:1000100030F93600A0EB0B00504513DCA06A00EB72
:10002000C600B0F9040050450CDBE16A31F8160057
:10003000EFF766FD30B9E16A31F81600EFF75CFDC5
:1000400000B903E0701E06B2002ED3DA00BF002E06
:1000500000DBA68600BF00BFA18E4046FDF771FA07
:1000600004E0152D02D10498F4F7CEFE00BFA5E4FC
:100070002DE9F04180460E4600BF00BF4FF6FF70ED
:10008000864202D10020BDE8F0814446208EB04275
:1000900001DA0020F7E7002500270CE0781C87B282
:1000A000681C85B2616A51F8250008A1E0F700FDDF
:1000B00008B9681C85B2B742F0D1208EB84201D190
:1000C0000020E0E7606A50F82500DCE70A00000045
:1000D000014600BF00BF0A46908E704710B5034628
:1000E00000BF00BF1C46208E884201DC002010BDEE
:1000F000E06A30F811001040904201D10120F6E78B
:100100000020F4E72DE9F04107460D46164600BFF2
:1001100000BF3C46208EA84201DCBDE8F08194F887
:10012000360000F0010030B106F0800018B18021E7
:100130003846FFF7EDFBE06A30F815003043E16A1E
:1001400021F8150029463846FDF7FBF906F4007042
:1001500010B138460EF0CEFE00BFDEE72DE9F041CB
:1001600005460E4600BF00BF2F46002406E032467B
:1001700021462846FFF7C6FF601C84B2388EA04295
:10018000F5DCBDE8F08170B504460E4600BF00BF47
:100190002546298E4A003146E86A09F0C0FE20460D
:1001A000696A00F001F870BD2DE9F34F91B0804607
:1001B00000BF00BF129810B913B0BDE8F08F4446DD
:1001C00040461299EEF724FF129E6662002541F226
:1001D0006A42294620460DF0EFFA08900898C0B20E
:1001E0001090002140460DF020F90F90002140466C
:1001F0000DF087FA0E90002140460DF01AFA0D908E
:10020000002140460DF09CF8834640460BF0EBFE83
:100210000C9040460BF0C8FE0B90628E521E0D995A
:100220000B9801FB120000B20A9000200990814651
:10023000129E0027A1E00020089000250CE009EBA9
:100240000502E16A31F81200FAF703FE0899084442
:1002500080B20890681C85B256F8250050B156F857
:1002600025004CA1E0F724FC20B156F825000078C9
:100270000028E4D11DB9681C06EB80067CE00A98D2
:100280007843618EB0FBF1F10E9801440D9807FBA5
:10029000001000B20790791C0A984843618EB0FBA9
:1002A000F1F10E9801440D9807FB0010401E00B2BA
:1002B0000690691E0C980BFB110000B20590059882
:1002C000002801DA002005900020049082464DE0CD
:1002D000E16A31F81900FAF7BCFD0390DDE904107A
:1002E00048430899B0FBF1F00AFB0B0000B2029002
:1002F000DDE903100844059948430899B0FBF1F083
:100300000AFB0B00401E00B20190109801280ED18C
:100310000298019902910190029A0C99891A09B2E6
:1003200002910C990198091A09B2019100BF0F9925
:100330000298084400B202900F990198084400B254
:10034000019006980090A16A01EBC900DDE9013136
:10035000079AFFF73FF8DDE90310084404900AF11B
:10036000010A09F101090998401C0990AA45AFD377
:10037000681C06EB800600BF7F1C608EB8423FF60B
:100380005AAF40460EF0B6FD40460EF036F800BFBC
:1003900012E700000A00000070B504460D4600BFD9
:1003A00000BF264686F836500021204614F0A0FAF9
:1003B00070BD70B506460C4600BF00BF3546288E9E
:1003C000A04204DC4FF6FF70844200D070BDA98EBD
:1003D0003046FDF7B6F8AC8621463046FDF7B1F859
:1003E00000BFF3E72DE9F04781460D462C4640F269
:1003F000E470208501212A2001552B20015540F26F
:10040000E470A0852E2001552F2001550020206387
:10041000A086A82104F58C7009F00FFF00270026A4
:1004200026E06EB1701CC11700EB5171C910A0EB32
:10043000C10129B931A104F1380040F8261015E0B6
:10044000082E07DA2E4850F8261004F1380040F83C
:1004500026100BE0782104F58C7000F8271000EBD3
:100460008701E03840F82610781CC7B2701CC6B26D
:10047000382ED6DB23A1C4F814112846FFF776FAEC
:10048000606204F13801606AFFF78EFE4FF48871F4
:10049000606AFFF763FE00231A221B49606A0AF0B4
:1004A0006FFA6420002804DAC0F57A7141F4005133
:1004B00001E040F400510FFA81F84146606A0FF004
:1004C00061FC012128460FF0CFF80121606A0FF08E
:1004D000DDF894F92E20A18D284600F01FF894F93C
:1004E0002B3094F92A20218D284600F0D9F84FF4BA
:1004F0008041606A0AF08CFABDE8F0870A000000CB
:10050000500100240000000051640108014600BFB2
:1005100000BF0A4602F12C00704700002DE9F74F9A
:1005200082B0064600BF00BF34460398A0850498F9
:1005300041B22E20015501212F200155A08DADF88B
:1005400004002E20005D8DF806002F20005D8DF840
:1005500007002021606AFFF7DBF9002506E0202272
:100560002946606AFFF7CEFD681CC5B2072DF6DB91
:100570009DF90610BDF80400FBF7D4F881469DF9FB
:100580000610BDF804000122FAF7F0FC07463D46CC
:100590004FF001080EE004F58C7101EB8500434635
:1005A0003EA2042111F0B2F8681CC5B208F10100A6
:1005B00000F0FF0809EB0700A842ECDC9DF90620DB
:1005C000511EBDF80400FBF7ADF882460025AAEBEA
:1005D0000700401C00F0FF0813E004F58C7101EBEC
:1005E000850043462DA2042111F090F82022E91D38
:1005F000606AFFF787FD681CC5B208F1010000F0D2
:10060000FF08BD42E9DB07EB0900C5B24FF0010866
:1006100013E004F58C7101EB850043461FA2042111
:1006200011F074F82022E91D606AFFF76BFD681C69
:10063000C5B208F1010000F0FF082A2DE9DB3046C1
:10064000FBF7CEFD606AFFF743FD4FF6FF7188426E
:1006500003D0F91D606AFFF7ACFE30460DF0CDFE09
:1006600030460BF03EFC8346002511E0294630461B
:100670000BF019FC0090616A0098814200D105E0FE
:1006800032461C21009805F021FB00BF681CC5B252
:100690005D45EBD305B0BDE8F08F00002564000098
:1006A0002DE9F04104460E461746984600BF00BFAC
:1006B00025462E8579B22C462A2041554FFA88F1DD
:1006C0002B2041552046FBF78BFDBDE8F08170B52E
:1006D00006460C462546102105F12400EDF71AFBCD
:1006E000102105F13000EDF715FB0020A5F86C0096
:1006F000A5F8740000216E204153762041536420F8
:10070000A5F87000A5F878006421722041537A2082
:10071000415303207C3568800520A8800A20E880AA
:1007200047F6FF702880287B20F00700401C2873C4
:10073000287B20F0080028734FF48070288168819E
:100740007C3D70BD2DE9F04180460E46344613E0F5
:1007500004F12400EDF7B3FA0546287BC0F38000CE
:1007600010B9686809F052FB294604F12400EDF73E
:1007700025FB284609F04AFBA06A0028E8D104F1CD
:100780002400EDF784FA0CE004F13000EDF797FA5D
:100790000746394604F13000EDF710FB384609F002
:1007A00035FB606B0028EFD104F13000EDF76FFAF4
:1007B000BDE8F0812DE9F84F884641466F480BF0BF
:1007C0004DFB8146B9F1010F01D0BDE8F88F4046DD
:1007D00005F015FA0546404605F072FA064634461D
:1007E000012D2FD107F0FAFA83466946584607F0E3
:1007F0000FFBBDF80000B18A401A00B2ADF800004E
:1008000030460BF05BFDBDF8001008440FFA80FA8B
:1008100051463046FAF70AFD0746B4F87C00B84264
:100820000FD0B9B23046FCF768FFB4F87C10304600
:10083000FCF763FFA4F87C7000221C21304605F011
:1008400045FA98E0082D09D1B4F87C103046FCF741
:1008500054FF47F6FF70A4F87C008CE0292D03D1EB
:1008600030460EF076FB86E0132D33D1B4F94020EC
:10087000B4F94C00824202DDB4F9400001E0B4F961
:100880004C00B4F95830B4F96420934202DDB4F955
:10089000582001E0B4F9642090420BDDB4F9402007
:1008A000B4F94C00824202DDB4F940000DE0B4F925
:1008B0004C000AE0B4F95820B4F96400824202DD29
:1008C000B4F9580001E0B4F964000146404605F06F
:1008D00033FA50E02C2D16D1404605F0EEF90746CC
:1008E00030460BF080FBB4F884104843001200B28D
:1008F000388030460BF058FBB4F88610484300129D
:1009000000B2788037E0152D35D1404605F07FF9EB
:10091000074639463046F2F743FB39463046F0F792
:1009200025FE04F12400EDF73DFAF8B994F88800AB
:1009300000F00700012804D139463046F6F786FC5E
:1009400014E094F8880000F00700022804D139462A
:100950003046F6F735FB09E094F8880000F0070010
:10096000032803D139463046F6F706FF39463046AC
:10097000F2F706F900BF00BF27E700005C82040819
:100980002DE9F04F87B081460E4617461D4600BF41
:10099000B9F1000F03D100BF00BF00BFFEE700BFE9
:1009A00000BF1EB900BF00BF00BFFEE700BF00BF11
:1009B00000BF4C46B4F88200B84207DC00BF00BF5D
:1009C00000202880688007B0BDE8F08F48460BF013
:1009D0000AFB34F8841F484300120FFA80F8484697
:1009E0000BF0E2FA6188484300120FFA80FA20798E
:1009F000843C00F00700012809D108FB07F0B4F897
:100A00008210491E90FBF1F000B2288079E094F842
:100A1000880000F00700032818D1CDF80080336863
:100A200033F91700337BC3F3C00C04F1780333F9B7
:100A30001C20337BC3F3C00C04F1740333F91C1086
:100A4000002309F001F900B228805AE094F88800E8
:100A500000F00700022854D104F12400EDF735F925
:100A600005904FF4A02148460CF05DFC823461886B
:100A7000484300120490002148460CF054FC618861
:100A80004843001203902188491E039801FB1081FE
:100A9000208891FBF0F000B2029005990298B0FB1B
:100AA000F1F000B2019008FB07F034F8821990FBD6
:100AB000F1F000B228800020009004F12400EDF74E
:100AC00023F900900EE00098B04200D10DE0298893
:100AD0000198084400B2288004F124000099EDF741
:100AE0000DF9009000980028EDD100BF049A0199FB
:100AF000881A00EBD0712A8802EB610109B22980C3
:100B000000BF002148460CF042FA834600214846C7
:100B10000CF057FC58442988084400B22880484605
:100B20000BF0CCFB2988081A00B228800020069020
:100B3000706830F91710307BC0F3001204F16C00BC
:100B400030F91200081A00FB0AF00690307BC0F35F
:100B5000001104F1700030F91110307BC0F3001265
:100B600004F16C0030F91200091A069890FBF1F0BC
:100B700006900698AAEB000000B268800021484663
:100B80000CF08BFD58446988084400B268804846E0
:100B90000BF08EFC6988081A00B2688000BF12E76B
:100BA00070B506460C46254608A068620120A8627A
:100BB0000221204609F02CFF0821204609F028FFD9
:100BC0004FF48061204609F023FF70BD43686563E0
:100BD0006B20626F7800000070B506460C46254613
:100BE00095F8280000F0010020B9686A09F00EF9B4
:100BF0000020686270BD00002DE9F14FBEB03E9844
:100C000005F05EF8044625463E9805F000F83D9054
:100C1000002120460CF091FE074600BFB7F90800FE
:100C20000646A2464FF0000B41F2320259465046AA
:100C30000CF0C2FD0290029800B2804600212046CE
:100C40000CF06CFD40440FFA80F9002120460CF0B6
:100C5000F9FB404400B23C90002120460CF07DFBA3
:100C60003B904FF4003120460CF0ECFB3A904FF4EF
:100C7000003120460CF08FFC39904FF400312046B3
:100C80000CF04CFD38904FF4003120460CF0FDFA8A
:100C900037904FF4003B40F60A02594650460CF09C
:100CA0008BFD0290029800B2369000BF40F60B0216
:100CB000594650460CF080FD0290029800B23590E3
:100CC00027A803F03BF927AA594620460DF0E6F97C
:100CD000A18A3C98084400B2ADF89400BDF8940095
:100CE00081193A98014439980844401E00B2ADF881
:100CF0009800E08A484400B2ADF89600BDF896002E
:100D000081193898014437980844401E00B2ADF864
:100D10009A0000BFBDF89400ADF88C00BDF89600B5
:100D2000ADF88E00BDF89800ADF89000BDF89A00BF
:100D3000ADF8920000BFBDF88C103698081A00B2CA
:100D4000ADF88C00BDF890103698084400B2ADF8AC
:100D50009000BDF88E103598081A00B2ADF88E00DC
:100D6000BDF892103598084400B2ADF8920011A871
:100D70003D990AF04DFE27A81590374812900020A3
:100D8000139023A8149058461E9011AA1A212046A9
:100D900004F09CFF23AA27A93D9803F0B3F811AAF9
:100DA0001B21204604F092FF002120460CF034FE67
:100DB0001090002120460CF008FE0F90002141F613
:100DC000FF721098CDE901210090696A3A460EA899
:100DD0000F9B13F01BFA06A802F0A4F806AA002144
:100DE00020460DF080F800BFBDF89A10BDF896209F
:100DF000891A491C09B2881B00EBD071491009B24D
:100E00000591BDF898103B98084400B2ADF80C006D
:100E1000BDF80C00BDF83810084400B2ADF8100061
:100E2000E08A00EB09010598084400B2ADF80E0015
:100E3000BDF80E00BDF83A10084400B2ADF812003B
:100E40000020009003AA06A96B6A3D9801F0B6FC49
:100E50003FB0BDE8F08F000094C004082DE9F04FCA
:100E60008DB00F4639464C480AF0F8FF0C900C98AC
:100E7000012802D00DB0BDE8F08F384604F0BFFE67
:100E80000446384604F01CFF05462C2C67D1384632
:100E900004F013FF0646AA46002128460CF04DFD3B
:100EA000804600BFB8F908008146002128460CF0B2
:100EB000B3FD8346002128460CF087FD0B900020EF
:100EC00041F6FF71CDE900B10290DAF824104246F4
:100ED0000AA80B9B13F09AF9002128460CF03DFA62
:100EE00009904FF4003128460CF0ACFA08904FF40A
:100EF000003128460CF04FFB07904FF40031284694
:100F00000CF00CFC06904FF4003128460CF0BDF9B3
:100F10000590089809EB00010798084400B2ADF865
:100F20001000069809EB00010598084400B2ADF8DE
:100F30001200BDF81000BDF82810014409980844BB
:100F400000B23080BDF91200BDF92A10884202DDDE
:100F5000BDF9120001E0BDF92A0070801AE0132CDF
:100F600013D1384604F0A9FE06464FF40031284656
:100F70000AF0F1F88046B6F90000404502DDB6F906
:100F8000000000E04046308004E0152C02D13846D5
:100F9000FFF732FE00BF6DE794C0040830B5044689
:100FA00001F4C040B0F5005F01D1012000E0002055
:100FB00030B121F4C040B0F5FA6F01DC012000E04F
:100FC000002080B121F4C040B0F57A7F04DD21F427
:100FD000C040C0F57A7001E021F4C0405843642558
:100FE00090FBF5F001B202F4C040B0F5005F01D112
:100FF000012000E0002030B122F4C040B0F5FA6FCB
:1010000001DC012000E0002080B122F4C040B0F5F6
:101010007A7F04DD22F4C040C0F57A7001E022F44A
:10102000C0405843642590FBF5F002B2944201DAC7
:10103000204600E01046884201DA084630BD94425E
:1010400001DA2046FAE71046F8E730B5044601F425
:10105000C040B0F5005F01D1012000E0002030B1B8
:1010600021F4C040B0F5FA6F01DC012000E000205F
:1010700080B121F4C040B0F57A7F04DD21F4C04096
:10108000C0F57A7001E021F4C0405843642590FB1C
:10109000F5F001B202F4C040B0F5005F01D10120CB
:1010A00000E0002030B122F4C040B0F5FA6F01DC5E
:1010B000012000E0002080B122F4C040B0F57A7F2A
:1010C00004DD22F4C040C0F57A7001E022F4C04093
:1010D0005843642590FBF5F002B2944201DA2046B1
:1010E00000E01046884201DA084630BD944201DA39
:1010F0002046FAE71046F8E708B5002211461046E8
:1011000000F050F90090BDF80010084608BD08B581
:1011100000221146104600F075F90090BDF800104D
:10112000084608BD08B500221146104600F082F9B5
:101130000090BDF80010084608BD1CB5002001460F
:101140000246D408BDF8003064F304038C08009311
:10115000BDF8003064F34A13C4080093BDF80030B2
:1011600064F3CF230093BDF8004023460193BDF8FC
:10117000041008461CBD08B500221146104600F0B8
:10118000A1F90090BDF80010084608BD01B583B074
:1011900003980190BDF80400C00AC0EBC00202EB46
:1011A0000020C01DC0F347108DF80200BDF80400F8
:1011B000C0F3451000EB400202EB0020C01CC0F35E
:1011C00087108DF80100BDF8040000F01F00C0EB8F
:1011D000C00202EB0020C01DC0F347108DF80000D4
:1011E000FF208DF80300009802909DF808009DF8FC
:1011F0000A20032313FB02009DF80920042313FB9C
:101200000201C1F3C70004B000BD13B582B00C46A3
:10121000FFF7B1FF22460190029900F00BFA00900F
:10122000BDF80010084604B010BD37B503461C4693
:1012300004F0030525B1BDF804501D809B1C521E0F
:10124000BDF8045005EB0541184610E00160001D93
:101250000160001D0160001D0160001D0160001D96
:101260000160001D0160001D0160001D103A102A80
:10127000ECD8034604E0BDF804501D809B1C521EB0
:10128000002AF8D13EBD0160704708B5014601F45F
:101290007800000A01F47C4240EA5210C1F3C40213
:1012A00010430090BDF80020104608BD2DE9F04F16
:1012B00085B0824689461446CAEB0A204FF4B471C1
:1012C000B0FBF1F01FFA80FAC9EB0920642190FB12
:1012D000F1F000F0FF09C4EB042090FBF1F0C4B280
:1012E000B9F1000F0BD122462146204600F0EAF862
:1012F0000090BDF80010084605B0BDE8F08F2B2027
:101300009AFBF0F0C0B204902B21049810FB01F07E
:10131000AAEB000000EB40004006000E0390C9F16C
:10132000FF0060434FEA2028039809FB00F0FF21EB
:10133000A1EB20206043001202900398C0F1FF004F
:1013400000FB09F0A1EB202060434FEA202B04981A
:10135000052818D2DFE800F003070B0F130025461D
:101360005E46474613E0029D264647460FE0454647
:1013700026465F460BE04546029E274607E05D464F
:101380004646274603E025464646029F00BF00BF6B
:101390003A463146284600F095F80190BDF8041011
:1013A0000846A9E718B50346D408BDF8000064F361
:1013B00004008C080090BDF8000064F34A10DC08BB
:1013C0000090BDF8000064F3CF200090BDF800400D
:1013D000204618BD18B50346D408BDF8000064F3D4
:1013E00004008C080090BDF8000064F34A10DC088B
:1013F0000090BDF8000064F3CF200090BDF80040DD
:10140000204618BD18B50346D408BDF8000064F3A3
:1014100004008C080090BDF8000064F34A10DC085A
:101420000090BDF8000064F3CF200090BDF80040AC
:10143000204618BD18B50346D408BDF8000064F373
:1014400004008C080090BDF8000064F34A10DC082A
:101450000090BDF8000064F3CF200090BDF800407C
:10146000204618BD18B50346D408BDF8000064F343
:1014700004008C080090BDF8000064F34A10DC08FA
:101480000090BDF8000064F3CF200090BDF800404C
:10149000204618BD18B50346D408BDF8000064F313
:1014A00004008C080090BDF8000064F34A10DC08CA
:1014B0000090BDF8000064F3CF200090BDF800401C
:1014C000204618BD18B50346D408BDF8000064F3E3
:1014D00004008C080090BDF8000064F34A10DC089A
:1014E0000090BDF8000064F3CF200090BDF80040EC
:1014F000204618BD18B50346D408BDF8000064F3B3
:1015000004008C080090BDF8000064F34A10DC0869
:101510000090BDF8000064F3CF200090BDF80040BB
:10152000204618BD37B581B0101DC210BDF80800A7
:1015300040EA00400B4D00EA0501BDF8040040EA16
:10154000004000EA0503581A504301EB501000EA2E
:10155000050444EA144080B20090BDF800502846CB
:1015600004B030BD1FF8E00737B581B0101DC210C0
:10157000BDF8080040EA00400B4D00EA0501BDF847
:10158000040040EA004000EA0503581A504301EB0A
:10159000501000EA050444EA144080B20090BDF8FF
:1015A0000050284604B030BD1FF8E00737B581B0C1
:1015B000101DC210BDF8080040EA00400B4D00EAC3
:1015C0000501BDF8040040EA004000EA0503581A8E
:1015D000504301EB501000EA050444EA144080B285
:1015E0000090BDF80050284604B030BD1FF8E00759
:1015F00037B581B0101DC210BDF8080040EA0040A8
:101600000B4D00EA0501BDF8040040EA004000EA85
:101610000503581A504301EB501000EA050444EA50
:10162000144080B20090BDF80050284604B030BD90
:101630001FF8E00737B581B0101DC210BDF80800D3
:1016400040EA00400B4D00EA0501BDF8040040EA05
:10165000004000EA0503581A504301EB501000EA1D
:10166000050444EA144080B20090BDF800502846BA
:1016700004B030BD1FF8E00707B581B003461888F5
:10168000BDF80810C90A01FB0200803000EBC01150
:1016900001EBC030C00DBDF8001060F3CF21009108
:1016A0005888BDF80810C1F3451101FB02008030D5
:1016B00000EBC01101EBC030C00DBDF8001060F3AD
:1016C0004A1100919888BDF8081001F01F0101FB34
:1016D0000200803000EBC01101EBC030C00DBDF83E
:1016E000001060F30401009100BF00BFBDF80010BE
:1016F000084604B000BD07B581B003461888BDF8A0
:101700000810C90A01FB0200803000EBC01101EB98
:10171000C030C00DBDF8001060F3CF210091588893
:10172000BDF80810C1F3451101FB0200803000EB49
:10173000C01101EBC030C00DBDF8001060F34A11BC
:1017400000919888BDF8081001F01F0101FB02000C
:10175000803000EBC01101EBC030C00DBDF80010AF
:1017600060F30401009100BF00BFBDF800100846FF
:1017700004B000BD01B581B0BDF80400C00AC0EBE3
:10178000C00101EB0020C01DC0F347108DF802001E
:10179000BDF80400C0F3451000EB400101EB002050
:1017A000C01CC0F387108DF80100BDF8040000F0E4
:1017B0001F00C0EBC00101EB0020C01DC0F34710AB
:1017C0008DF80000FF208DF8030000980CBD08B5CF
:1017D000FF2211461046FFF7E5FD0090BDF800100E
:1017E000084608BD08B5FF2211461046FFF722FE45
:1017F0000090BDF80010084608BD1CB5FF2001464A
:101800000246D408BDF8003064F304038C0800934A
:10181000BDF8003064F34A13C4080093BDF80030EB
:1018200064F3CF230093BDF8004023460193BDF835
:10183000041008461CBD000070B506460C4625463F
:101840000020A884642126204155272041553035A9
:10185000287B20F003002873287B20F004002873E5
:10186000002028606860303D084800782C214855E9
:101870004FF48031204609F0CBF84FF440712046F8
:1018800009F0E2FD204614F017FF70BDA40100240A
:101890002DE9F34F89B0F9480A990AF0DFFA80463A
:1018A000B8F1010F02D00BB0BDE8F08F0A9804F038
:1018B000A6F905460A9804F003FA06463446132DA5
:1018C00042D14FF4403130460BF088FD81464FF451
:1018D000403130460BF02BFE82464FF4403130460B
:1018E0000BF0E8FE83464FF4403130460BF099FC94
:1018F0000890D14501DD494600E0514608988345EE
:1019000001DD584600E00898814205DDD14501DD42
:10191000484607E0504605E00898834501DD5846F3
:1019200000E00898801C00B207900A9804F0C5F9FE
:101930000746B7F900100798814202DDB7F90000A9
:1019400000E00798388008E2292D1BD10A9804F09E
:10195000B4F9074630460CF056F9B9883A88891A26
:10196000491C09B2884209D130460AF0B1FBF98816
:101970007A88891A491C09B2884202D0304614F08C
:101980009BFEEAE12A2D03D1304614F095FEE4E1F6
:101990000D2D71D10A9804F090F90768132F01D02A
:1019A000112F40D1606A089094F83C0000F00300C9
:1019B00020B101280ED0022824D117E0A08C401CB1
:1019C0004FF4B47190FBF1F201FB120080B2ADF85C
:1019D000200017E02620005D401C642190FBF1F2FE
:1019E00001FB1200C0B28DF822000BE02720005D41
:1019F000401C642190FBF1F201FB1200C0B28DF893
:101A0000230000BF00BF3046089900F0BAF948B182
:101A100000221C21304604F059F98046B8F1010F2C
:101A200000D040E747E0142F01D0122F43D1606A65
:101A3000089094F83C0000F0030020B101280ED07B
:101A4000022827D119E0A08C002802DDA08C401EBE
:101A500001E04FF4B47080B2ADF820001AE0262007
:101A6000005D002803DD2620005D401E00E06420AC
:101A7000C0B28DF822000DE01EE02720005D002896
:101A800003DD2720005D401E00E06420C0B28DF819
:101A9000230000BF00BF3046089900F072F948B13A
:101AA00000221C21304604F011F98046B8F1010FE4
:101AB00000D0F8E600BF50E1012D11D111F09CFFDC
:101AC000606306F08BF9074604F1380106F0A0F9CF
:101AD0003046EFF76DFC8046B8F1010FEBD0E2E63F
:101AE000022D7CD106F07AF98246BAF1000F00D1BE
:101AF000D9E6504606F0C7F98346BBF1040F02D081
:101B0000BBF1020F18D130460CF07DF8019000EBCC
:101B1000D070B18A01EB600000B2ADF82000304611
:101B20000AF0D6FA019000EBD0704110F08A084418
:101B300000B2ADF8220003E008A9504606F068F9AB
:101B4000DAF80000007E0790BDF92000B4F93810E3
:101B5000401A002805DDBDF92000B4F93810401AFC
:101B600004E0B4F93800BDF92010401A0799884202
:101B700014DCBDF92210B4F93A00081A002805DD7A
:101B8000BDF92210B4F93A00081A04E0B4F93A0099
:101B9000BDF92210401A0799884208DD11F02CFF88
:101BA0006063BDF820002087BDF822106187BDF872
:101BB0002000B18A401A00B2ADF82000BDF8221012
:101BC000F08A081A00B2ADF8220030460CF01BF87B
:101BD00080B20690002005900021304600E098E099
:101BE0000BF013F98146069800EBD07149100FB243
:101BF000BDF82000C01B00B2ADF82000BDF82200E7
:101C0000C01B00B2ADF8220001200490A7EB090030
:101C100007B2412F0ADD494609EBD172521010B2CA
:101C2000391A0FB2412F00DA412700BFBDF820005A
:101C300010FB00F0BDF8221011FB010107FB07F0BB
:101C4000814201DA00200490606B11F0C7FE03901E
:101C50000498A8B9DAF80000818B039881420FD26A
:101C600094F83C00C0F3800050B9304613F0EEFA0F
:101C700006F0B4F8019006F075FA14E678820408CC
:101C8000049800B90FE6BDF92210BDF92000FDF758
:101C9000B4FB4FF4B47190FBF1F201FB120000B2FF
:101CA0000590606A029094F83C0000F0030020B1B7
:101CB000012807D002281BD10FE0059880B2ADF8AB
:101CC000080015E06421059848434FF4B47190FB77
:101CD000F1F0C0B28DF80A000AE06421059848438B
:101CE0004FF4B47190FBF1F0C0B28DF80B0000BF5F
:101CF00000BF3046029900F044F848B100221C2190
:101D0000304603F0E3FF8046B8F1010F00D0CAE58A
:101D100023E0112D0CD10A9803F0CFFF074647F6B8
:101D2000FF7206F114003968EAF723FD387114E0F8
:101D3000152D06D10A98F1F747F80A98F2F76FF8CF
:101D40000BE0122D09D10A9803F0B7FF0746387847
:101D5000022801D00120387000BF00BFA3E538B5CC
:101D6000044600BF00BF254627235A5D2C46262384
:101D7000595DA88CFFF79AFA0090BDF8001008464C
:101D800038BD73B50546BDF80400B0F5B47F0ADD73
:101D9000BDF804004FF4B47190FBF1F201FB1200A6
:101DA00080B2ADF804009DF80600642802DD6420CE
:101DB0008DF806009DF80700642802DD64208DF888
:101DC000070000BF00BF2C46A08CBDF8041088425D
:101DD0000DD12620005D9DF80610884207D12720EE
:101DE000005D9DF80710884201D100207CBD01985C
:101DF0006062284614F060FC28460CF0FEFA0120D0
:101E0000F4E770B505460C460CB9002013E02846EF
:101E100000F022F960435030A02190FBF1F001283E
:101E200008DD284600F018F960435030A02190FBEF
:101E3000F1F000E0012000B270BD2DE9F041044650
:101E40000F4615461E461C21204608F0F6F927606D
:101E500065602068A060E660BDE8F0811CB50446BE
:101E60004C21204608F0E9F94FF4A0702080F020C2
:101E700060804FF0FF30A080E080002020816081F2
:101E8000206920F0080008302061206920F040001F
:101E900020618221206961F3D01020614FF47F40DE
:101EA000002100F47C4241EA5211C0F3C402114304
:101EB0000091BDF8002011460191BDF80400A086F4
:101EC0000248E0632064382060641CBDAD41020814
:101ED000FEB505465648EBF725FF044644B900BF5A
:101EE0001CB900BF00BF00BFFEE700BF0020FEBD61
:101EF000A86B98B9686C07F0BBFE064600BF1EB918
:101F000000BF00BF00BFFEE700BF0EB90020EEE734
:101F100031462846EA6B9047AE6300BF4FF4AC7180
:101F2000204608F08AF92560424807680460224686
:101F30001021414811F0D8FD606000BF606818B9F9
:101F400000BF00BF00BFFEE700BF606820B92046A9
:101F500007F05CFF0020CAE7287CC0F3400068B1AE
:101F60002888698810FB01F0E968C968884205D9AA
:101F7000286920F00200286100BF00BF00BFFF22D7
:101F800011461046FFF786FA0190BDF80410084686
:101F90000290BDF808006085FF2084F8290011F048
:101FA000F3FC88B900200DF0BDFF029005200DF074
:101FB000B9FF01902148002300902046DDE901127D
:101FC00011F082FCA06002E011F074FCA06000201F
:101FD00009F000FB2061002009F0FCFAE06100201C
:101FE00009F0F8FA2062E0690DF014F9206A0DF0AA
:101FF00011F90221E06909F027FA0221206A09F0AB
:1020000023FA0021E0690DF046FC0021206A0DF062
:1020100042FC20690CF0F1F906480760006808B935
:1020200004480460606811F080FE20465FE700000D
:10203000A00B00241802002469C90008D4BD0408BC
:102040000021C2681161C26851617047014800688F
:10205000704700001802002400B5014611B9FFF7CF
:10206000F5FF014609B9822000BD08680069C0F388
:10207000C910F9E701460868C068704700B5014615
:1020800011B9FFF7E3FF014609B9002000BD086858
:10209000007CC0F30110012802D0032805D100E024
:1020A00000BF0868B0F90200F0E70868B0F9000066
:1020B000ECE710B5044614B9FFF7C8FF04461CB995
:1020C00000BF00BF002010BD206AFCE710B5044629
:1020D00014B9FFF7BBFF04461CB900BF00BF0020C6
:1020E00010BDE069FCE7000010B504461CB90448C7
:1020F000EBF7E5FD10BD21460148EBF7F8FDF9E7E8
:10210000A00B002410B5044614B9FFF79FFF044646
:102110001CB900BF00BF002010BD2069FCE710B54E
:10212000044614B9FFF792FF04461CB900BF00BF74
:10213000002010BD6069FCE710B5044614B9FFF734
:1021400085FF0446A06810BD00B5014611B9FFF730
:102150007DFF014609B9002000BD0868007CC0F37E
:102160000110012802D0032805D100E000BF086853
:10217000B0F90000F0E70868B0F90200ECE770B5CC
:102180000546284609F05AFF044604B970BD266981
:10219000206920B100222521304603F097FD2069F7
:1021A00020B100222621284603F090FD25612069F8
:1021B00020B100222721284603F088FD206920B1A4
:1021C00000222821304603F081FD28460CF015F945
:1021D00000BFDBE770B504460D4614B9FFF736FFC4
:1021E0000446A560606A032812D1E168086809F016
:1021F00078FE68B9E168486809F073FE40B9E168A3
:10220000886809F06EFE18B9E168086811F03AFBB9
:1022100070BD2DE9FC4705460C4690469946DDE920
:102220000A67207B022801DCBDE8FC87608800B9D2
:10223000FAE7BE4200D1F7E7CDE900674B464246D8
:1022400021462846D5F810C0E04700BFECE73EB570
:1022500004461021204607F0F0FF01206080FF2097
:10226000207300BF002001460246D508BDF80030AB
:1022700065F304038D080093BDF8003065F34A133D
:10228000C5080093BDF8003065F3CF230093BDF877
:1022900000502B460193BDF8041008460290BDF88B
:1022A000080020803EBD2DE9FF4F83B081468A465D
:1022B0001F46DDF84080139C059806B207F5B47000
:1022C000804512D1A9EB060000B22080AAEB0600DF
:1022D00000B2608009EB060000B2A0800AEB0600A5
:1022E00000B2E08007B0BDE8F08FB7F5B47F02DD43
:1022F000A7F5B47087B2B8F5B47F03DDA8F5B47064
:102300001FFA80F811990598401A00B202901299AC
:1023100029B1119800EBD0714910491C00E000214F
:102320000DB25A2097FBF0F0C0B201905A2098FBF2
:10233000F0F0C0B200900198042801D10320019070
:102340000098042801D103200090DDE900108842A4
:102350007CD147457ADC019858BB38B211F068FE51
:10236000029948430AEBE030401B00B2608007F15D
:102370005A0000B211F05CFE704309EBE0302844D3
:1023800000B2A0800FFA88F011F052FE70430AEB01
:10239000E030284400B2E08008F15A0000B211F0A9
:1023A00047FE0299484309EBE030401B00B2208011
:1023B00096E1019801282BD138B211F039FE704313
:1023C0000AEBE030284400B2E08007F15A0000B286
:1023D00011F02EFE0299484309EBE030284400B288
:1023E000A0800FFA88F011F023FE029948430AEB0F
:1023F000E030401B00B2608008F15A0000B211F0DA
:1024000017FE704309EBE030401B00B2208067E10B
:10241000019802282DD107F15A0000B211F008FEF0
:10242000704309EBE030401B00B2208038B211F05D
:10243000FFFD029948430AEBE030284400B2E080F7
:102440000FFA88F011F0F4FD704300E040E00AEB71
:10245000E030401B00B2608008F15A0000B211F079
:10246000E7FD0299484309EBE030284400B2A08020
:1024700036E1019803289BD107F15A0000B211F010
:10248000D7FD0299484309EBE030401B00B22080A1
:1024900038B211F0CDFD70430AEBE030401B00B2C2
:1024A000608008F15A0000B211F0C2FD704309EBE0
:1024B000E030284400B2A0800FFA88F011F0B8FD97
:1024C000029948430AEBE030284400B2E08007E17B
:1024D0000198B8BB0098012835D108F15A0000B224
:1024E00011F0A6FD704309EBE030401B00B22080E4
:1024F0000FFA88F011F09CFD834638B211F098FD78
:10250000834504DA0FFA88F011F092FD02E038B248
:1025100011F08EFD029948430AEBE030401B00B2F7
:10252000608007F15A0000B211F082FD704309EBA0
:10253000E030284400B2A0800AEB0600284400B234
:10254000E080CDE0FFE7019801283AD10098022809
:1025500037D1A9EB0600401B00B220800FFA88F0AB
:1025600011F066FD70430AEBE030401B00B2608062
:1025700007F15A0000B211F05BFD834608F15A00E2
:1025800000B211F055FD834505DD07F15A0000B298
:1025900011F04EFD04E008F15A0000B211F048FDC0
:1025A0000299484309EBE030284400B2A08038B2D9
:1025B00011F03EFD70430AEBE030284400B2E080A9
:1025C0008EE0019802283DD1009803283AD107F106
:1025D0005A0000B211F02CFD704309EBE030401BB3
:1025E00000B22080AAEB0600401B00B2608008F118
:1025F0005A0000B211F01CFD704309EBE030284492
:1026000000B2A0800FFA88F011F012FD029900FBD1
:1026100001FB38B211F00CFD02994843834506DDF9
:102620000FFA88F011F004FD0299484304E038B233
:1026300011F0FEFC029948430AEBE030284400B256
:10264000E0804DE0019803283AD10098B8BB08F12A
:102650005A0000B211F0ECFC834607F15A0000B2B8
:1026600011F0E6FC834505DA08F15A0000B211F0DA
:10267000DFFC04E007F15A0000B211F0D9FC029926
:10268000484309EBE030401B00B2208038B211F023
:10269000CFFC70430AEBE030401B00B2608009EBD6
:1026A0000600284400B2A0800FFA88F011F0C0FCA8
:1026B00070430AEBE030284400B2E08010E0FFE70E
:1026C000A9EB060000B22080AAEB060000B26080F1
:1026D00009EB060000B2A0800AEB060000B2E08021
:1026E00000BFFFE52DE9F04105460E461746984626
:1026F000B8F1000F08D100BF00BF14A23946284628
:1027000015F00DF8BDE8F081F07A022800DCF9E759
:10271000A86940B143463A4631462846D5F818C024
:10272000E047044606E043463A4631462846EEF77F
:10273000FCFC04463CB900BF00BF04A23946284651
:1027400014F0EDFFDEE700BFDCE700004E6F0A6427
:10275000617461002DE9F84304460D4616461F4694
:10276000DDF82080606908B9BDE8F883CDF8008005
:102770003B46324629462046D4F814C0E04700BF05
:10278000F2E71CB504461821204607F056FD00BFAD
:10279000002211461046FEF71DFE0090BDF8001005
:1027A00008460190BDF804002081FF20E072401C23
:1027B0006080012020751CBD704700001FB5C0B0AF
:1027C0004198807E022801DC44B010BD4198006829
:1027D00010B900BF00BFF7E74098C06910B900BF4B
:1027E00000BFF1E7202238A84199DEF7DDF84198D3
:1027F00000683790439810B14398007800B9E3E738
:102800004098806802460D9034A84299E9F79AFEF4
:102810003390339800B9D7E74198007F32904198C0
:10282000C07E319000BF9DF8C80008B901203290E9
:1028300000BF4198407F00F0020020B94298FCF7A9
:1028400045FD36901AE04198407F41F6FF7241996C
:10285000B1F91210CDE9001202904198B0F91400BC
:102860000C90419800680B9002460DA80C9B439970
:1028700011F0CCFCBDF93400369000BF00BF379892
:10288000B0F9080030904198B0F91210309808441F
:102890002F9000202E9042980088ADF8B400429806
:1028A0004088ADF8B60000202C902B904198B0F9EC
:1028B00016002C904198B0F918002B90BDF8B61076
:1028C0002B98084400B2ADF8B60000202A90401EB4
:1028D0002990469840B32B9830BB4298B0F902003B
:1028E000002821DA469881684298B0F90200081A57
:1028F000002806DD469881684298B0F90200081A5F
:1029000005E04298B0F9021046988068081A2F999D
:102910004900C1F58061884203DD4FF0FF314698E0
:102920000160469800682990469860B1299800286F
:1029300009DB29982A90BDF8B6104698808808448B
:1029400000B2ADF8B6004198407F0021CDE90010FB
:102950004198B0F914000D902A99439808440C90BE
:10296000369803B2DDE90C023799EBF749FD2A9955
:102970000844289040E028982A904198407F002100
:10298000CDE900104198B0F914000D9043992A98B0
:1029900008440C90369803B2DDE90C023799EBF746
:1029A0002FFD0146289808442890BDF8B6102F98AE
:1029B000084400B2ADF8B6004698C0B1BDF9B60003
:1029C00010F5806F13DB4698006800280FDA4699EF
:1029D0002A980860BDF9B6104298B0F90200091AA9
:1029E000469841604298B0F90210469881602A9951
:1029F0004398405C00B9E7E6BDF9B6103098014451
:102A000040988068B0F902008142B4DB9DF8C800AC
:102A1000022823D14198407F00904198B0F91400DA
:102A20000D902A992898401A0C90439808440B90CE
:102A3000DDE90C13379A11F05BFC2E904298FCF7FD
:102A400045FC2E99401A0D9000EBD070BDF8B410E3
:102A500001EB600000B2ADF8B40022E09DF8C800C0
:102A600003281ED14198407F00904198B0F914008E
:102A70000D902A992898401A0C90439808440B907E
:102A8000DDE90C13379A11F033FC2E904298FCF7D5
:102A90001DFC2E99401ABDF8B410084400B2ADF8E0
:102AA000B400419840682790419881682691DDE9FB
:102AB0002610884206D927980D90269827900D98C1
:102AC000269000BF4198807F00F0010020B9419816
:102AD000807F00F00200E8B123A800F06FFA41986F
:102AE0008089ADF88C003798807B18B1379890F9C1
:102AF0000E0000E00120ADF88E004198807E8DF838
:102B000094004198807FC1089DF8950061F3010011
:102B10008DF89500002022902090FEF7F8FA1E9084
:102B20000FA801F00BFA4198008AADF84000BDF9FA
:102B3000B4000E90EAE1BDF8B4102C98084400B23D
:102B4000ADF8B4000020229021902A9943980844BF
:102B50000D90FCE000200C904FF6FF712798884202
:102B60000CD02698884209D021992A980844014619
:102B70000990EA4A4398126890470C9021AB0AAA40
:102B80000BA90D98EBF720FC4198407F00F0010065
:102B900000287BD0E2A000780B99884212D12298BD
:102BA00020B92198209001202290D0E0229801287D
:102BB00002D10020229005E02298022802D10020B4
:102BC0002290C4E02298012867D10B98202863D175
:102BD000DDE92001081A072859D108A80290209998
:102BE0000D980844039006200490029801900398E1
:102BF00000900CE000980178019801700198401C49
:102C000001900098401C00900498401E0490049885
:102C10000028EFD100BF8DF826009DF82100049018
:102C2000F9F7B6FA04469DF820000490F9F7B0FAD7
:102C300004EB001007909DF823000490F9F7A8FA20
:102C400004469DF822000490F9F7A2FA04EB001064
:102C500006909DF825000490F9F79AFA04469DF82D
:102C600024000490F9F794FA04EB001005900598FD
:102C7000C0B204900698C0B203900798C0B2029008
:102C8000DDE90312FEF7BEFB1F9003E005E041986B
:102C900080891F900220229059E0419880891E90DF
:102CA0002298022801D11F981E90DDE90A21379849
:102CB00003F04DF91D904FF6FF71279888422ED0F2
:102CC000269888422BD027990C98884227D326999A
:102CD0000C98884223D2BDF8B400ADF82000BDF8AE
:102CE000B600ADF82200BDF8B4101D98014441981B
:102CF000808A0844401E00B2ADF82400BDF8B6102A
:102D00002F980844401E00B2ADF8260008AA0FA96B
:102D1000409801F0F7F84198C0891E9000BFBDF8B7
:102D20007800ADF8EC002DAA38A90B9B409800F074
:102D30001FF91D98002809DDBDF8B4104198828A5A
:102D40001D981044084400B2ADF8B40000BF2A99A1
:102D50002898401A219988423FF6FCAE4198807F1E
:102D600000F0020058B30E9800B2ADF83000419860
:102D70000068B0F90800099000EBD070BDF8B610FB
:102D800001EB6001BDF98E000A9000EBD07001EB01
:102D9000600000B2ADF83200BDF8B400ADF82C0010
:102DA000BDF83200ADF82E00BDF87800ADF88C000B
:102DB0000BAB0CAA23A9409800F0E9F800BF41989A
:102DC000807F00F0010038B30E9800B2ADF83000FB
:102DD000BDF8B61041980068008901444198006828
:102DE0004089091A379890F90D00081A00B2ADF819
:102DF0003200BDF8B400ADF82C00BDF83200ADF8DB
:102E00002E00BDF87800ADF88C000BAB0CAA23A9FE
:102E1000409800F0BCF800BF28982A904198407F65
:102E20000021CDE900104198B0F914000C904399AD
:102E30002A9808440B90369803B2DDE90B023799C3
:102E4000EBF7DEFA0146289808442890429800885B
:102E5000ADF8B4009DF8C800022823D14198407F06
:102E600000904198B0F914000C902A992898401AC3
:102E70000B90439808440A90DDE90B13379A11F040
:102E800037FA2E904298FCF721FA2E99401A0C90AE
:102E900000EBD070BDF8B41001EB600000B2ADF8EB
:102EA000B40022E09DF8C80003281ED14198407F5D
:102EB00000904198B0F914000C902A992898401A73
:102EC0000B90439808440A90DDE90B13379A11F0F0
:102ED0000FFA2E904298FCF7F9F92E99401ABDF896
:102EE000B410084400B2ADF8B400BDF8B6102F9885
:102EF000084400B2ADF8B600BDF9B610409880683D
:102F0000B0F90600814200DD5EE400BF2A994398D3
:102F1000405C00287FF40FAE00BF55E48802002417
:102F20002300000038B504462021204607F085F92B
:102F3000FF20A076FEF7EBF80090BDF80000A0811E
:102F40000A4820604FF6FF706060A060FEF7DFF86F
:102F50000090BDF80000E08105200CF0E3FF009038
:102F6000BDF8000020820020E07638BDD4BD040802
:102F70002DE9F04104460D4616461F463B463246B3
:102F800029462046D4F81CC0E047BDE8F0812DE971
:102F9000F04105460C4616461F46608808B9BDE854
:102FA000F081207A022800DCF9E73B4632462146D0
:102FB0002846D5F820C0E04700BFF0E73EB50446FC
:102FC0000A21204607F039F901206080FF20207295
:102FD00000BF002001460246D508BDF8003065F369
:102FE00004038D080093BDF8003065F34A13C5084B
:102FF0000093BDF8003065F3CF230093BDF8005077
:103000002B460193BDF8041008460290BDF8080055
:1030100020803EBD02460B46002106E00C4850F8D9
:10302000310000B903E0481CC1B21029F6DB00BF33
:10303000102904DB00BF00BF4FF0FF307047044889
:1030400040F8312000EBC10043600846F6E700007D
:10305000100D00242DE9F04F87B081468A461646B0
:103060001D46109CB4F90A00301A0690B4F9080005
:10307000AAEB00000590B4F90C00B4287EDAB4F98C
:103080000E00B428FADAA089002877D0E089002859
:10309000FBD0B4F90C10B4F90E0081426EDDB4F926
:1030A0000A00B04203DD012007B0BDE8F08F606D7B
:1030B0000699484380120490A16A0698401C414337
:1030C0004FEAA128B4F90C00B0F5877F0ADDB4F906
:1030D0000C00B0F5B47F05DAB8F1000F02DA4FF05A
:1030E00000081BE0B4F90C00002809DDB4F90C005D
:1030F0005A2805DCB8F1000F02DA4FF000080DE0A5
:10310000B4F90C005A2809DDB4F90C00B0F5877F3A
:1031100004DAB8F1000F01DD4FF00008B4F90E0039
:10312000B0F5877F0ADDB4F90E00B0F5B47F05DA9B
:10313000B8F1000F02DA4FF000081BE0B4F90E00FE
:10314000002809DDB4F90E005A2805DCB8F1000F9B
:1031500002DA4FF000080DE0B4F90E005A2809DD3C
:10316000B4F90E00B0F5877F04DAB8F1000F01DD85
:103170004FF000080498A0EB080000E042E0401087
:1031800003904FF0010B01200290039808EB00011F
:1031900005980F1AAF4200DD2F46002F10DD04F115
:1031A00010003BB2324651460090484600F076FA95
:1031B0008346BBF1000F03D13946484607F03DF87E
:1031C000AF4200DD2F46002F00DA002704F13C005B
:1031D000EA1B13B20AEB070211B2009009EB0700D9
:1031E000324600F05BFA0290029820B9E91B09EB25
:1031F000070007F022F80298834501D1584653E7AB
:10320000022051E7B4F90C00B4287DDDB4F90E00BA
:10321000B428FADDB4F90C10B4F90E008142F4DDE3
:10322000B4F90A00B04201DA01203DE7606D069969
:10323000484380120490A16A0698401C41434FEA1B
:10324000A128B4F90C00B0F5877F0ADDB4F90C00B1
:10325000B0F5B47F05DAB8F1000F02DA4FF00008DC
:103260001BE0B4F90C00002809DDB4F90C005A2861
:1032700005DCB8F1000F02DA4FF000080DE0B4F9F8
:103280000C005A2809DDB4F90C00B0F5877F04DA88
:10329000B8F1000F01DD4FF00008B4F90E00B0F5F1
:1032A000877F0ADDB4F90E00B0F5B47F05DAB8F116
:1032B000000F02DA4FF000081BE0B4F90E000028FE
:1032C00009DDB4F90E005A2805DCB8F1000F02DA66
:1032D0004FF000080DE0B4F90E005A2809DDB4F9EA
:1032E0000E00B0F5877F04DAB8F1000F01DD4FF072
:1032F00000080498A0EB0800401003904FF0010B69
:1033000001200290039800E03BE008EB00010598E3
:103310000F1AAF4200DD2F46002F10DD04F13C00F4
:103320003BB2324651460090484600F0B7F983461A
:10333000BBF1000F03D13946484606F07EFFAF428D
:1033400000DD2F46002F00DA002704F11000EA1BF1
:1033500013B20AEB070211B2009009EB07003246E4
:1033600000F09CF90290029820B9E91B09EB0700D4
:1033700006F063FF0298834501D1584694E6022087
:1033800092E60127B846B4F90C00B42806D1B4F986
:103390000A00B04200DD27E0032725E0A08938B904
:1033A000B4F90A00B04201DD03271DE001271BE04C
:1033B000B4F90C00B42803DAB4F90A00B04207DC0F
:1033C000B4F90C00B42805DDB4F90A00B04201DC00
:1033D000032709E004F110002B46324651460090C5
:1033E000484600F05BF90746B4F90E00B42809D14D
:1033F000B4F90A00B04202DD4FF003082BE04FF0B1
:10340000010828E0E08948B9B4F90A00B04202DDB9
:103410004FF001081FE04FF003081CE0B4F90E0064
:10342000B42803DAB4F90A00B04207DCB4F90E009C
:10343000B42806DDB4F90A00B04202DC4FF00308FC
:1034400009E004F13C002B463246514600904846C4
:1034500000F024F9804617B1B8F1000F01D1002027
:1034600022E6032F04D1B8F1030F01D100201BE69F
:10347000012F04D1B8F1010F01D1012014E602207F
:1034800012E600002DE9F84F0646894692461C4692
:103490000A9D002C01DA002404E0B4F5B47F01DBBE
:1034A00040F26714002D01DA002504E0B5F5B47F81
:1034B00001DB40F26715A54205DAC4F5B470284473
:1034C000A6F8680007E0281B002801DD281B00E0A3
:1034D000601BA6F86800B481F581A6F80890A6F8EC
:1034E0000AA0264830600120307100BF002C02DBAA
:1034F000B4F5B47F03DD00BF00BF00BFFEE700BF2F
:10350000002C03DBB42C01DA002707E0B42C04DB29
:10351000B4F5B47F01DA012700E0012700BF002DD8
:1035200002DBB4F5B47F03DD00BF00BF00BFFEE7E0
:1035300000BF002D04DBB42D02DA4FF0010809E0D2
:10354000B42D05DBB5F5B47F02DA4FF0000801E0D9
:103550004FF0010823465246494606F110000097F5
:1035600000F032F92B465246494606F13C00CDF8B0
:10357000008000F029F9BDE8F88F000055300208FE
:103580002DE9F84F0746884691469A464FF0000BC2
:10359000104C15E0256801262068009053464A46E5
:1035A00041463846D5F800C0E047064616B9002027
:1035B000BDE8F88F022E01D14FF0010B083400BF97
:1035C00020680028E6D1BBF1000F01D00220EFE710
:1035D0000120EDE7100D002470B504462646307931
:1035E000022814D12546686980B1686900690028FD
:1035F00007DA6969486806F009FC686906F006FCA4
:1036000004E068694069401E6969486107E03079F3
:10361000052804D12546A86806F0F8FB00BF70BD58
:103620002DE9F04106463EB91B48006810B1012063
:10363000BDE8F0810020FBE7002428E0164850F8A0
:10364000347007B921E0387902281BD1124850F8AC
:103650003450A87C00F0010048B1B5F9102005F104
:1036600008013046E9F72AF858B90120E0E7B5F932
:10367000102005F108013046E8F7A5FF08B9012040
:10368000D6E701E00120D3E700BF601CC4B2102CD4
:10369000D4DB0020CCE70000100D00242DE9F84F0A
:1036A00082460D4690461E460A9CA08AA8EB000062
:1036B0000FFA80F8608A281A05B2206A00286BD1B8
:1036C00094F8280000F0010010B3207C00F0030003
:1036D00020B1207C00F00300012802D10120BDE8C8
:1036E000F88F207C00F00300022805D108F10100CA
:1036F000002801DA0120F2E7207C00F00300032813
:1037000004D1B8F1000F01DD0120E8E70020E6E771
:10371000207C00F00300022804D0207C00F003008D
:10372000032801D10120DAE7207C00F00300012802
:1037300002D1002D00DDD2E7207C00F00300A0B90B
:10374000A819002801DA0120C9E76F42002F01DA29
:103750000020C4E7002F06DBB74204DAF11B0AEBB6
:10376000070006F06AFD0220B9E7A819002801DA6F
:103770000020B4E76F42002F00DA0027B74201DBD8
:103780000020ACE7002F05DBB74203DA394650468C
:1037900006F053FD0220A2E794F8280000F0010093
:1037A00040B133464246294650460094FAF764FB3E
:1037B000814607E033464246294650460094FAF7D0
:1037C0004CFC814648468AE72DE9FC4781460D4678
:1037D00016461C46DDF828A0B42C02DDA4F1B40086
:1037E00004B204F15A0000B210F022FC05EB60179D
:1037F000204610F01DFC06EB60180FFA88F03BB273
:1038000032462946CDE9000A484600F003F8BDE8F3
:10381000FC8700002DE9F05F04460F4615469846E8
:10382000DDE90A6B2C21204606F007FDB54206D1E2
:10383000BBF1030F03D1681E05B2701E06B2B5427C
:1038400006DD4046B846074630462E46054600BFD0
:1038500027816581A4F80C80E68184F810B0678226
:10386000A582A8EB0700002802DDA8EB070001E015
:10387000A7EB0800711B002901DD711B00E0A91BEB
:10388000884201DD012000E0002094F8281060F358
:10389000000184F828100020E061A0614748206002
:1038A00000202071A8EB0709A6EB050A94F8280070
:1038B00000F00100C0B1B9F1000F07D04FF4801142
:1038C00091FBF9F000FB0AF18912E161BAF1000FF6
:1038D00007D04FF4801191FBFAF000FB09F1891237
:1038E000A161E169216218E0BAF1000F07D04FF43D
:1038F000801191FBFAF000FB09F18912A161B9F185
:10390000000F07D04FF4801191FBF9F000FB0AF192
:103910008912E161A169216200BF207C00F00300EF
:1039200030B994F8280020F0020084F8280039E02B
:10393000207C00F00300012807D194F8280020F033
:103940000200801C84F828002CE0207C00F003009A
:10395000022811D1206A002807DD94F8280020F001
:103960000200801C84F828001CE094F8280020F055
:10397000020084F8280015E0207C00F003000328F2
:1039800010D1206A002806DD94F8280020F00200FB
:1039900084F8280006E094F8280020F00200801C3B
:1039A00084F82800206A80106062206A002802DA09
:1039B000606A40426062BDE8F09F00009D360208E8
:1039C0002DE9F04F8DB080468B4691461D461698E6
:1039D000807C00F001000C901698B0F910000B905C
:1039E0001699083109A8FBF79CFB0C9858B9BDF94A
:1039F0002600484503DCBDF92A0048450DDA0020C1
:103A00000DB0BDE8F08FBDF92600484503DCBDF9D7
:103A10002A00484501DA0120F2E7BDF924100B988D
:103A20000844584507DC0BEB0501BDF928200B982D
:103A3000101A81420BDDBDF926100B980844484549
:103A400059DCBDF92A100B98081A484553DB0C982D
:103A500058BBBDF92400A0EB0B0001900198A842CF
:103A600001DD0020CCE70198002803DB40460199E6
:103A700006F0E3FBBDF92800A0EB0B0000F1010A02
:103A8000BAF1000F01DC0020BAE7AA4505DAA5EB80
:103A90000A0108EB0A0006F0D0FB019818B9AA4504
:103AA00001D10120ACE70220AAE7BDF92400A0EB78
:103AB0000B0ABAF1000F01DA4FF0000AAA4517DC31
:103AC000BDF92800A0EB0B00A0EB0A00401C019000
:103AD00001985044A84202DDA5EB0A00019001982C
:103AE000002804DB08EB0A00019906F0A6FB00BFE2
:103AF00000BF022084E7BDF92400A0EB0B00089072
:103B000009A8FBF7EAFB079009A8FBF75EFB069004
:103B1000BDF82400ABEB00000FFA80FBBDF82600D7
:103B2000A9EB00000FFA80F90B98814506DA0B9893
:103B3000A0EB0900401E00B2039006E00B99069826
:103B4000401AA9EB000000B20390169904AB05AA35
:103B500048690399F7F728FE0290DDE90710014450
:103B60000B98081ABDF81010084406B20B99089873
:103B70000844BDF81010401A401E07B20C980028E7
:103B800063D1002425E0BDF91400001B401E0299FA
:103B900011F800A0301900280BDB3019A84208DA10
:103BA000301918F80010504611F087F9311908F84B
:103BB0000100381B0BD4381BA84208DA381B18F850
:103BC0000010504611F079F9391B08F80100601C0B
:103BD00004B2BDF914008442D5DB3019A84201DAE1
:103BE000301900E02846002801DA002005E03019ED
:103BF000A84201DA301900E0284606B2A91B08EBFA
:103C0000060006F01AFBBDF91400381A401CA84241
:103C100004DABDF91400381A401C00E028460028D8
:103C200001DA00200BE0BDF91400381A401CA8424C
:103C300004DABDF91400381A401C00E0284607B227
:103C40003946404606F0F9FA5FE0002427E0BDF966
:103C50001400401E011B0298405CC0F1FF00009060
:103C6000301900280BDB3019A84208DA301918F88F
:103C70000010009811F021F9311908F80100381BE3
:103C80000BD4381BA84208DA381B18F8001000982B
:103C900011F013F9391B08F80100601C04B2BDF9DA
:103CA00014008442D3DB781CA84200DA00E02846E6
:103CB000002801DA002004E0781CA84200DA00E0C5
:103CC00028460FFA80FAA6EB0A00A5EB0A01884203
:103CD00002DAA6EB0A0001E0A5EB0A00002801DAEF
:103CE00000200AE0A6EB0A00A5EB0A01884202DAEE
:103CF000A6EB0A0001E0A5EB0A0000B2019008EB78
:103D00000A00019906F099FA00BF022078E6000047
:103D10002DE9F84F07468846154699464046FBF779
:103D2000DCFA83464046FBF750FA00900098834542
:103D300001DA584600E000988246B5EB6A0F02DDD2
:103D40004FEA6A0005B2002D00DA0025414607F16E
:103D50000800FBF7E6F93D8287F812905148386079
:103D6000022038711DB900207861BDE8F88F002469
:103D700040E0C4EBC4004C4901EB8000B0F91800EE
:103D8000A84236D1C4EBC40001EB80004069401C5E
:103D9000C4EBC401444A02EB81014861C4EBC40096
:103DA000114601EB80000169102D01DA012000E0CD
:103DB00028110844B0F57A7F0CDAC4EBC4003A4904
:103DC00001EB80000169102D01DA012000E02811CB
:103DD000084401E04FF47A70C4EBC401324A02EBAC
:103DE00081010861C4EBC400114601EB80007861D9
:103DF000BBE7641C042CBCD3002600241BE0C4EBEE
:103E0000C400294901EB8000406998B926B9C4EB88
:103E1000C40001EB80060DE0C4EBC400224901EBB5
:103E2000800000693169884204DAC4EBC4001E498D
:103E300001EB8006641C042CE1D396B91C2005F02C
:103E400017FF064600BF1EB900BF00BF00BFFEE758
:103E500000BF1C21304606F0F0F94FF0FF30306112
:103E600019E07069401C7061002030613169102DCB
:103E700001DA012000E028110844B0F57A7F07DA62
:103E80003169102D01DA012000E02811084401E019
:103E90004FF47A7030617E6129467869ECF7A8FDAD
:103EA00000BF62E7C1390208A00C002470B50546C6
:103EB000002600240DE0094800EBC4004068A84239
:103EC00005D1064850F83460204600F009F8601C1F
:103ED000C4B2102CEFDB304670BD0000100D002482
:103EE000014600204A1C4AB1054A52F8310000221E
:103EF000034B43F8312003EBC1035A6070470000C5
:103F0000100D002470B505460E46144600BFE0882B
:103F10006188401A401C00B2012807DB00BFA0885E
:103F20002188401A401C00B2012800DA70BD2246E8
:103F300031462846EB68984700BFF7E738B5044696
:103F40003821204606F079F9FDF74CFC0090BDF8C9
:103F50000000A080FDF746FC0090BDF80000E08066
:103F6000FDF7E0F80090A01DBDF800106181FF2171
:103F700021730221A173FDF7D5F80090BDF8000070
:103F80000C346082FDF7CEF80090BDF8000020846C
:103F90000848A060FF2004F8090CA073A077A07562
:103FA00084F82A00E07D20F03E001E30E0750C3CD5
:103FB00038BD0000D4BD04082DE9FF4705460C4676
:103FC000AA6802A82168E8F7BDFA08B9BDE8FF872A
:103FD0004FF00008E068002867D1607E002864D1B7
:103FE00002A8FBF746F964285FD96868FBF77CF9FB
:103FF0000646D5F80090BDF908006968B1F90010CF
:10400000401ABDF90A106A68B2F90220891A06FB43
:10401000010009EB4009676877B32146284600F0A4
:10402000EAFA2068FBF760F98246BDF908002168CA
:10403000B1F90010401ABDF90A102268B2F9022045
:10404000891A0AFB010007EB400768684088404274
:1040500002B268680088404201B202A8FBF7A9F9E1
:10406000207E3B46324602A9CDE900A0484600F03A
:104070004BF84FF0010817E0207EFD2814DB68683C
:104080004088404202B268680088404201B202A8FB
:10409000FBF78FF92089034602AA31460190484672
:1040A00000F00CF84FF0010800BFB8F1000F03D189
:1040B0002146284600F09FFA00BF87E72DE9FF411F
:1040C00004460D4616463046FBF70EF907463046C5
:1040D000FBF782F88046F9F7B3FA4FF4403009490C
:1040E00008600846C463BDF80C008863E81B0864D8
:1040F00048EA074048640846006840F0010008604C
:10410000BDE8FF81001000522DE9F05F06468946A8
:1041100017461D46DDE90A8A4846FBF7E5F80446DE
:104120004846FBF759F88346F9F78AFABAF1FD0FCA
:1041300016DB00201C4908600220C8610846C560E3
:10414000A8EB040008610846C663381B08644BEA04
:10415000044048640846006840F00100086020E020
:104160004FF400301049086002204862084646615A
:10417000381B88614FF0021040EA0A60C8610846A7
:10418000C560A8EB040008610846C563A8EB0400FD
:1041900008644BEA044048640846006840F00100A7
:1041A0000860BDE8F09F00000010005270B50646A0
:1041B0000C462146304600F083FD254602486863E0
:1041C0000248E86270BD0000B93F02088963020836
:1041D00008B50848006840F0100006490860BFF3C1
:1041E0004F8F0448001D0068009000BF0220024964
:1041F000486308BDD4440258001000522DE9F04F26
:10420000C9B081460D4614469846539F529E287B5E
:10421000022802DC49B0BDE8F08F688800B9F9E7F0
:10422000BE4200D1F6E7B5F902A0C24501DD0FFAA2
:1042300088FA3BA8FFF782FE687B00F003008DF848
:10424000EE00A86840B100208DF8EF00A8683F900C
:10425000287B8DF8060105E0287B8DF8EF00288883
:10426000ADF8F0002088A0EB080000B2ADF8E40043
:104270006088A0EB080000B2ADF8E600208840445A
:10428000401E00B2ADF8E80060884044401E00B215
:10429000ADF8EA0000BFBDF8E400ADF8DC00BDF801
:1042A000E600ADF8DE00BDF8E800ADF8E000BDF8CE
:1042B000EA00ADF8E20000BFBDF8DC006988084400
:1042C00000B2ADF8DC00BDF8DE006988084400B239
:1042D000ADF8DE00BDF8E0006988401A00B2ADF824
:1042E000E000BDF8E2006988401A00B2ADF8E200D3
:1042F0004FF0FF3B00BFBDF8E000BDF8DC10401AF6
:10430000401C00B2002815DD00BFBDF8E200BDF87A
:10431000DE10401A401C00B200280BDD012347F6D6
:10432000FF7237A931A8FFF7F3FC002131A8FEF78F
:1043300071FE8346002347F6FF7239A92BA8FFF7C9
:10434000E7FC00212BA8FEF765FE2A9006F5B47065
:10435000B84203D007F5B470864218D147F6FF7013
:10436000ADF8EC0039AA3BA94846FFF7CBFD2A98E7
:10437000FFF7B6FD0BF1010010B15846FFF7B0FD95
:104380002BA8FFF729F931A8FFF726F942E702E049
:10439000A6F5B47086B2B6F5B47FF9DA02E0A7F5F7
:1043A000B47087B2B7F5B47FF9DA38B20090B4F9D7
:1043B0000220B4F9001033B20FA8FFF763F8002110
:1043C0000FA8FEF727FE0E90B74204DDB81BC0F51C
:1043D000B4700D9001E0F01B0D90D9F808000C901E
:1043E0000D983C282EDDB8F10A0F2BDD05940FFA4D
:1043F00088F0ADF81800ADF81A60ADF81C705A20BE
:1044000096FBF0F000F00300ADF81E005A2097FB79
:10441000F0F000F00300ADF82000ADF822A03BA8BA
:10442000099039A80A90CDF82C9005A8F2F7CBF89E
:1044300005A8F2F7ECF905A8F2F712FB05A8F2F7C8
:104440003DFC04E039AA3BA94846FFF75BFD0FA8F5
:10445000FFF7C2F82BA8FFF7BFF831A8FFF7BCF8A9
:104460000E98FFF73DFD2A98FFF73AFD0BF101008A
:1044700010B15846FFF734FD687BC0F38000002878
:104480007ED00AF0FF0204AB0FFA88F130B2F7F7E2
:10449000DBFABDF810002188084400B2ADF8100026
:1044A000BDF814002188084400B2ADF81400BDF82E
:1044B00012006188084400B2ADF81200BDF8160081
:1044C0006188084400B2ADF8160004AA02A80C994D
:1044D000E8F738F8D0B1002347F6FF7204A906A820
:1044E000FFF716FC002106A8FEF794FD019002A834
:1044F000C9F8080039AA3BA94846FFF703FD01980F
:10450000FFF7EEFC06A8FFF767F800BF0AF0FF020E
:1045100004AB0FFA88F138B2F7F796FABDF810003D
:104520002188084400B2ADF81000BDF814002188BD
:10453000084400B2ADF81400BDF8120061880844C8
:1045400000B2ADF81200BDF816006188084400B250
:10455000ADF8160004AA02A80C99E7F7F3FFE0B142
:10456000002347F6FF7204A906A8FFF7D1FB00213C
:1045700006A8FEF74FFD019002A8C9F8080000E068
:104580000FE039AA3BA94846FFF7BCFC0198FFF7AA
:10459000A7FC06A8FFF720F800BF0C98C9F8080090
:1045A00000BF00BF36E670B504460D4616463246DB
:1045B00029462046ECF7F2FF324629462046EDF721
:1045C000E2F970BD7CB504460D46287E022800DC69
:1045D0007CBDA26868462968E7F7B4FF00B9F7E731
:1045E000E06A10B12046E16A884729462046626B9E
:1045F000904700BFECE72DE9F04F89B007460C4625
:10460000E06800B90026E06820B1207C10B909B04C
:10461000BDE8F08F207C012801D1002600E0E6688B
:104620007868FAF768FE8346BA6807A82168E7F752
:1046300089FF00B9EBE7E9F77BFE81463868069011
:10464000D9F80000C06988B9BDF91C007968B1F9D2
:104650000010401ABDF91E107A68B2F90220891ABA
:104660000BFB0101069800EB41000690D4F804A072
:10467000BAF1000F14D02068FAF73DFE8046BDF96C
:104680001C002168B1F90010411ABDF91E00226812
:10469000B2F90220821A08FB02100AEB400A01E07C
:1046A0004FF000089EB16069FAF725FE0546606983
:1046B000B0F90000BDF91C10411A6069B0F90200A0
:1046C000BDF91E20821A05FB0210064400E00025F9
:1046D00078684088404202B278680088404201B25F
:1046E00007A8FAF766FED9F80000C069D0B1606883
:1046F00060B9207ECDE901650090208903465A46C5
:1047000007A905900698F5F7DEFB46E0207E5346A4
:104710005A4607A9CDE90080CDE90265069810F058
:104720002CFB3AE06068E8B9607E60B9207ECDE994
:1047300001650090208903465A4607A9059006980E
:10474000F5F71CFA29E0607E217ECDE90165009134
:104750000390208903465A4607A905900698F5F765
:104760005BF91AE0607E58B9207E53465A4607A985
:10477000CDE90080CDE90265069810F057F90CE00C
:10478000607E217E53465A46CDE90081CDE902651F
:10479000049007A9069810F0BFF800BF37E72DE98D
:1047A000FF4FB1B00C461746DDF8F88031998868A4
:1047B0000188ADF8BC104188ADF8BE108188ADF815
:1047C000C010C188ADF8C21000BF2FA8FEF728FFA7
:1047D0002E901C2127A805F030FDE07A8DF8B4005A
:1047E000207B00F00F008DF8B5002E9890B920883E
:1047F00080B96088B0F5807F0CD1B8F1040F09D181
:10480000A07A38B927973498289027A93198FFF7CC
:10481000D9FE51E2B8F1050F01D1032000E00220DA
:1048200081463846FAF76EFD26904FF47F4000210E
:1048300000F47C4241EA5211C0F3C40211431F91BB
:10484000BDF87C201146249100252FA8FAF7D2FC50
:1048500023902FA8FAF756FD8346BDF8BC00ADF8AB
:104860008400BDF8C000ADF88800BDF8BE00ADF80A
:104870008600BDF88600ADF88A0021A82790208820
:1048800018B96088B0F5807F01D0012000E00020D9
:1048900020902E9800287ED120980028FBD1B8F1D6
:1048A000050FF8D1A07A0028F5D1E9F741FD19905C
:1048B000FDF7E4FB1F902FA8FAF7DBFC1F99884255
:1048C00001D91F9802E02FA8FAF7D3FC1E901E9979
:1048D000480005F007FA1D901E9805F003FA1C9099
:1048E0001C982A9021A82C9002208DF8AC001D98CD
:1048F0002890349EBDF9BE00B7F90210401A2699DF
:10490000484300FB0966BDF9BC00B7F90010401A26
:1049100000FB096600201A903BE0B24600201B9085
:1049200013E09AF802001C99485548B19AF8001013
:104930009AF8012001EB02218AB21D9921F8152075
:104940001B98401C1B90CA446D1C1B985845E8DB03
:10495000269800FB096605EB0B011E98814206D8DC
:10496000BDF88A00401C00B2ADF88A000EE027A90D
:104970003198FFF727FEBDF88A00401C00B2ADF861
:104980008600BDF88600ADF88A0000251A98401C04
:104990001A90239900E019E01A988842BDDBBDF90E
:1049A0008600BDF98A10884209D0BDF88A00401EF1
:1049B00000B2ADF88A0027A93198FFF703FE1C98D2
:1049C00005F00CFA1D9805F009FA74E1E9F7B0FC5E
:1049D0000290FDF753FB1F902FA8FAF74AFC1F998E
:1049E000884201D91F9802E02FA8FAF742FC1E90D6
:1049F0001E99480005F076F91D901E9805F072F991
:104A000006462A9621A82C9002208DF8AC001D980D
:104A1000289000201C904C2109A805F00EFC20983D
:104A200028B3208800B2ADF830006088ADF83200BD
:104A300034980990269800B2ADF828003846FAF765
:104A4000D9FBADF82A008DF83680A088ADF82C008F
:104A5000E088ADF82E002089ADF83400207D00F00C
:104A600001008DF8370009A8E8F7BEFD15E034987D
:104A70001C90BDF9BE00B7F90210411A26984143B7
:104A80001C9801FB09001C90BDF9BC00B7F900108F
:104A9000411A1C9801FB09001C9000200790089007
:104AA000A07AC0F1FF000690A07AC8B122890292D4
:104AB000A07A07A9BDF80820D20A12FB00F20A80EA
:104AC000BDF80820C2F3451212FB00F24A80BDF87F
:104AD000082002F01F0212FB00F28A8000BF00BF14
:104AE000B8F1040F05D1208818B96088B0F5807F2F
:104AF00001D0022000E001208DF8AC002E9818B102
:104B000030461E9905F0D0FBBDF98600B7F90210BA
:104B1000401A039000200490B1E0DDF870A00295E7
:104B2000BDF98400B7F90010401A019000200590EB
:104B30004BE02098B8B1DDE90303184402B2059BAD
:104B40000198184401B209A8E8F7C3FA0090009848
:104B500010B90020705533E009A8807D7055BDF86C
:104B6000380025901EE0B8F1050F05D19AF8020033
:104B7000705500B924E001E0FF2070559AF800005C
:104B80009AF8011000EB012080B22590B8F1060FD1
:104B900008D1BDF89400BDF89010884202D10020E1
:104BA00070550DE0A07A28B107A8069A2599FCF760
:104BB000A2FD2590BDF894101D9820F8151000BF97
:104BC0000598401C05906D1CCA4405985845B0DBFB
:104BD0002E98E8B1BDF8BEC0049B63441AB2BDF97B
:104BE0008410029BF0185B46FEF7CAFC0090009808
:104BF00040B902997018594605F01FFB02208DF844
:104C0000AC0004E00098022801D18DF8AC0000BF90
:104C100026991C9801FB09001C9005EB0B011E98BE
:104C2000814206D2BDF88A00401C00B2ADF88A006D
:104C300022E027A93198FFF7C5FCBDF88A00401C87
:104C400000B2ADF88600BDF88600ADF88A000025F8
:104C5000B8F1040F05D1208818B96088B0F5807FBD
:104C600001D0022000E001208DF8AC002E9818B190
:104C700030461E9905F018FB0498401C04902399B7
:104C800004988842FFF649AFBDF98600BDF98A1045
:104C9000884209D0BDF88A00401E00B2ADF88A00F3
:104CA00027A93198FFF78EFC304605F097F81D983C
:104CB00005F094F800BF00BF35B0BDE8F08F0000EC
:104CC00070B506460C4625463821284605F0B5FA4B
:104CD000094828610948E8600948A8620948E8616C
:104CE0000948686109482862094868620948E86219
:104CF0000948686370BD0000FD410208AD53020819
:104D0000A74502081D4D02089F470208154E0208DC
:104D100019500208E9530208F74502082DE9F0434B
:104D200087B005460E4690461C460023224603A93E
:104D3000306801F07AF88146B9F1000F0ED1202CCD
:104D400009D34FF6FF00844205D042F20C008442A2
:104D500001D000BF00BF07B0BDE8F083BDF814006C
:104D600010B1BDF8120000B9F5E7B8F80000BDF8C1
:104D70001610084400B2ADF80800306800893168A8
:104D80004989401AB8F802100844BDF81410401AB6
:104D9000BDF81810401A00B2ADF80A00BDF90800BD
:104DA000BDF812100844A968B1F90010884217DB59
:104DB000BDF90800A968B1F90410884210DCBDF9FA
:104DC0000A00BDF814100844A968B1F9021088421D
:104DD00006DBBDF90A00A968B1F90610884200DDBA
:104DE000B9E72146039801F011F8074617B900BF4B
:104DF00000BFB0E70398007B00F0030008B100BFDC
:104E000006E003AB02AA314628460097EFF7CCF93B
:104E100000BFA0E72DE9F04F93B080460E46144640
:104E20001D46708810B913B0BDE8F08F307A0228A3
:104E300000DCF8E7B4F90000B5F90010884206D1AB
:104E4000B4F90200B5F90210884200D1EBE7B4F9D9
:104E50000010B5F90020914202DAB4F9001001E027
:104E6000B5F90010B6F9020000EBD072A1EB6201B7
:104E700009B2ADF84410B4F90010B5F90020914220
:104E800002DDB4F9001001E0B5F90010B6F9020036
:104E900000EBD07201EB620109B2ADF84810B4F931
:104EA0000210B5F90220914202DAB4F9021001E0D1
:104EB000B5F90210B6F9020000EBD072A1EB620165
:104EC00009B2ADF84610B4F90210B5F902209142CA
:104ED00002DDB4F9021001E0B5F90210B6F90200E2
:104EE00000EBD07201EB620109B2ADF84A1011A9D2
:104EF00011A8D8F80820E7F725FB8246BAF1000F81
:104F000000D190E7D8F808B011A8C8F80800B4F9A3
:104F10000200B5F90210884206D12B4622463146DE
:104F20004046EFF71FFB12E0B4F90000B5F900109E
:104F3000884206D12B46224631464046EFF72CFEEA
:104F400005E02B46224631464046EFF7F7FB707AE4
:104F5000C0F3C00020B9707AC0F38000002857D099
:104F600003A8FEF7EBFF3088ADF8100047F6FF709E
:104F7000ADF80C00307A8DF80F00B6F9020047103A
:104F8000B07800F0010080F00109707AC0F3800071
:104F9000E0B12088C01B00B2ADF804006088C01BDF
:104FA00000B2ADF8060020883844A0EB090000B23A
:104FB000ADF8080060883844A0EB090000B2ADF8F5
:104FC0000A0001AA03A94046FEF79CFF707AC0F3CD
:104FD000C000E0B12888C01B00B2ADF804006888AA
:104FE000C01B00B2ADF8060028883844A0EB0900C9
:104FF00000B2ADF8080068883844A0EB090000B2A0
:10500000ADF80A0001AA03A94046FEF77BFF00BFE6
:10501000C8F808B000BF06E72DE9FF4F93B09046EF
:105020001E46032E02DA17B0BDE8F08FB8F1000F6C
:1050300000D1F8E7B00004F055FE044604B9F2E7E9
:1050400000201290D8F80000206000251EE038F9FA
:105050002510681C38F9200081420AD108EB850030
:10506000B0F90210681C08EB8000B0F90200814220
:105070000AD0129804EB800008EB850109680160F2
:105080001298401C80B21290681C85B2701EA84213
:10509000DDDCB8F9001038F92000814208D1B8F9F8
:1050A0000210701E08EB8000B0F9020081420BD0A4
:1050B000129804EB8001701E08EB80000068086005
:1050C0001298401C80B21290129E032E03DA2046E2
:1050D00004F084FEA7E7B44903C9CDE91001002517
:1050E0003DE0BDF9400034F92510884202DABDF9EF
:1050F000400001E034F92500ADF84000BDF9420060
:1051000004EB8501B1F90210884202DABDF94200D0
:1051100003E004EB8500B0F90200ADF84200BDF9F0
:10512000440034F92510884202DDBDF9440001E055
:1051300034F92500ADF84400BDF9460004EB8501C3
:10514000B1F90210884202DDBDF9460003E004EB2C
:105150008500B0F90200ADF84600681C85B2B54282
:10516000BFDB139810A982680DA8E7F7EBF90F9041
:105170000F9818B9204604F031FE54E71398806860
:105180000C900DA913988160B4F902000B900020D7
:105190000A9001250FE004EB8500B0F902100B988E
:1051A000814206DA04EB8500B0F902000B9028B2C8
:1051B0000A90681C85B2B542EDDB2C2106FB01F09C
:1051C00004F090FD099009980890DDF828A0DDF81A
:1051D00028A0D34600200790DDF828A0AAF10107F7
:1051E000002F00DA37440A9800F10109701E484583
:1051F00001DA4FF0000934F827100A9834F820003B
:10520000081A01B2069134F829100A9834F82000DF
:10521000081A01B2059104EB870041880A9804EB53
:1052200080004088081A00B2049004EB890041888D
:105230000A9804EB80004088081A00B2039000200E
:105240000290DDE9040110FB01F20699039810FBBE
:1052500001F0824201DA0120029000BF029860B999
:10526000AAF10107002F00DA37440BF10109701E83
:1052700048450EDA4FF000090BE00AF10107701EF5
:10528000B84200DA0027ABF10109B9F1000F00DAEA
:10529000B14404EB8700B0F9020004EB8A01B1F9D4
:1052A000021088422CDB04EB8700B0F9020004EB0B
:1052B0008A01B1F9021088421ED034F9270034F96E
:1052C0002A10884218D0012104EB8700B0F90200AF
:1052D000CDE9000134F9273004EB8A00B0F902204F
:1052E00034F92A100898FEF795FADDE90801FDF770
:1052F00091FE08982C3008900798401C0790BA46F9
:105300000798B04200D13AE004EB8900B0F90200FE
:1053100004EB8B01B1F9021088422CDB04EB89000D
:10532000B0F9020004EB8B01B1F9021088421ED0E3
:1053300034F9290034F92B10884218D0002104EBED
:105340008900B0F90200CDE9000134F9293004EBFD
:105350008B00B0F9022034F92B100898FEF75AFAA6
:10536000DDE90801FDF756FE08982C3008900798F3
:10537000401C0790CB460798B042FFF46FAF00BFC8
:1053800010AADDE91301FEF7BDFD0998FEF78EFDB9
:10539000099804F023FD204604F020FD13990C9891
:1053A000886000BF3FE60000E881040870B504464D
:1053B0000D461646324629462046F2F71BFC324679
:1053C00029462046ECF7EAF8324629462046ECF713
:1053D000DAFA324629462046ECF7F1FB32462946F6
:1053E0002046F0F7B5FF70BD704770B5044600BFAA
:1053F00000BF0121204606F068F825464FF6FF70F1
:1054000068870121686A05F003FB002220212046FD
:1054100000F05CFC70BD00002DE9F04180460C46B8
:105420002546002045F8240FE86018A0A860002059
:105430006860287E20F0100010302876287E20F04A
:1054400020002030287600206882A8824FF6FF7066
:10545000E88200202882287E20F00F00083028767D
:105460004FF48061204605F0D3FA09A1204600F0F0
:105470004CFB204606F084FE074600F047F9286002
:1054800055F824697462BDE8F0810000EF81B8002E
:105490004F7074696F6E20310A4F7074696F6E209F
:1054A000320A4F7074696F6E2033000070B5044685
:1054B00000BF00BF2146044805F017FF05462846F7
:1054C00005F088FF284670BDB0C0040870B50646D8
:1054D0000D462C46606A20B1606A06F08BF8002009
:1054E000606294F83C00C0F3001020B9206B04F017
:1054F0008DFC0020206370BD2DE9F84F8946494698
:10550000584806F0ABFC8046B8F1010F01D0BDE869
:10551000F88F484600F073FB0546484600F0D0FB84
:1055200007463C460E2D1BD1384606F0C7FD834684
:10553000584601F0A3F9064602F050FC009002F034
:10554000A2FC8246BAF1040F09D11EB1384600F020
:1055500033F904E0208FE0863846FFF746FF7FE00E
:105560000F2D01D0102D03D13846FFF73EFF77E015
:10557000082D07D13846EAF756FA8046B8F1010FF0
:105580006ED0C4E72A2D03D1384609F0E2FC67E06B
:10559000292D03D1384609F0DCFC61E02C2D0DD11A
:1055A000484600F08AFB06460021384608F0D1F94B
:1055B0008246504600F0E6FC708051E00D2D4AD145
:1055C000484600F07AFB0678132E01D0122E13D134
:1055D000384600F08EF818B9384600F0EDF839E09A
:1055E000E08E401CA18E884234DAE08E401CE086BA
:1055F000384610F0B6F82DE0142E01D0112E11D13E
:10560000384600F076F818B9384600F0D5F821E0B1
:10561000E08E00281EDDE08E401EE086384610F049
:10562000A0F817E01B2E05D1208FE0863846FFF743
:10563000DCFE0FE00A2E0DD102F0E4FB8246BA45F3
:1056400007D03846EAF7EFF98046B8F1010F00D0ED
:105650005DE700BF04E0152D02D14846EFF7E0FDFD
:1056600000BF54E7B0C00408014600BF00BF0A46AF
:10567000D08E70472DE9F05F81460F46924600BFFD
:1056800000BF4D464FF0000B286B20B1286BDBF7B5
:1056900027F9804603E000203870BDE8F09F002421
:1056A00006E0286B005D0A2801D10BF1010B641C98
:1056B000444502D2288F5845F3D100260EE0BAF1B6
:1056C000000F06D0AAF10100B04202D800BF00BF0F
:1056D0000AE0286B005DB855761C641C444503D273
:1056E000286B005D0A28EAD100BF0020B85500BF32
:1056F000D3E770B5044600BF00BF25460121686AA4
:1057000008F0DEFA80F0010070BD000070B50446BC
:1057100000BF00BF2146044805F0E7FD05462846C6
:1057200005F058FE284670BDCCC004082DE9F05F96
:1057300083468846404600F062FA0446182C08D09A
:1057400041461C4806F08AFB0546012D01D0BDE804
:10575000F09F404600F0B4FA0646D6F824904F4633
:10576000082C09D102F03AFB824602F07CFBF8B922
:105770003046F8F7E9FD1BE0012C03D13046F8F77D
:10578000BEFD15E0092C06D14FF6FF707887304634
:1057900008F033FE0CE0182C0AD14046EFF7D6FA99
:1057A0004146044806F05AFB0546012D00D0CEE7DD
:1057B00000BFCCE7CCC004082DE9F04F87B0054608
:1057C00000BF00BF2C460121284605F05EF928469F
:1057D00006F0D6FC83465946606A09F0A3FF4FF0F5
:1057E000FF31606A08F0C8FF0121606A05F02CFEF5
:1057F00000221F21284600F069FA2846F5F7B9FE75
:105800000690216B069803F0ACFF42F2D171606AFA
:105810000AF0B8FA06980AF007FB606A08F0F3F994
:105820008346284608F0EFF9834513DC94F83C00E2
:1058300000F00F00042805D094F83C0000F00F00A1
:10584000082807D1284608F0DEF983465946606AE1
:105850000AF098FA069806F03BFC05900021606A71
:1058600007F0A2FB81460021606A07F064FF48440C
:1058700001B204910020D4F824B0029041F6110244
:105880005846029907F098FF01900198484400B2E9
:105890000390DDE904100144039808440FFA80F8EE
:1058A000464694F83C0000F00F0794F83C0000F0E6
:1058B0000F00082824D1FCF7C9FB8346FCF744FC01
:1058C000B5F91A10314488423CDAFCF7BFFB834635
:1058D000FCF73AFCB5F91A10411AB5F916008142E5
:1058E00004DA0427E88A401E06B22BE0FCF7AEFB80
:1058F0008346FCF729FC698B401A401E06B221E062
:1059000094F83C0000F00F0004281BD1B5F91600F4
:10591000801B17D5FCF79AFB8346FCF715FCB5F9FD
:105920001A10411AB5F91600814209DD0827FCF763
:105930008DFB8346FCF708FC698B401A06B201E038
:10594000B5F91660464500DD46463146606A09F005
:10595000ACFE28460FF005FF082F08D1002000906C
:1059600000230D222946606A05F012F91FE0042F7A
:1059700008D10020009000230A222946606A05F021
:1059800007F914E0012F08D1002000900023102215
:105990002946606A05F0FCF809E0022F07D10020D3
:1059A0000090002313222946606A05F0F1F8606A2E
:1059B0000AF03AFA94F83C0000F00F00012805D0F4
:1059C00094F83C0000F00F0002281FD1606A08F034
:1059D00046F90290606A08F065F98346FCF736FBE9
:1059E0000190FCF7B1FB58450FDCFCF72FFB009052
:1059F000FCF7AAFBABEB00010298401A401E00B274
:105A00000190606A01990AF0EFF900BF0021226B52
:105A1000069805F03BFC82465046BAF1010F04D0CF
:105A2000022810D0032807D000BF00231A46012106
:105A3000069805F09BF80DE000231A46032106980E
:105A400005F094F806E000231A460921069805F0AF
:105A50008DF800BF00BF07B0BDE8F08F2DE9F04121
:105A600007460D4600BF00BF00BF1DB900BF00BF05
:105A700000BFFEE700BF3C460020A086002606E0EF
:105A8000A85D0A2802D1A08E401CA086761CA85DC5
:105A90000028F5D1A08E401CA0860020E08620873B
:105AA0002846DAF71DFF00F10108206B48B194F891
:105AB0003C00C0F3001020B9206B04F0A7F90020CF
:105AC0002063404604F0D4F8206300BF206B18B96F
:105AD00000BF00BF00BFFEE700BF206B08B9BDE8F4
:105AE000F0812946206BDAF7D7FE94F83C0020F0CD
:105AF000100084F83C00384608F07FFC606A10B162
:105B0000606A08F07AFC00BFE9E72DE9F04107463A
:105B10000D4600BF00BF00BF1DB900BF00BF00BFE2
:105B2000FEE700BF3C460020A086002606E0A85DF8
:105B30000A2802D1A08E401CA086761CA85D0028F1
:105B4000F5D1A08E401CA0860020E086208794F826
:105B50003C00C0F3001030B9206B20B1206B04F082
:105B600055F90020206394F83C0020F0100010301C
:105B700084F83C002563384608F03FFC606A10B1A9
:105B8000606A08F03AFCBDE8F08170B506460D4643
:105B900000BF00BF3446E08EA84200D170BDA08E89
:105BA000A84201DD284601E0A08E401EE086E08E7E
:105BB0002087304608F021FC00BFEFE770B50546AE
:105BC0000C464FF48061204605F03EFC042120463F
:105BD00005F03AFC4FF40031204604F019FF012192
:105BE000204604F015FF204602F00CFD70BD30B5D4
:105BF00004460B46586A02460025556230BD0146F0
:105C0000087A20F08000704701464868704700B568
:105C10000246107A15280ED0107A14280BD0107A6C
:105C2000162808D0107A182805D0107A172802D024
:105C3000107A192803D1104600F03FF800BD00BFCC
:105C400000BF0020FAE700B50246107A01282CD0E8
:105C5000107A022829D0107A032826D0107A042836
:105C600023D0107A052820D0107A06281DD0107A6B
:105C700007281AD0107A082817D0107A092814D0CB
:105C8000107A0A2811D0107A0B280ED0107A0C281E
:105C90000BD0107A0D2808D0107A0E2805D0107A73
:105CA0000F2802D0107A102803D1104600F005F812
:105CB00000BD00BF00BF0020FAE701460869704739
:105CC0000146086870470146C8687047F0B587B05C
:105CD00004460D46164614B9012007B0F0BD00BFBA
:105CE00000BF009401948DF80850002003900496A2
:105CF0009DF8180020F001008DF818009DF818009C
:105D000020F004008DF818009DF8180020F0020023
:105D10008DF818000748006805900649C1F800D0C2
:105D20006846F3F770FD0746024905980860384653
:105D3000D3E70000BC00002410B503460C46187AD7
:105D400013280DD11846FFF7B8FF0246B2F900003C
:105D5000A04202DDB2F9000000E02046108001E020
:105D600000BF00BF10BD10B500F004F800F05EFCED
:105D700010BD000010B500210D4803F019FD0D49BC
:105D800008600CF0BFF80C4908800CF0BBF840F438
:105D900080500A4908800CF0B5F840F4805008495A
:105DA00008800CF0AFF840F480500649088010BD20
:105DB00001A70108080100240C0100240E010024A1
:105DC00010010024120100242DE9F04106460F467F
:105DD000092F00D12027346939463046F5F7ECF811
:105DE000054615B90020BDE8F081606800EBC508E4
:105DF000608A800B30B92068D8F80010C1F3130115
:105E00000844F0E700BF00BF0020ECE770B504468F
:105E10000D4600BF1CB900BF00BF00BFFEE700BFBA
:105E2000294620466268904770BD2DE9F047064636
:105E30000D469046994600BF1EB900BF00BF00BF87
:105E4000FEE700BF00BF1DB900BF00BF00BFFEE7F7
:105E500000BF00202860344600270FE04B46424632
:105E600029462046D4F800C0E04707462FB1A87B5A
:105E7000C0F3001008B92C6002E06469002CEDD179
:105E800000BF3846BDE8F0872DE9FF4F83B00C46D0
:105E900091464FF0000AB9F1090F03D14FF02009E4
:105EA0004FF0010A0398066949460398F5F784F80C
:105EB00007461FB9002007B0BDE8F08F4FF0000B78
:105EC000F06868B106990398F5F776F801900198A3
:105ED00028B13946019A0398F5F7FAF9834600BFCD
:105EE000706800EBC705308A00FB0BF000110290D0
:105EF00028684FEA1058BAF1000F01D04FEA48085D
:105F00000298804408F108004FEA1018A4F80480B1
:105F1000687920812879E08095F90600608195F9FB
:105F20000700A081708A400AA17B60F30301A1737E
:105F3000A07B20F01000A073BAF1000F05D0E0881C
:105F40004FF6FF7101EA4000E0800120B3E72DE940
:105F5000FF4105460E46174600BF1DB900BF00BFF2
:105F600000BFFEE700BF3B46324669462846FFF7C2
:105F70005CFF044624B1BDF8040004B0BDE8F08124
:105F80000020FAE70146B1F9080070470146B1F96F
:105F9000080070470146B1F9080070470146B1F9A1
:105FA0000800704770B50446606808B90B2070BDE2
:105FB0006068C06808B90920F9E7D4E90010C26830
:105FC000904705466068408858B1A06848B1A0680D
:105FD000C06818B1A168C86803F018FFA06803F092
:105FE00015FF002020606060A0602846DFE7000009
:105FF00070B505460948E7F762FE04460AE02068E6
:106000000078A84201D1206870BD21460348E7F717
:106010006EFE0446002CF2D10020F5E7B80B0024F8
:1060200070B505462846DAF75BFC04460EE0285DAD
:106030002E2802D1601C284470BD285D2F2802D074
:10604000285D5C2801D103A0F6E7641E002CEED188
:1060500000A0F1E700000000401C01783A2900D1BF
:10606000401C70472DE9F04705460F46914627B979
:1060700000BF00BF0B20BDE8F08797F800804046C6
:10608000FFF7B6FF04461CB900BF00BF0320F2E7CC
:10609000606838B120466168884718B900BF00BF02
:1060A0000120E8E7A06818B900BF00BF0920E2E7B7
:1060B0003846FFF7D1FF82464A4651462046A3683C
:1060C000984706460EB1701C08B90C20D3E76C60E7
:1060D0002E60608878B1102003F0CAFDA86000BF70
:1060E000A86818B900BF00BF00BFFEE700BF1021BD
:1060F000A86804F0A2F80020BDE72DE9FC410446A1
:106100000F4690461D460DB100202860606810B90A
:106110000B20BDE8FC816068006908B90920F8E738
:10612000002001906068408838B101AB4246394692
:10613000204600F011F8064609E001A80090D4E9D5
:10614000001043463A46D0F810C0E04706460DB16D
:10615000019828603046DCE72DE9F04F87B004460F
:106160000F4615469A4600200690A068D0F808B061
:10617000A06800680590A06840680490A068D0F806
:106180000C806068B0F80290059858454AD8049889
:10619000834547D20598ABEB000080B2039003988B
:1061A000A9EB000086B2B54207D8039808EB0001BE
:1061B0002A46384603F0B3FE33E0039808EB0001AB
:1061C0003246384603F0ABFE4D450AD9AB1BBA192F
:1061D000CDF800A0D4E90010D0F810C0E047069038
:1061E0001FE00020029002A80090D4E900104B4666
:1061F0004246D0F810C0E0470690A0684068401CB6
:10620000A1680860A068006802990844A168486015
:10621000A81B80B20190B8194146019ADAF77FFBBA
:1062200000BF39E04D4509D9CDF800A0D4E90010F0
:106230002B463A460669B04706902DE0B8F1000FAC
:1062400010D1484603F014FDA168C86000BFA068E3
:10625000C06818B900BF00BF00BFFEE700BFA0685C
:10626000D0F80C800020039003A80090D4E900101F
:106270004B4642460669B0470690A068C0F800B099
:10628000A068006803990844A16848602A4641460E
:106290003846DAF744FB00BF069830B9CAF8005018
:1062A000A06880682844A1688860069807B0BDE8A7
:1062B000F08FF8B504460D461746606808B90B2004
:1062C000F8BD6068806908B90920F9E700266068B0
:1062D000408800284ED027B1012F1AD0022F48D174
:1062E00032E0A0688560A0688068A168096888427B
:1062F00005D3A0688068A1684968884208D9A36866
:106300009A68D4E900100023D0F818C0E047064688
:106310002FE0A06880682844A1688860A068806831
:10632000A1680968884205D3A0688068A1684968A7
:10633000884208D9A3689A68D4E900100023D0F8ED
:1063400018C0E047064614E0D4E900103B462A4650
:10635000D0F818C0E047064656B9D4E900106A469E
:10636000C3699847064616B90098A168886000BFBF
:1063700000BF07E0D4E900103B462A46D0F818C019
:10638000E047064630469BE770B50546E7F7D0FF85
:106390000446206868B12068806A50B102E0206835
:1063A000816A88470848006800F001000028F6D19B
:1063B00006E000BF0448006800F001000028F9D1A1
:1063C0002846FFF711F870BD001000522DE9F04F7C
:1063D00087B004460E461746A07870434FEA202A3D
:1063E000574507DC20880690BDF81810084607B00E
:1063F000BDE8F08F207A401E04EB80008078704367
:106400004FEA202B5F4509DB207A401E04EB800019
:1064100000880690BDF818100846E8E700200390B1
:1064200001252AE004EB850080787043001201907A
:10643000019887421FDC681E04EB800000880090F2
:10644000FBF798F9059004EB850000880090FBF7B6
:1064500091F90490681E04EB8000807870434FEA45
:10646000202A04EB8500807870434FEA202BABEBA9
:106470000A00039004E0681CC5B2207AA842D1DC6F
:1064800000BFA7EB0A0007B2C7EB0721039891FBF7
:10649000F0F000F0FF08C8F1FF099DF8100010FBB4
:1064A00008F09DF8141011FB090000EBC01101EB7E
:1064B000C030800EBDF8081060F3040102919DF811
:1064C000110010FB08F09DF8151011FB090000EBFE
:1064D000C01101EBC030400EBDF8081060F34A1146
:1064E00002919DF8120010FB08F09DF8161011FBA8
:1064F000090000EBC01101EBC030800EBDF80810A0
:1065000060F3CF210291BDF8081008466FE710B57F
:1065100004466068C00F10B1204603F077FC10BD40
:106520002DE9FE4305460E461746687A00F007003F
:1065300010B90020BDE8FE832848007828B9002063
:1065400000F050F8012025490870687A00F0070033
:10655000022801D1304600E03846804632464146A6
:106560002846EAF70FFD02900020019001AA02A937
:106570001B48F7F7CBFB01280AD101984068401C63
:106580000199496860F31D01019841600198D1E7C4
:106590003A4631462846E8F795FD0190019818B92A
:1065A00000BF00BF0198C5E7002410E00198B0F9D2
:1065B0000E1022462846FFF709FF009001988068D8
:1065C00000EB4400BDF800100180601C04B201988B
:1065D000B0F90E00A042E9DC0198ABE7FC00002412
:1065E000839F010810B504460D48006803F00EFCB7
:1065F000204603F03DFB0A4908600A49086000BFD5
:106600000748006818B900BF00BF00BFFEE700BF21
:1066100021460348006803F010FE0348046010BDE3
:106620004C020024F8000024F400002410B50021DE
:10663000204803F0BDF8204908600BF063FC40F4EB
:1066400080501E4908800BF05DFC40F480501C49CE
:1066500008800BF057FC40F480501A4908800BF07A
:1066600051FC40F48050184908800BF04BFC40F47A
:106670008050164908800BF045FC40F480501449C6
:1066800008800BF03FFC40F48050124908800BF06A
:1066900039FC40F48050104908800BF033FC40F482
:1066A00080500E4908800BF02DFC40F480500C49BE
:1066B000088010BD33C00108180100241C0100240B
:1066C000200100241E010024220100242C010024AA
:1066D0002A0100242601002424010024280100248A
:1066E0002E0100242DE9F04107460C460FB9BDE804
:1066F000F08100BF00BF3846E7F7E1FA06460AE03E
:106700003068A04202D100BF00BFF0E731463846F2
:10671000E7F7EDFA0646002EF2D1204605F0CEFC52
:106720008046B8F1000F0DD0A068806850B1A06815
:106730008068C0680068A04204D1404600F0B7F805
:1067400000BF00BFA06810B9204604F05BFCA06841
:1067500087603846E7F706FB054600BF1DB900BF56
:1067600000BF00BFFEE700BF05B9C0E72C60384698
:10677000E7F7A5FAA84202D1384600F098F800BF22
:1067800000BF00BFB3E7000010B50446024A03494A
:106790002046F4F783F910BDEFDC0008BFDC0008E9
:1067A0002DE9F04106460EB9BDE8F081304605F00E
:1067B00085FC044604B9F7E7207E00F0010000B133
:1067C000F2E70021204600F0FCF82046E7F777FAD0
:1067D00005463CE02868B04234D1E068B0B1E068DA
:1067E0000068B04212D02046F4F7F3FC8046E1681E
:1067F000424608680F21FFF769FA0746012F00D0CB
:10680000D2E7E168086807F0F8FD00BFE560E068DE
:10681000B8B1206910B12046216988472046F4F7B5
:10682000D8FC8046E168424608680E21FFF74EFA20
:106830000746012F00D0B7E7E168086807F0DDFDE3
:1068400000BF06E029462046E7F751FA0546002D2D
:10685000C0D100BF00BFA7E710B50446024A0349F4
:106860002046F4F71BF910BDFDDC000809DD000827
:106870000148006870470000C4000024014609B9BF
:1068800000207047087EC0F34000FAE7014609B9CE
:1068900000207047C86808B90020FAE7C868006897
:1068A000F7E710B504462046E7F70FFA10BD70B5BC
:1068B0000446207EC0F3C005207E20F0080008308A
:1068C0002076207EC0F3800018B92046FFF75CFFD9
:1068D00006E0207EC0F3800010B12046FFF7BCFF29
:1068E000207E65F3C300207670BD2DE9F04105469A
:1068F000284605F0E3FB04460CB9BDE8F08100BF73
:1069000000BFE06808B3E0680068A84221D1207E9B
:1069100000F0010018B1207E20F001002076204612
:10692000E7F7CDF9E168884210D12046E7F7ECF9A6
:10693000E16888420AD12046F4F74BFC0746E1683B
:106940003A4608680F21FFF7C1F902E02046FFF739
:10695000AEFFE06828B1E0680068A84201D10020DD
:10696000E0602046E7F7ABF9064614E03068A8423D
:106970000CD131462046E7F721FA304603F046FABB
:10698000A86810B10020A968886006E0314620465A
:10699000E7F7ADF90646002EE8D100BF00BF00BF03
:1069A00000BFAAE773B505462846FFF76FFF044608
:1069B0000CB901207CBD01AA0D212046FFF786F904
:1069C000F8E72DE9F04704460D460CB9BDE8F0871D
:1069D0002E46207EC0F340003546A84200D1F5E7A0
:1069E000207E66F3410020762046FFF74FFF0746E2
:1069F00097B12046F4F7EDFB8146E1684A46086806
:106A00000E21FFF763F98046B8F1010F00D0DDE7F2
:106A1000384607F0F2FC00BF00BFD7E72DE9FF437F
:106A200003469C68187800F01F0005280DD11868EF
:106A3000C0F38A20504300EB400001EB410685196A
:106A4000A81C205C04B0BDE8F083187800F01F009B
:106A50000B281BD101F00705C9101868C0F38A2064
:106A6000C01DC01000FB0216A05DC5F107084FF065
:106A7000010C0CFA08FC00EA0C00C5F1070C40FA06
:106A80000CF70FB10020DDE7FF20DBE7187800F0FE
:106A90001F000C281CD12CA0006803908807450F0C
:106AA00089101868C0F38A20C01C801000FB0216F1
:106AB000A05DC5F106084FF0030C0CFA08FC00EAD3
:106AC0000C00C5F1060C40FA0CF703A8C05DB9E74D
:106AD000187800F01F000D2826D10FF27009D9E9AF
:106AE00001C8D9F80000D9F80C90CDE901C8CDF85B
:106AF0000C900090C807450F49101868C0F38A2011
:106B0000401C401000FB0216A05DC5F104084FF0C8
:106B10000F0C0CFA08FC00EA0C00C5F1040C40FA5A
:106B20000CF71DF807008DE7187800F01F000E28FD
:106B300006D11868C0F38A2000FB0215605D81E76A
:106B400000BFFF207EE700000055AAFF001122339E
:106B5000445566778899AABBCCDDEEFF2DE9FF434B
:106B600083B004460D46174600BF0020014602468A
:106B70004FEAD20CBDF800306CF304034FEA910CDD
:106B80000093BDF800306CF34A134FEAD00C009329
:106B9000BDF800306CF3CF230093BDF800C063460E
:106BA0000193BDF8041008460290A668207800F012
:106BB0001F00042809D0207800F01F00062804D008
:106BC000207800F01F00052815D1217801F01F0062
:106BD00000F090F84FEAE0082068C0F38A2078437C
:106BE00000FB08F005FB080906EB0901022202A8D8
:106BF00003F0D1FA78E0207800F01F00072816D1C2
:106C0000083605F00700ED102268C2F38A22D21D73
:106C1000D21002FB0751725CC0F1070C012303FA8A
:106C20000CF31A40C0F107031A4102925CE020788D
:106C300000F01F00082816D11036AA07500FAD101B
:106C40002268C2F38A22D21C921002FB0751725CA6
:106C5000C0F1060C032303FA0CF31A40C0F106033B
:106C60001A41029240E0207800F01F00092816D156
:106C70004036EA07500F6D102268C2F38A22521C78
:106C8000521002FB0751725CC0F1040C0F2303FA8F
:106C90000CF31A40C0F104031A41029224E0207858
:106CA00000F01F000A2809D106F580662168C1F3AB
:106CB0008A2101FB0750315C029115E0207800F039
:106CC0001F000B280ED0207800F01F000C2809D0E0
:106CD000207800F01F000D2804D0207800F01F005D
:106CE0000E2801D106980290BDF80810084607B09A
:106CF000BDE8F083014600200F291DD2DFE801F036
:106D000008091C1C0B0E0C101316191114171A006D
:106D100000BF002012E000BF10200FE018200DE09F
:106D200000BF01200AE000BF022007E000BF0420EE
:106D300004E000BF082001E0002000BF00BF704752
:106D4000014600208A1E0D2A13D2DFE802F0081245
:106D5000120712090A0B0C0D0E0F100000BF00BF26
:106D600000BF00BF00BF00BF00BF00BF00BF0120C9
:106D700001E0002000BF00BF70470146002003294A
:106D800002D0062902D100BF012001E0002000BF8F
:106D900000BF704770B506460C462546002045F8F2
:106DA000240F287D20F00300C01C2875287D20F0CA
:106DB0007C002875204606F026FF2881204605F035
:106DC00087F968810020A8814FF480706882287D4F
:106DD00020F08000803028750020A880243D00210C
:106DE00069856886A98685F839000221204604F065
:106DF0002BFB4FF48031204603F00AFE70BD0000EB
:106E000070B5044600BF00BF2146044804F06DFA87
:106E10000546284604F0DEFA284670BDE8C004089E
:106E200070B506460D466C6AA4B1287C012802D1D3
:106E30002046FFF7B7F8E06810B1E06802F0E6FF1F
:106E4000206910B1206902F0E1FF204602F0DEFF68
:106E50000020686270BD00002DE9FF4781460D46A5
:106E60001446284600F05AFF0746E7B9287800F094
:106E70001F01042901DB0E2903DD002004B0BDE859
:106E8000F0872868820A206862F3942020602868CE
:106E9000420D206862F35F5020602878226860F31A
:106EA0000402226049E0012F30D12846FFF7B8F8EC
:106EB000804623A1D9F7FCFD08B10020DEE70222BD
:106EC000294601A8FFF7CEF8064696B96B4604227C
:106ED000214601A8FFF711F9064601A8FFF762F85D
:106EE00016B90098042803D000BF00BF0020C5E7F2
:106EF00000BF207800F01F00042804DB207800F099
:106F00001F000E2801DD0020B8E716E0022F10D187
:106F10000121206861F3942020602068C0F31400F0
:106F200000F500102060206820F01F000B3020606A
:106F300003E000BF00BF0020A0E701209EE70000A3
:106F400062696E002DE9FF4F8DB004460D469146F3
:106F50006BA000680C906BA000680B906AA30FCB2D
:106F600007AE0FC620890690002610E0BDF8180075
:106F7000C1B206EB46021A988154BDF81800020A05
:106F800006EB4600401C1A990A54701C06B2109871
:106F90008642EBDB00200590217D01F01F00FFF70A
:106FA000A9FE8246012101FA0AF0401E80B2049037
:106FB00000274FF0000800200390207D00F01F0004
:106FC0000B2806D00C2816D00D2827D00E2841D12A
:106FD00037E06069C0F38A20C01DC71007FB09F0C5
:106FE00000EBE500804405F00700C0F107000390C6
:106FF0000CA805902EE06069C0F38A20C01C8710A1
:1070000007FB09F000EBA500804405F00300062112
:10701000A1EB400003900BA805901BE06069C0F352
:107020008A20401C471007FB09F000EB65008044F4
:1070300005F001000421A1EB8000039007A8059052
:1070400008E06069C0F38A2707FB095080440020EC
:10705000039000BF00BF606A0290384602F042FE13
:107060008346BBF1000F03D1002011B0BDE8F08FC3
:1070700000200190207C20B9606881684144019122
:107080000DE0002208F104010298FFF712F9002335
:107090003A4659460298FFF730F8CDF804B000267A
:1070A00025E001990978039A1141049A01EA020046
:1070B000217D01F01F010E2901D1024601E0059951
:1070C0000A5C06EB4601891C1A9B5A540399A1EBF2
:1070D0000A0149B203910399002906DACAF10801AD
:1070E00049B203910199491C0191701C06B2109894
:1070F0008642D6DB584602F071FE0120B5E700005B
:1071000000FF00000055AAFF0011223344556677A6
:107110008899AABBCCDDEEFF2DE9FF4F85B0044670
:107120000E469146217D01F01F00FFF7E3FD04901C
:107130000121049801FA00F0401E80B2039000275C
:10714000002002900025207D00F01F00072806D0B7
:10715000082815D0092825D00A2840D134E06069D4
:10716000C0F38A20C01DC71007FB09F000EBE60042
:107170000544083506F00700C0F1070002902EE034
:107180006069C0F38A20C01C871007FB09F000EB80
:10719000A6000544103506F003000621A1EB4000CF
:1071A00002901CE06069C0F38A20401C471007FB76
:1071B00009F000EB66000544403506F001000421AB
:1071C000A1EB800002900AE06069C0F38A2707FB08
:1071D0000960054405F580650020029000BF00BFEE
:1071E000D4F824B0384602F07DFD8246BAF1000F93
:1071F00003D1002009B0BDE8F08F00200190207C71
:1072000020B960688168294401910CE00022291DA1
:107210005846FFF74EF800233A4651465846FEF7C7
:107220006CFFCDF804A04FF0000837E00199097811
:10723000029A1141039A01EA0200DBF80C1001EBFB
:10724000400109880091BDF80010CAB208EB48035C
:107250001299CA54BDF800100B0A08EB4801491CEA
:10726000129A5354DBF810100B5C08EB4801891C90
:10727000129A5354049A0299891A49B202910299B6
:10728000002907DA0499C1F1080149B20291019974
:10729000491C019108F101000FFA80F80898804517
:1072A000C4DB504602F09AFD0120A3E72DE9FC5F04
:1072B00004460E4617469846606A0190217D01F00B
:1072C0001F00FFF717FD82466069C0F38A2007FBA5
:1072D000006000FB0AF04FEAE00B0BF1040B002208
:1072E00059460198FEF7E5FF8146B9F1000F04D039
:1072F00000BF00BF0020BDE8FC9F4FEAEA0000FB92
:1073000008F5002000906B462A460C990198FEF77C
:10731000F4FE8146B9F1000F02D10098854203D0F6
:1073200000BF00BF0020E6E70120E4E72DE9FE4FA3
:1073300082460C46207C012843D16068FEF770FE2F
:10734000804680A1D9F7B4FB10B10020BDE8FE8FC4
:10735000022268466168FEF785FE06461EB100BF40
:1073600000BF0020F2E7606AC0B9142002F080FC80
:10737000606200BF606A18B900BF00BF00BFFEE7CF
:1073800000BF606A30B900BF00BF6846FEF70AFE62
:107390000020DBE71421606A02F04FFF676A38467D
:1073A0006A460C210346944607E09CF8008083F867
:1073B00000805B1C0CF1010C491E0029F5D100BFB7
:1073C00006E0207C20B96068806808B90020BDE72D
:1073D000207D00F01F05042D03D0052D01D0062DC2
:1073E00008D1207C20B960688068A0610120ADE7E9
:1073F0000120ABE7072D05D0082D03D0092D01D0C2
:107400000A2D70D12846FFF775FC8346012000FA4B
:107410000BF8606AA8B9142002F02AFC606200BF71
:10742000606A18B900BF00BF00BFFEE700BF606A16
:1074300018B900BF00BF002088E71421606A02F07D
:10744000FCFE666A4FEA480002F012FCF06000BFE2
:10745000F06818B900BF00BF00BFFEE700BF40469C
:1074600002F006FC306100BF306918B900BF00BFF0
:1074700000BFFEE700BFF06808B1306938B900BF4F
:1074800000BF21465046FFF7CBFC00205EE7207C82
:10749000012823D1002204213046FEF70AFF0027ED
:1074A00019E00023042202A93046FEF726FE9DF8CB
:1074B00008209DF809109DF80A00F9F7D3FF019004
:1074C000F06800EB4700BDF8041001809DF80B0048
:1074D0003169C8557F1C4745E3D31FE06068D0F889
:1074E0000890002717E01BE019F8272009EB870315
:1074F000597809EB87039878F9F7B4FF0290F068A0
:1075000000EB4700BDF80810018009EB8700C07848
:107510003169C8557F1C4745E6D300BF012015E7F8
:107520000B2D05D00C2D03D00D2D01D00E2D01D12A
:1075300001200BE721465046FFF772FC00BF00BF59
:10754000002003E762696E002DE9F84F82460C4681
:1075500016461F46DDE90A854FF00009207D00F040
:107560001F00042809D0207D00F01F00052804D04A
:10757000207D00F01F0006280BD1207C012847D178
:1075800043463A46314620460095FFF78FFE814636
:107590003EE0207D00F01F000B280ED0207D00F083
:1075A0001F000C2809D0207D00F01F000D2804D0FA
:1075B000207D00F01F000E2808D143463A46314690
:1075C00020460095FFF7BEFC814621E0207D00F0BB
:1075D0001F0007280ED0207D00F01F00082809D0CA
:1075E000207D00F01F00092804D0207D00F01F003E
:1075F0000A2808D143463A46314620460095FFF70F
:107600008BFD814604E000BF00BF0020BDE8F88F7D
:107610004846FBE710B50446206870B12068C06892
:1076200018B120682146C2689047207C012804D107
:10763000606802F0EBFB0020606010BD10B50A48E6
:10764000E6F770FB044600BF1CB900BF00BF00BFD7
:10765000FEE700BF0CB9002010BD1421204602F047
:10766000ECFD2046F8E70000DC0B00242DE9F0419A
:1076700005460E460421304602F0DFFD15B9002014
:10768000BDE8F081284600F049FB07462FB929469E
:10769000886808B90020F3E700BF4FF000080D48E4
:1076A000E6F70DFB044610E0206848B13246294653
:1076B0002046236898478046B8F1010F00D106E0C4
:1076C00021460448E6F713FB0446002CECD100BF2A
:1076D0004046D5E7DC0B00242DE9FF4704460E4663
:1076E00099462821204602F0A8FD1EB9002004B0CA
:1076F000BDE8F087304600F011FB07462FB9314650
:10770000886808B90020F2E700BFBDF808002081B2
:107710002774C4F80C90207C01281BD13046D9F77F
:10772000DFF882460AF1010002F0A2FA606000BFB1
:10773000606818B900BF00BF00BFFEE700BF606807
:1077400018B900BF00BF0020D1E731466068D9F703
:10775000A3F800E066604FF000081D48E6F7AFFAB6
:1077600005462AE0286808B1686800B920E004F1FD
:107770001402314628462B6898478046B8F1010F1D
:1077800000D015E02560214628466A68904780466B
:10779000B8F1010F01D14046A9E7042104F114001A
:1077A00002F04BFD00202062A0616062E06100BF3A
:1077B00029460748E6F79BFA0546002DD2D1207CE2
:1077C000012802D1606802F021FB40468FE70000EB
:1077D000DC0B00242DE9FC4704460D4616461F46E7
:1077E000DDF828804FF000092068806848B1CDE9B5
:1077F0000078206833462A462146D0F808C0E04782
:1078000081464846BDE8FC87C1607047016070470B
:10781000416070478160704770B506460D462C4642
:1078200094F8380000F00300012805D094F83800DF
:1078300000F0030002280BD1606A02F0E7FA002092
:10784000606294F8380020F00300C01C84F838000F
:1078500070BD00002DE9F34F85B00698FEF7CFF913
:107860000646152E0CD0182E0AD0A248069904F010
:10787000F5FA0546012D02D007B0BDE8F08F00BF34
:107880000698FEF71DFA804644462A2E0ED194F83B
:10789000380000F00300022804D14046616A00F07D
:1078A00058F925E1404607F025FB21E1132E7AD156
:1078B0000698FEF702FA05460021404606F03BF91D
:1078C0008146E08E00FB09F000120FFA80F90021DA
:1078D000404606F0EFF88246208E50440FFA80FAB8
:1078E000BAF1000F02D1B9F5807F5BD0404606F0B7
:1078F0008AF98346404604F0EBFB029004F1320023
:107900001FFA89F15346CDE90010594603A8029A9F
:10791000E5F728FAB5F90070B5F90000BDF90C10CB
:10792000791A884202DDB5F9000002E0BDF90C00C9
:10793000381A00B22880B5F90000BDF90E10791A86
:10794000884202DDB5F9000002E0BDF90E00381AE8
:1079500000B22880B5F90000BDF910103944A1EB40
:107960000B01884202DDB5F9000004E0BDF910000A
:107970003844A0EB0B0000B22880B5F90010BDF927
:107980001200C2190298101A814203DDB5F90000F5
:1079900005E008E0BDF91200C1190298081A00B20A
:1079A000288000BFA4E0112E75D10698FEF785F956
:1079B00005460021404606F0BEF80746E08E7843B3
:1079C000001207B20021404606F074F88146208E6E
:1079D00048440FFA80F9404606F015F9B4F92C1026
:1079E000884259D1404604F073FBB4F92E10884206
:1079F00052D1B7F5807F14D1B9F1000F11D1B4F98C
:107A00002CB00BEBDB704010B4F93210884208D177
:107A1000B4F92EA00AEBDA704110B4F934008142B7
:107A20003AD0404606F0EFF88246404604F050FB5C
:107A3000834604F13200B9B24B465A46CDE90010F4
:107A4000514603A8E5F78EF9BDF80C00B8F81410FC
:107A5000084400B2ADF80C00BDF80E10B8F81600DE
:107A6000084400B2ADF80E00BDF81000B8F81410CC
:107A7000084400B2ADF81000BDF81210B8F81600B6
:107A8000084400B2ADF81200002203A82968E4F708
:107A900070FE28710BE00BE003A9404604F02BFABE
:107AA000002203A82968E4F764FE287100BF1FE0E4
:107AB0002C2E14D10698FEF700F9054694F83900EB
:107AC00000F00300012805D1404600F015F80490AD
:107AD000286003E0A08D2880E08D688008E0152EE6
:107AE00003D0182E01D0122E02D10698EBF7C0FB5E
:107AF00000BFC1E6E8C00408F0B585B004462546DD
:107B00000021204606F017F80646E88E704306125C
:107B10000021204605F0CEFF0746288E074405F1D8
:107B20003200B1B2CDE90010B5F92E20B5F92C1014
:107B30003BB202A8E5F716F902A8F7F71BFCADF86F
:107B4000100002A8F7F787FBADF81200049805B003
:107B5000F0BD2DE9F04F85B00546884600BF00BF57
:107B6000284606F04AFC404600F0D8F806462C4667
:107B7000032E1CD100BF00BF94F8380000F00300B2
:107B8000022805D094F8380000F00300012802D143
:107B9000606A02F03BF90020606294F8380020F03F
:107BA0000300C01C84F8380005B0BDE8F08F04A9BC
:107BB0004046FFF75BFD8EB994F8380000F00300F3
:107BC000012805D094F8380000F00300022802D103
:107BD000606A02F01BF9C4F8248034E0012E01D061
:107BE000022E30D1606A40452DD04FF0000994F844
:107BF000380000F00300012805D094F8380000F0A8
:107C00000300022801D1D4F824904046D8F768FE3A
:107C100000F1010A504602F02BF8074600BF1FB9D9
:107C200000BF00BF00BFFEE700BF07B9BCE7414689
:107C30003846D8F731FE6762B9F1000F02D04846E6
:107C400002F0E4F800BF022E38D1002741F2594279
:107C50003946284605F0B0FD02900298814600BFE3
:107C600041F25A423946284605F0A6FD0290029894
:107C700000B2824600BF41F25B423946284605F019
:107C80009BFD0290029800B28346002041F6FF71EE
:107C900053464A46CDE900B10290414603A80CF094
:107CA000B5FABDF80C10049861F394200490BDF867
:107CB0000E10049861F35F50049000BF2C34207BB9
:107CC00066F3010020730498C0F38A202080049892
:107CD000400D6080217B049860F386012173049934
:107CE000C1F38A2000EBD0714910E1802C3C04994B
:107CF000480D00EBD0714910A186284607F029F9FC
:107D0000208E18B9E08EB0F5807F02D0284607F0AB
:107D1000F1F8284606F071FB00BF45E70146032055
:107D200001B970470A461378202B04DB13787F2BA8
:107D300001DC012005E01378802B01DB022000E04C
:107D40000020032801D100BF00BF00BFE9E710B544
:107D500004462021204602F070FA002020700A20FC
:107D6000207660764FF4C870A0836420E0833220D0
:107D7000E0760320A07610BD70B50546286910B9DD
:107D8000FAF764F92861286918B900BF00BF00201C
:107D900070BD1048E5F7C6FF044644B900BF1CB9E2
:107DA00000BF00BF00BFFEE700BF0020F0E7582182
:107DB000204602F042FA2560607920F00200801C23
:107DC00060712246102104480BF08EFE2168486144
:107DD0002046DDE7AC0B0024BD7E020801480068A8
:107DE00070470000C800002410B504461CB90448C0
:107DF000E5F765FF10BD21460148E5F778FFF9E793
:107E0000AC0B00240148006870470000CC0000243F
:107E100018B900220A804A80704702681278012A45
:107E200008D002681278032A04D04FF0FF320A808B
:107E30004A8003E002890A8042894A8000BFEBE75A
:107E4000014609B90020704708680078012805D06C
:107E500008680078032801D00020F4E791F840007A
:107E600000F00F00EFE7014609B9002070470868ED
:107E70000078012805D008680078032801D0002088
:107E8000F4E7C86AF2E7014609B9002070470868BC
:107E90000078FBE700220A804A8000B97047026838
:107EA0001278012A03D002681278032A03D1828A49
:107EB0000A80C28A4A8000BFF0E700007FB504460E
:107EC0004149E0680860084600680068006900B938
:107ED0007FBD3D480068F5F7E9F83B480068407908
:107EE000C0F3800000B1F3E700BF69463648006880
:107EF000E5F76CFC9DF80F5033480068F5F7D6F8AD
:107F00000020324908609DF80E002F490968087169
:107F10002D4800680079012808D10BF06DFD2A4931
:107F2000096809680969C1F8540110E02648006829
:107F30000068007804280AD1BDF80C0038B10BF0B5
:107F40005BFD2149096809680969C1F854011E48A7
:107F5000006800680078012805D169461A48006861
:107F6000F4F76CFE22E018480068006800780228E8
:107F700005D1694614480068F4F716FD16E012486A
:107F8000006800680078042805D169460E4800683A
:107F9000F4F748FA0AE00C48006800680078032803
:107FA00004D1694608480068F4F768F90648006893
:107FB000F5F77CF8002D98D10020034908600349AB
:107FC000086000BF84E70000C8000024CC00002443
:107FD00070B504460D4634B3607920F00200801C71
:107FE000607128480068A04202D10020264908603C
:107FF00020680078012803D020680078022840D14A
:1080000015B1206BA84201D10021216315B1606A2E
:10801000A84201D10021616215B1A06AA84230D105
:108020000021A1622DE00020FFF7DEFE064622E0DF
:10803000707920F00200801C70713068007801288F
:1080400003D030680078022811D115B1306BA842F6
:1080500001D10021316315B1706AA84201D100211C
:10806000716215B1B06AA84201D10021B1623046F7
:10807000FFF7BAFE0646002EDAD10020024908605A
:1080800000BF70BDC8000024CC00002410B5044619
:10809000607920F0010161710BF0AEFCA0640BF07F
:1080A000ABFC606410BD70B502460C460AB90020F6
:1080B00070BD032C04D00C2C05D1B2F9221004E0C1
:1080C000B2F9201001E00020F2E700BF1068457E01
:1080D000002308E0581803B2C5F164004843642641
:1080E00090FBF6F001B20029F4D11846E0E72DE943
:1080F000F0470446884600260121204605F0E0FDB1
:1081000010B10020BDE8F0874146204605F0F7FD9C
:1081100007460022414604F11400E4F72AFB28B97F
:108120004FF40021204605F0CBFDB0B1204603F00E
:10813000D8FE8146A9F101050CE0A068006850F85E
:1081400025A041465046FFF7D2FF06460EB1304605
:10815000D8E76D1E002DF0DA00BF0FB12046D1E741
:108160000020CFE700B97047417921F008010831BC
:10817000417100BFF7E70000F8B52648007810B15C
:1081800000BF00BFF8BD00BF00BF01F053FEE6F71F
:10819000E9F8E4F7D7FDE4F7BBF9E4F7DBFDFAF71C
:1081A0000BFBFCF715F8E5F73DFF4FF4AC711A48EF
:1081B000E5F7B0FD58211948E5F7ACFDE6F7BEF844
:1081C000E5F7D4FA16A52C462078C32804D16078A8
:1081D000812801D1A07808B100BF00BF11480090EC
:1081E0006E463078112801D1012000E000200746BA
:1081F00027B100BF00BF00BF00BFFEE700BF00BF48
:10820000FDF7B1FD01200349087000BF00BF00BFAA
:10821000B8E70000D4000024A00B0024AC0B00241D
:10822000C38100004433221170B506460C46042178
:10823000204603F009F925460020A86385F83C0094
:1082400085F83D0000231A460521204602F08EFCE9
:1082500000231C220649204602F092FB0022114610
:10826000204607F04EFC204600F07CF970BD00006F
:10827000758202082DE9F04782465046FDF720FD41
:10828000074600BF00BF3C463846F7F721FF0646C9
:108290004FF6FF718E4201D1BDE8F0873846F7F7FF
:1082A00017FF804641463846F7F7E2FE054605B916
:1082B000F2E77FA12846D8F7FBFB68B9002084F8D5
:1082C0003C007C4801683846F7F76EFF7A48016841
:1082D0003846F7F758FFDFE778A12846D8F7E8FBDC
:1082E00068B9012084F83C00724841683846F7F7C5
:1082F0005BFF714841683846F7F745FFCCE770A14E
:108300002846D8F7D5FB68B9022084F83C006948B4
:1083100081683846F7F748FF674881683846F7F7BD
:1083200032FFB9E767A12846D8F7C2FB20B166A1A2
:108330002846D8F7BDFBB0B9002220213846FDF70A
:10834000C5FC8046B8F1010F00D0A5E7A06B48B18D
:1083500000222021A06BFDF7B9FC8046B8F1010F87
:1083600000D099E798E759A12846D8F7A1FBB0B902
:1083700000221F213846FDF7A9FC8046B8F1010F05
:1083800000D089E7A06B48B100221F21A06BFDF748
:108390009DFC8046B8F1010F00D07DE77CE700BF6F
:1083A000A06B00B978E74AA12846D8F781FB20B135
:1083B00049A12846D8F77CFB98B90A21A06B0AF09E
:1083C00013FDA06B0BF0AEF800286ED000221F2129
:1083D000A06BFDF77BFC8046B8F1010F00D05BE796
:1083E00063E03EA12846D8F763FB18B9A06B0AF0FA
:1083F00028FF5AE03AA12846D8F75AFB18B9A06BD3
:108400000AF02EFF51E037A12846D8F751FB18B9E2
:10841000A06B0AF06BFF48E033A12846D8F748FB71
:1084200080BBA06B0BF072F81FFA80F8A06B0BF00A
:1084300082F8814699F800002D280FD10121A06B08
:108440000BF096F8A06B0AF051FF2B21A06B0AF0FD
:10845000CBFC4146A06B0BF08BF821E099F80000B3
:108460002B2810D10121A06B0BF082F8A06B0AF031
:108470003DFF2D21A06B0AF0B7FC4146A06B0BF02D
:1084800077F80DE00DE00021A06B0BF071F82D21C5
:10849000A06B0AF0A9FC08F10101A06B0BF068F8D1
:1084A00003E02946A06B0AF051FD00BFF4E600008E
:1084B00061626300AC010024D0010024414243000A
:1084C00031230000EF808D00EF849C00EF808C0052
:1084D000456E746572000000EFA2A200EF81930068
:1084E000EF819400EF959A002B2F2D002DE9F0419C
:1084F0000446264696F83D0000F0010040B196F88B
:108500003C00174A52F820102046F7F73CFE24E0C2
:108510002746398E480001F0ABFB0546388E4200F5
:1085200096F83C000E4B53F82010284601F0F7FC5B
:10853000002007E035F8101021F4007125F8101024
:10854000411C88B2398E8142F4DC29462046F7F777
:108550001AFE284601F05AFC00BFBDE8F081000079
:10856000D001002470B50446254695F83C00054A24
:1085700052F820102046F7F717FE2046FFF7B6FF07
:1085800070BD0000AC01002470B506460C462546BF
:1085900000202C3545F8080C287F20F008002877AB
:1085A000287F20F0100028774FF0FF302860287FC8
:1085B00020F007002877002028832C3D002146204A
:1085C0004153481E2863A9636963000CE86328646B
:1085D0000020A86295F8480020F0400085F8480087
:1085E0000221204602F030FF0021204600F0D0FF9B
:1085F00002A1204601F00EF870BD000054657874A9
:108600000000000070B5044600BF00BF21460448CA
:1086100002F06BFE0546284602F0DCFE284670BDDF
:1086200004C1040870B506460C462546204600F0F5
:108630000BF895F84800C0F3C00010B9686A01F063
:10864000E5FB0020686270BD70B505462C4694F8C5
:108650004800C0F3801020B1A06A10B1A06A01F0F8
:10866000D5FB94F8480020F0400084F84800002032
:10867000A06270BD2DE9F04F87B0894649464F484A
:1086800003F0ECFB8246BAF1010F02D007B0BDE85F
:10869000F08F4846FDF7B3FA05464846FDF710FB54
:1086A00006462A2D06D1304600F006FF304600F07F
:1086B0002DFC81E0132D11D10021304605F055F934
:1086C00080464046FDF762FC04462746E01704EB6F
:1086D000907081104846FDF72FFB6DE0292D06D1E3
:1086E000304600F0E9FE304600F010FC64E02C2D2E
:1086F0005DD137460021304605F037F9059000215D
:10870000304605F06FF904900021304605F09EF9DF
:1087100003904FF0000897F84800C0F3001008B12C
:1087200048F0010897F84800C0F3401008B148F03D
:108730000208304603F057FC83460021304605F01E
:108740003BFA42F2D171884206D1708CC0F380208E
:1087500010B941F6FF7B03E0304603F044FC83464A
:108760000398CDE901B80090796A06A8DDE90432E2
:108770000BF04CFD4846FDF7A0FA0446B4F90000A2
:10878000BDF91810884202DDB4F9000001E0BDF91E
:1087900018002080B4F90200BDF91A10884202DDE9
:1087A000B4F9020001E0BDF91A00608004E0152D63
:1087B00002D14846ECF7B1FE00BF67E704C10408E8
:1087C00001460A4692F84800C0F3801008B1906A4A
:1087D000704702F12800FBE72DE9F04F93B0064601
:1087E0008B4600BF00BF00BFBBF1000F03D100BF2D
:1087F00000BF00BFFEE700BF37460020039041F6F0
:1088000012023046039904F0D7FF02900298BBF899
:108810000010081A00B2ADF848000020039041F69D
:1088200010023046039904F0C7FF02900298BBF88B
:108830000210081A00B2ADF84A0010A9304603F041
:108840007DFB304600F000FA81460025002410A888
:10885000F6F797FD0F900021304605F086F80E9050
:108860000021304605F0F2F80D900021304605F069
:10887000B9F80C900E98FDF789FB0B9000200A9038
:1088800080463E4697F84800C0F3001008B148F013
:10889000010897F84800C0F3401008B148F00208FA
:1088A0000021304605F088F942F2D171884205D1A5
:1088B000708CC0F3802008B948F0040800213046CD
:1088C0007A6A02F0E3FC079028E00020CDE9000876
:1088D00009EB0500DDE90E130C9AE5F791FD044460
:1088E000BDF94A20DDE90A01084482420EDC039406
:1088F00003A94846504A12689047029002980A28F5
:1089000003D019F8040000B9641C0BE00D990B9812
:1089100001440A98084400B20A90254619F8050057
:108920000028D2D100BF09EB050008904FF0000AE3
:108930000798022819D1611BCDF800800C9B0E9A74
:1089400008980BF0D5FC039010A8F6F71AFD0190DB
:1089500000EBD07041100398029000EBD070A1EBB7
:10896000600050440FFA80FA14E00798032811D1F0
:10897000611BCDF800800C9B0E9A08980BF0B8FC98
:10898000039010A8F6F7FDFC0399401A50440FFA23
:1089900080FA00BF00200690059005980490D4B39B
:1089A00034E005AB02AA03A90898E5F70DFD08F02D
:1089B000010038B1059A0898815C06A8E5F7E6FD44
:1089C00000B123E0DDE902210E98FDF7C0FA00B204
:1089D0000190BDF9481001985044814208DB059888
:1089E0002844A04204D00498284419F8000010B983
:1089F000049805900EE0019850440FFA80FA0C9804
:108A000050440FFA80FA0598049000BF0598284456
:108A1000A042C6D300BF094A05990898126890473A
:108A2000099029464846054A126890470146099828
:108A3000084413B0BDE8F08F8002002488020024AF
:108A40002DE9F74F8EB0164600BF00BF00BF1EB91C
:108A500000BF00BF00BFFEE700BF0E980D900E984C
:108A600000F0F2F80446224600210E9802F00EFCB7
:108A70008346207800BB00207080BBF1010F06D038
:108A8000BBF1020F0BD0BBF1030F11D102E00020AC
:108A900030800DE00E9803F0A6FA308008E00E98C2
:108AA00003F0A1FA029000EBD0704010308000BFBC
:108AB00000BF11B0BDE8F08F0BA90E9803F03EFA8D
:108AC0004FF0000900270BA8F6F75BFC0A90002185
:108AD0000E9804F04AFF099000210E9804F0B6FFAA
:108AE000089000210E9804F07DFF07900998FDF78B
:108AF0004DFA06900020059080460D9890F84800A9
:108B0000C0F3001008B148F001080D9890F8480033
:108B1000C0F3401008B148F0020800210E9805F09B
:108B20004BF842F2D171884206D10E98408CC0F3C6
:108B3000802008B948F004082046424A0F9912687C
:108B40009047054617E00020CDE9000804EB090036
:108B5000DDE90913079AE5F753FC0744BD4201D349
:108B6000E05D00B90AE008990698014405980844B8
:108B700000B20590B946E05D0028E4D100BF8DB198
:108B8000681E205C0A2803D0681E205C0D2809D1CD
:108B9000605D38B90899069801440598084400B208
:108BA0000590A94604EB09000490A5EB0900039089
:108BB000CDF80080079B099ADDE903100BF098FBC4
:108BC00082460F98484503D0079850440FFA80FA20
:108BD000BBF1020F1AD1A7EB0901CDF80080079B6A
:108BE000099A04980BF084FB02900BA8F6F7C9FBD6
:108BF000009000EBD07041100298019000EBD07013
:108C0000A1EB600050440FFA80FA15E0BBF1030FAE
:108C100012D1A7EB0901CDF80080079B099A0498AF
:108C20000BF066FB02900BA8F6F7ABFB0299401A1B
:108C300050440FFA80FA00BFA6F800A00598708093
:108C400000BF36E784020024014600BF00BF0A4689
:108C5000506A7047014600BF00BF0A46106C70475B
:108C6000014600BF00BF0A46D06B70472DE9F047B0
:108C700005460F46164600BF00BF00BF1EB900BF25
:108C800000BF00BFFEE700BF2C4694F84800C0F3C9
:108C9000C00008B1BDE8F087284605F0AEFB606A69
:108CA000D7F71EFE80463046D7F71AFE814609EBFD
:108CB000080A0AF10101606A01F0FCF8606200BF75
:108CC000606A18B900BF00BF00BFFEE700BF606A5E
:108CD00000B9DFE74FF6FF70874204D10749606AA9
:108CE00009688847074632463946606AE5F71EFC40
:108CF0000021284600F08EFC00BFCBE78C02002448
:108D00002DE9F04F93B08346894600BF00BF00BFF6
:108D1000B9F1000F03D100BF00BF00BFFEE700BFE5
:108D200011A9584603F00AF95846FFF78DFF064689
:108D3000CDF840B00024002711A8F6F722FB0F90D1
:108D40000021584604F011FE0E900021584604F010
:108D50007DFE0D900021584604F044FE82460E9898
:108D6000FDF714F90C90DDF840B000215846DBF80F
:108D7000242002F08BFA0B9000200A900025DDF8E9
:108D800040B09BF84800C0F3001008B145F0010561
:108D9000109890F84800C0F3401008B145F0020563
:108DA0000021584604F008FF42F2D171884206D1F2
:108DB000BBF82200C0F3802008B945F0040519E093
:108DC0000020CDE9000530195246DDE90E13E5F724
:108DD00017FB0744B9F902200C990A98084482420B
:108DE00000DC0AE0DDE90C0101440A98084400B205
:108DF0000A903C46305D0028E2D100BF4FF00008E9
:108E0000002009900B98022818D1391B30195346BD
:108E100000950E9A0BF06CFA029011A8F6F7B1FAD1
:108E2000009000EBD07041100298019000EBD070E0
:108E3000A1EB600040440FFA80F813E00B98032880
:108E400010D1391B3019534600950E9A0BF050FA89
:108E5000029011A8F6F795FA0299401A40440FFAC9
:108E600080F800BF00200890079407980690002023
:108E7000059004906FB327E007AB04AA05A930461C
:108E8000E5F7A2FA05F0010030B10798315C08A8B7
:108E9000E5F77CFB00B117E0CDF82480DDE9042183
:108EA0000E98FDF754F840440FFA80F8B9F9000025
:108EB000404502DA069807900AE008EB0A000FFA2C
:108EC00080F80798069000BF781E07998842D3D291
:108ED00000BFDDE904210E98FDF739F85044401C2D
:108EE0000390B9F900100998A0EB0A0081420ADB4F
:108EF000B9F90020039909980844824203DC012053
:108F000013B0BDE8F08F0020FAE700002DE9F04F24
:108F100099B006463446606A10B919B0BDE8F08FC2
:108F20004FF0FF30206317A9304603F007F817A869
:108F3000F6F727FA16900021304604F016FD15903A
:108F40000021304604F082FD80460021304604F0C6
:108F500049FD8146002794F84800C0F3001008B18D
:108F600047F0010794F84800C0F3401008B147F0FB
:108F700002070021304604F01FFE42F2D171884200
:108F800005D1708CC0F3802008B947F0040716980B
:108F9000CDE9008002974B46616A14A8159A0BF040
:108FA00035F9304605F0D5FF94F8480000F0070089
:108FB00002287CD10021304603F00DFF80B21390CF
:108FC000139850B9304603F039F80546F9F744F8DC
:108FD000032190FBF1F080B2139003A8F5F748FA53
:108FE000314603A8F5F706FB4FF6FF7103A8F5F726
:108FF000D9FA4FF496700F9000BF0F98119000BFF0
:109000000020029017A8F6F7BCF9BDF9501088426D
:1090100053DA17A8F6F7B5F9BDF95010A0EB010B1C
:109020005A46002103A8F5F7D9FAFE4903A8F5F737
:10903000ABFAFC4903A8F5F7A7FAFA493046F5F769
:10904000FBF905464FF0000A0020019035B1D5F834
:109050002CA095F83E00C0F3400001900D985045BB
:1090600015DDCDF838A09DF84A0020F001008DF8FC
:109070004A00019858B19DF84A1021F00201891C5C
:109080008DF84A100A980C990A910C9000BF0C9A1E
:109090000A991398F5F7B2FA8346594603A8F5F7EB
:1090A00089FA03A80D99F5F777FA03A800E06FE0B5
:1090B000F5F7B6FA0120029006E0DA493046F5F7F6
:1090C0008FF90020A4F8440017A8F6F7CBF8BDF9F3
:1090D0005210884254DA0298002851D117A8F6F7A6
:1090E000C1F8BDF95210A0EB010B1598FCF74EFF2B
:1090F000ABEB000002460021009003A8F5F76EFAE2
:10910000C94903A8F5F740FAC7493046F5F794F97D
:1091100005464FF0000A0020019035B1D5F82CA08B
:1091200095F83E00C0F3400001900D98504515DDC4
:10913000CDF838A09DF84A0020F001008DF84A00D3
:10914000019858B19DF84A1021F00201891C8DF850
:109150004A100A980C990A910C9000BF0C9A0A992F
:109160001398F5F74BFA8346594603A8F5F722FA08
:1091700003A80D99F5F710FA03A8F5F751FA06E0E0
:10918000A9493046F5F72CF90021462001538AE120
:1091900094F8480000F0070003287DD100213046F4
:1091A00003F019FE85B24DB9304602F047FF824602
:1091B000F8F752FF032190FBF1F085B204A8F5F710
:1091C00057F9314604A8F5F715FA4FF6FF7104A8D0
:1091D000F5F7E8F90020039017A8F6F7D2F8BDF9E3
:1091E000501088423CDA202211461598FCF7AFFE59
:1091F00000EB4000BDF950104942081A0246002118
:10920000029004A8F5F7EAF9864904A8F5F7BCF935
:1092100028460D9A0B99F5F7F1F90146029004A83A
:10922000F5F7C8F97F493046F5F706F98246BAF1F5
:10923000000F02D0DAF82C0000E0002083460E98E0
:10924000584507DDCDF83CB09DF84E0020F00100F8
:109250008DF84E0004A8F5F7E3F90120039006E02D
:1092600070493046F5F7BCF80020A4F8440017A870
:10927000F5F7F8FFBDF9521088423BDA0398C0BBFE
:109280001598FCF783FEBDF952104942081A0246B0
:109290000021029004A800E034E0F5F79FF962494C
:1092A00004A8F5F771F928460D9A0B99F5F7A6F978
:1092B0000146029004A8F5F77DF95B493046F5F7C1
:1092C000BBF88246BAF1000F02D0DAF82C0000E0B9
:1092D000002083460E98584507DDCDF83CB09DF838
:1092E0004E0020F001008DF84E0004A8F5F798F923
:1092F00007E0FFE74C493046F5F772F800214620B9
:109300000153D0E094F8480000F00700012875D11F
:1093100017A8F5F7A7FFBDF95210884203DB4FF0FD
:10932000FF30E062BFE01598FCF730FEBDF9521047
:10933000884203DB4FF0FF30E062B4E03B49606AF3
:1093400009688847032803D84FF0FF30E062AAE09D
:1093500017A8F6F716F883462E2211461598FCF743
:10936000F6FD484400EB4000ABEB000000B2ADF866
:109370004C0017A8F5F776FFADF84E001598FCF7EE
:1093800005FE4044BDF94E1091FBF0F200FB1210B7
:1093900012901598FCF7FAFD1299884210DCBDF87E
:1093A0004E101298081A00B2ADF84E001598FCF74E
:1093B000EDFDBDF84E10084400B2ADF84E000DE0D2
:1093C000BDF84E101298081A00B2ADF84E00BDF864
:1093D0004E00A0EB080000B2ADF84E0013A93046D5
:1093E000FFF7FAF91190606AD7F77AFA1090606A7D
:1093F0000F4A1199126890470F9008E052E00FA9A8
:109400000C4A606A126890471198401E11900F989C
:10941000C01C10998842F2D8DDF83CA000200E90C4
:10942000002521E081730308977303088C02002450
:109430008402002480020024616A0F9A88181C4963
:10944000096888470E990844C0B20E900FA9194ABE
:10945000606A126890470E98032803DCDDE90F105C
:10946000814200D902E06D1C032DE5D900BF606A7E
:1094700000EB0A0130460E9A00F056F888B100253C
:1094800005E02E200AEB0502616A88546D1C032D4D
:10949000F7D300210AF10300626A11541198C01C2D
:1094A000E06200E000BF304604F0A7FF00BF34E5F3
:1094B000700200247C0200242DE9F04780464446D7
:1094C00094F8480000F00700012801D0BDE8F087BB
:1094D000E06A401C00B9F9E7E06AA0F103094946D7
:1094E000104A606A12689047064600254046FFF71A
:1094F00067F9074605E0785D7219616A8854681C4F
:10950000C5B27119606A405C0028F4D1785D7219A7
:10951000616A88544046FFF797F84FF0FF30E062E9
:1095200000BFD3E7840200242DE9F04106460F4630
:10953000154634463046FFF787F8042D1AD9681CC3
:1095400000F096FBA062A06A20B900BF00BF002017
:10955000BDE8F0812A463946A06A00F0E0FC002010
:10956000A16A485594F8480020F04000403084F843
:1095700048000BE094F8480020F0400084F84800D0
:109580002A46394604F1280000F0C9FC0120DFE733
:1095900070B506460D4600BF00BF34461B49304635
:1095A000F4F71EFF1A493046F4F71AFF0020A4F81A
:1095B0004400002146200153022D03D0032D01D089
:1095C000042D07D194F8480020F02000203084F8C2
:1095D000480005E094F8480020F0200084F8480096
:1095E00094F8480000F00700012805D1E06A401C0B
:1095F00010B13046FFF760FF94F8480065F30200B1
:1096000084F848003046FFF781FC70BD8173030881
:10961000977303082DE9F04106460D4600BF00BFD1
:109620003446304604F0E9FE05B9656A606AA8422E
:1096300019D194F84800C0F3C000A0B9606AD7F708
:109640004FF9471C3946606A00F034FC606200BF85
:10965000606A18B900BF00BF00BFFEE700BF606AC4
:1096600058BBBDE8F081606A48B194F84800C0F387
:10967000C00020B9606A00F0C9FB00206062284683
:10968000D7F72EF9471C384600F0F2FA606200BFA7
:10969000606A18B900BF00BF00BFFEE700BF606A84
:1096A00000B9DEE72946606AD7F7F6F894F8480073
:1096B00020F0080084F8480000BF3046FFF726FC81
:1096C00000BFCEE70FB438B5054600BF00BF00BFEE
:1096D000059818B900BF00BF00BFFEE700BF2846CD
:1096E00004F08BFE2C46059828B92846FFF70EFC9F
:1096F00038BC5DF814FB606A48B194F84800C0F3C8
:10970000C00020B9606A00F081FB0020606206A8FA
:10971000009000990598E4F75DFF606200200090DA
:1097200094F8480020F0080084F848002846FFF725
:10973000EDFB00BFDCE770B504460D4600BF00BF7F
:1097400026463564204604F058FE70BD70B50446C8
:109750000D4600BF00BF2646F563204604F04DFECF
:1097600070BD70B505460E4600BF00BF2C4694F88C
:109770004800C0F3C00030B9606A20B1606A00F0F0
:1097800045FB002060623EB194F8480020F00800DC
:10979000083084F8480066622846FFF7B7FB70BDC2
:1097A00010B5F8F753FC0446F8F783FC10BD000031
:1097B00070B504460D4614480068401C1249086004
:1097C00008460068C1001148006800F073FB0F49AB
:1097D000086000BF0846006818B900BF00BF00BF9E
:1097E000FEE700BF08480068401E0849096841F8C4
:1097F000304005480068401E0449096801EBC0007C
:1098000045600148006870BDDC0000243C02002473
:10981000F8B506460C46254620460AF0BFF80090EB
:10982000BDF80000A884FF2085F82600F8BD0000E0
:109830002DE9F04FA3B0824688464046FCF7DFF999
:109840000746152F0BD0162F09D04146814802F04C
:1098500005FB0646012E02D023B0BDE8F08F40463E
:10986000FCF72EFA0446152F7ED1254615A8FAF7E7
:1098700065FB15AA0021204604F010FCBDF85A0033
:109880000090F7F783FC8346F7F757FC029035F812
:10989000240F5A4600900299F7F7AAFE0190BDF8EE
:1098A0000400ADF85A00BDF85E000090F7F76EFCBA
:1098B0008346F7F742FC029028885A4600900299A6
:1098C000F7F796FE019015A8BDF80410ADF85E10EC
:1098D0002098F7F75BFC8346F7F72FFC0290288867
:1098E0005A4600900299F7F783FE0190BDF80400F4
:1098F000ADF88000BDF872000090F7F747FC834692
:10990000F7F71BFC029028885A4600900299F7F757
:109910006FFE0190BDF80400ADF872001E98F7F7D5
:1099200035FC8346F7F709FC029028885A460090D8
:109930000299F7F75DFE0190BDF80400ADF87800DC
:10994000F7F7FBFB0290AA78BDF85A000090029945
:10995000F7F74EFE0190BDF80400ADF85A00F7F796
:10996000ECFB0290AA7800E071E0BDF85E00009088
:109970000299F7F73DFE019015A8BDF80410ADF867
:109980005E10F7F7DAFB0290AA78BDF8720000903B
:109990000299F7F72DFE0190BDF80400ADF87200B2
:1099A000F7F7CBFB0290AA7801462098F7F720FE44
:1099B0000190BDF80400ADF88000F7F7BEFB0290FF
:1099C000AA7801461E98F7F713FE0190BDF804002F
:1099D000ADF87800A8785038BDF8821010FB01F07F
:1099E000AF2190FBF1F000B2ADF88200A878243DE1
:1099F0005038BDF8881010FB01F0AF2190FBF1F05A
:109A000000B2ADF888004046FCF701F981464946AE
:109A100003A801F0FDFF04F1140006900D48049026
:109A20000020059015A807900020109003AA1A2185
:109A30002046FCF74BF904F1140215A94846FAF741
:109A400061FA03AA1B212046FCF740F900BF00BFC2
:109A500002E700002886040870B506460C46254635
:109A600000202885686285F82A000221204601F03E
:109A7000EBFC70BD2DE9F34F89B072480A9902F0F2
:109A8000EDF908900898012802D00BB0BDE8F08FDE
:109A90000A98FCF7B4F880460A98FCF711F90646D4
:109AA000B8F1130F0ED10021304603F011FB04462C
:109AB0000A98FCF702F90546B5F90000A04200DA61
:109AC0002C80BDE0B8F12C0F3ED134460A98FCF74B
:109AD000F4F883464FF00009CA46208D002832DD95
:109AE00000251BE0606A30F92500484503DD606A07
:109AF00030F9250000E048468146606A00EB8500A9
:109B0000B0F90200504505DD606A00EB8500B0F950
:109B1000020000E050468246681C85B2208DA842B3
:109B2000E0DC0021304603F0D3FA074609EB0700DA
:109B30000FFA80F90AEB07000FFA80FAABF80090F1
:109B4000ABF802A000BF7BE0B8F1150F78D1344626
:109B50000A98FCF75CF88346208D08B1606A00B96A
:109B600093E706A9304602F05DFA304602F0AAFCFF
:109B7000BDF81810081A0FFA80F9304602F0ACFC54
:109B8000BDF81A10081A07B2304602F0A1FA824650
:109B900001A8F9F713FA01AA0021304604F00AFAE5
:109BA000002548E0606A30F82500484400B2ADF86E
:109BB0001400681C616A31F82000484400B2ADF816
:109BC000100094F82A0000F0010088B9606A00EBE8
:109BD00085004088384400B2ADF81600681C616A00
:109BE00001EB80004088384400B2ADF8120014E068
:109BF000606A00EB85004088AAEB0000384400B2A0
:109C0000ADF81600681C616A01EB80004088AAEB81
:109C10000000384400B2ADF8120004AB05AA01A957
:109C20005846F9F7B4F99DF80D0020F004008DF8BE
:109C30000D00681C85B2208D401EA842B2DC00BF1A
:109C400000BF22E720C10408F0B50446059D9442F8
:109C500001DB2846F0BD8C4201DC1846FAE7571AB2
:109C6000EE1A601A704390FBF7F01844F2E7000018
:109C700030B587B0044614B9094807B030BD214655
:109C8000084800680AF009F905463DB900BF00BF61
:109C9000684600F0DDF800BF00BF00BF2846ECE7D3
:109CA000540200245002002410B5002415E00C4892
:109CB00050F8340078B10A4951F8340000F0A6F8A1
:109CC0000020074941F8340001EBC40188710449C0
:109CD00001EBC4018880601CC4B2102CE7DB10BD0E
:109CE000200C00242DE9F041054615B90020BDE8FF
:109CF000F0814FF0FF3600212CE0374800EBC10027
:109D0000807900F0010018BB334800EBC100808867
:109D1000A8421DD3304800EBC1008088A84208D17A
:109D200001202D4A02EBC10290712B4850F83100FE
:109D3000DDE7002E01DA4EB20AE0274800EBC10051
:109D40008088254A02EBC6029288904200DA4EB221
:109D5000481CC1B21029D0DB002E08DB01201E49AF
:109D600001EBC60188711C4850F83600BFE700249B
:109D700028E0194800EBC400807900F00100F8B930
:109D8000154951F83400294600F094F8074600BF01
:109D90001FB900BF00BF00BFFEE700BF0FB9002022
:109DA000A5E701200C4901EBC40188710A4901EBC8
:109DB000C4018D80084840F8347050F8340096E7AC
:109DC000601CC4B2102CD4DB00BF00BF00BF00BFBA
:109DD00000BF00BFFEE70000200C00240146002069
:109DE0000CE0094A52F830208A4205D10022064B85
:109DF00003EBC0039A717047421CD0B21028F0DB0D
:109E000000BF00BF00BFF6E7200C002410B50446D9
:109E10000648844200D110BD04B9FCE7214604483D
:109E200000680AF00CF800BFF5E7000054020024B7
:109E30005002002410B54FF48011034809F0E8FFE8
:109E40000249086010BD0000000040C0500200241C
:109E500070B504461C220021204600F0B4F91348D6
:109E600000680AF014F80546224611490AF09CF8E9
:109E70004FF4801020606421A06848432168B0FB43
:109E8000F1F0C0F164002076A06858B16421E06868
:109E90004843A168B0FBF1F06076607EC0F16400D9
:109EA000607601E00020607670BD00005002002462
:109EB000F99E020870B505460C4624B92846FFF7FE
:109EC000A5FF0B4870BD0A48854203D12046FFF725
:109ED000CFFEF7E7224629460648006809F0F5FF5D
:109EE00006461EB900BF00BF0020EBE73046E9E799
:109EF000540200245002002430B5044618461AB11A
:109F000005696D1C056109E045686D1C4560856843
:109F10000D448560C5688D4200D2C16030BD2DE919
:109F2000F0410F46154601463A4601F0030602F09D
:109F3000030CB4457DD0C2E092F8008081F8008027
:109F4000491C521C92F8008081F80080491C521C68
:109F500092F8008081F80080491C521C92F8008021
:109F600081F80080491C521C92F8008081F8008022
:109F7000491C521C92F8008081F80080491C521C38
:109F800092F8008081F80080491C521C92F80080F1
:109F900081F80080491C521C92F8008081F80080F2
:109FA000491C521C92F8008081F80080491C521C08
:109FB00092F8008081F80080491C521C92F80080C1
:109FC00081F80080491C521C92F8008081F80080C2
:109FD000491C521C92F8008081F80080491C521CD8
:109FE00092F8008081F80080491C521C92F8008091
:109FF00081F80080491C521C92F8008081F8008092
:10A00000491C521C92F8008081F80080491C521CA7
:10A0100092F8008081F80080491C521C92F8008060
:10A0200081F80080491C521C92F8008081F8008061
:10A0300000E053E0491C521C92F8008081F8008037
:10A04000491C521C92F8008081F80080491C521C67
:10A0500092F8008081F80080491C521C92F8008020
:10A0600081F80080491C521C92F8008081F8008021
:10A07000491C521C92F8008081F80080491C521C37
:10A0800092F8008081F80080491C521C92F80080F0
:10A0900081F80080491C521C92F8008081F80080F1
:10A0A000491C521C92F8008081F80080491C521C07
:10A0B00092F8008081F80080491C521C203D202D20
:10A0C0003FF63AAF06E092F8008081F80080491C24
:10A0D000521C6D1E002DF6D1BDE8F0816EB1C6F1A7
:10A0E000040607E092F8008081F80080491C521CA9
:10A0F000761E6D1E0EB1002DF4D10B46144630E0D5
:10A10000D4F80080C3F800801B1D241DD4F8008003
:10A11000C3F800801B1D241DD4F80080C3F8008004
:10A120001B1D241DD4F80080C3F800801B1D241DB6
:10A13000D4F80080C3F800801B1D241DD4F80080D3
:10A14000C3F800801B1D241DD4F80080C3F80080D4
:10A150001B1D241DD4F80080C3F800801B1D241D86
:10A16000203D202DCCD806E0D4F80080C3F8008034
:10A170001B1D241D2D1F042DF6D81946224606E06E
:10A1800092F8008081F80080491C521C6D1E002D41
:10A19000F6D100BFA0E730B504460B4604E01D78B9
:10A1A0002570641C5B1C521E002AF8D130BD30B5EE
:10A1B00004460B4604E01D782570641C5B1C521E8F
:10A1C000002AF8D130BDF0B506460B46344604F0FF
:10A1D00003054DB1C5F1040503E02370641C521E54
:10A1E0006D1E0DB1002AF8D103EB032707EB0347DF
:10A1F00007EB0361204610E00160001D0160001DB7
:10A200000160001D0160001D0160001D0160001D56
:10A210000160001D0160001D203A202AECD802E0F8
:10A220000160001D121F042AFAD8044602E02370C0
:10A23000641C521E002AFAD1F0BD30B504462246F5
:10A2400002F0030353B1C3F1040304E000251570C9
:10A25000521C491E5B1E0BB10029F7D1104611E0BC
:10A2600000250560001D0560001D0560001D0560DE
:10A27000001D0560001D0560001D0560001D0560D6
:10A28000001D20392029EBD803E000250560001DC2
:10A29000091F0429F9D8024603E000251570521C55
:10A2A000491E0029F9D130BD30B50446224602F0DE
:10A2B000030353B1C3F1040304E0FF251570521CDE
:10A2C000491E5B1E0BB10029F7D1104612E04FF07A
:10A2D000FF350560001D0560001D0560001D05605F
:10A2E000001D0560001D0560001D0560001D056066
:10A2F000001D20392029EAD804E04FF0FF35056021
:10A30000001D091F0429F8D8024603E0FF25157037
:10A31000521C491E0029F9D130BD024600BF00BFC2
:10A32000906C884201D101207047506B884205D162
:10A3300092F86100012801DC0120F5E70020F3E735
:10A340002DE9F04780464046FBF759FC8146B9F1BC
:10A35000070F40D14046FBF7B3FC06464046FBF7EB
:10A36000B2FC0446606BB04204D0A06CB04201D095
:10A37000BDE8F08794F8600084F86100314620461B
:10A38000FFF7CBFF00B1F3E704F154073846E3F7DA
:10A3900096FC824651463846E3F7A9FC0546CDB106
:10A3A00051463846E3F70AFD5046FFF72FFD14F8F3
:10A3B000600F401E207029463846E3F7FFFC2078E6
:10A3C000401E04F860092046296800F06CF9284610
:10A3D000FFF71CFD00BF00BFCAE770B5044600BF11
:10A3E00000BF25462C4605F154063046E3F74FFCE6
:10A3F000002085F8600070BD2DE9F05F83460C46B3
:10A4000050480168204605F069F90021204605F012
:10A410002BF925466035A87820F00600A870A878AA
:10A4200020F00800A870002028706870A87820F03C
:10A430000100A870603D042105F15400E3F76AFCB7
:10A44000204601F0C7F868620121686A00F0E0FA6E
:10A450000020E8636864A864E864286421463A48F8
:10A4600000F043FF0646304600F0B4FF42F26401BC
:10A47000304605F01AF90121304605F007F90121AF
:10A48000304605F0F1F84FF48041304600F0C0FA54
:10A490000221304600F0D8FFAE6231462B4800F072
:10A4A00024FF0746384600F095FF42F2D17242F28F
:10A4B0006401384605F009FA0021384605F0D4F861
:10A4C00002231A460021384605F0AEF8022138462C
:10A4D00000F0BAFF4FF48041384600F099FA2F633C
:10A4E000286BF5F7E5F980462B46072218494046C8
:10A4F00000F046FA4FF48041404600F089FA00210E
:10A50000404605F0B1F8C5F83480686BFCF778FC7C
:10A51000824610A15046FDF71CFB286BFEF772F82F
:10A5200081460121484600F073FAC5F838900020B2
:10A53000E86228652B461C220749204600F020FAD5
:10A54000BDE8F09F08010024408704085C870408E8
:10A5500041A30208EF819300B9A7020870B5054630
:10A560000C460021204605F07FF802231A46002100
:10A57000204605F059F80221204600F065FF70BD25
:10A580002DE9F04107460C46264606F154052846BB
:10A59000E3F77DFBBDE8F081014600BF00BF0A463E
:10A5A000D06A7047014600BF00BF0A46106C704772
:10A5B00070B506460C46204601F0DAFD05462046F9
:10A5C000696A05F0AFF80121204605F04DF8022335
:10A5D0001A460021204605F027F84FF48041204616
:10A5E00000F016FA70BD70B506460C462546686A3E
:10A5F00020B1686AFFF70AFC0020686270BD70B580
:10A60000054600BF00BF2C46206B08B1E06A00B9C8
:10A6100070BD94F86200C0F3410020B101280BD056
:10A6200002281BD111E00021206B04F0A5F80121C4
:10A63000E06A05F02BF811E00021206B04F09CF893
:10A640000021E06A05F022F808E00121206B04F007
:10A6500093F80121E06A05F019F800BF00BF206BF4
:10A6600004F0A5FAE06A04F0A2FA206B05F0DCFB26
:10A67000206B01F099FC20B90121206B00F0C8F992
:10A6800003E00121206B00F0DFFE00BFC0E770B5E2
:10A6900005460C460121204604F0E6FF0221204633
:10A6A00000F0D2FE70BD2DE9F04106460D4600BF18
:10A6B00000BF3446E06A18B1616AE06A05F032F81A
:10A6C0008DB104F154073846E3F72CFB8046C8F8F7
:10A6D000005094F86000401C84F860002846A16A8D
:10A6E00005F020F802E03046FFF777FEE562206DC6
:10A6F00050B1206C20B10121206D00F0C6F903E0BB
:10A700000121206D00F0E1FE206C80B394F862001E
:10A7100000F00100A8B194F86200C0F3C00040B19D
:10A720000121A06C00F090FE0221A06C00F070F9F5
:10A7300007E00121A06C00F06BF90221A06C00F091
:10A7400083FE94F86000022808DB0121606B00F0B2
:10A750007BFE0221606B00F05BF923E00121606B5E
:10A7600000F056F90221606B00F06EFE1AE0FFE780
:10A7700094F86000022804DA94F86200C0F3C00084
:10A7800040B10121606B00F05FFE0221606B00F0C0
:10A790003FF907E00121606B00F03AF90221606B9C
:10A7A00000F052FE00221C212046FBF78FFA3046B3
:10A7B000FFF725FFBDE8F0812DE9F04180464046D6
:10A7C000FBF781FA07463C463846FFF7E5FE0646AA
:10A7D00086B1A06B70B1706A40B1716AA06BFEF770
:10A7E00019FF0121A06B00F02FFE03E00121A06BF7
:10A7F00000F00EF93846FFF7D5FE054685B1E06C4E
:10A8000070B1686A40B1696AE06CFEF703FF01212C
:10A81000E06C00F019FE03E00121E06C00F0F8F8B4
:10A82000BDE8F08170B506460C462546242105F1A9
:10A830002400E3F76FFA1C2105F13000E3F76AFA10
:10A8400070BD70B506460C4600BF00BF254605F139
:10A850003000E3F71CFA05F12400E3F718FA70BDA5
:10A860002DE9F04F97B00D462946444801F0F6FA1D
:10A8700016901698012802D017B0BDE8F08F284630
:10A88000FBF7BDF906462846FBF71AFA0446152ED3
:10A8900071D12846FBF7BBF9159013A9204601F0AA
:10A8A0004DFB13AA20461599E6F7C2FD13AA2046D0
:10A8B0001599EEF757F813AA20461599EBF730FCD7
:10A8C00013A8F4F73BFD824600EBDA704710BDF8A1
:10A8D0004C00384400B2ADF84800BDF84E00384492
:10A8E00000B2ADF84A0004A8F9F728FB04AA4FF417
:10A8F0000031204603F0D2FB4FF4003A41F201024E
:10A900005146204602F058FF0190019800B283465C
:10A9100000EBDB704FEA600800BF41F204025146D1
:10A92000204602F049FF0190019800B2834600EBF7
:10A93000DB704FEA6009BDF84800A0EB080000B2E8
:10A94000ADF80800BDF84A00A0EB090000B2ADF870
:10A950000A00BDF84800404400B2ADF80C00BDF854
:10A960004A00484400B2ADF80E0002AA04A91598A6
:10A97000F9F7C8FA00BF00BF7EE70000948704081B
:10A980002DE9F04104460D4616461F4600BF00BFA4
:10A99000204600F037FBA068807E401CA1688876C6
:10A9A000A268927E02EB42029100A268D068FFF793
:10A9B00081FAA168C86000BFA068C06818B900BF6C
:10A9C00000BF00BFFEE700BFA068C168807E401ED8
:10A9D00000EB400041F82050A068C268807E401E15
:10A9E00000EB400002EB80000672A068C168807E28
:10A9F000401E00EB400001EB80004760A068C1688A
:10AA0000807E401E00EB400001EB8000BDE8F0813D
:10AA10002DE9FF4105460C4600BF00BF284603F064
:10AA200069FD064604F0010010B1284603F0E5FC7C
:10AA3000E8692043E86104F0010010B1284603F002
:10AA4000DCFC284603F056FDB04202D104F0C07091
:10AA500040B1284601F08CFB074603F091FD2846E3
:10AA600003F08EFD04F0100068B16A4602A9284682
:10AA700001F03CFD02A9284603F0F9FC694628468E
:10AA800003F0F5FC00BFBDE8FF8170B504460E463B
:10AA900000BF00BF208C40EA0605208CA84203D0EE
:10AAA0002946204604F020FF70BD2DE9F041044600
:10AAB0008846174600234FF6FF723946204610F0AD
:10AAC000A3F8002511E0E06800EBC5004068C0F382
:10AAD000406000B108E0E06800EBC5004068C0F3EA
:10AAE000006000B100E005E06D1C608CC0F3C500A3
:10AAF000A842E8D800BF608CC008401C618C60F39D
:10AB0000C8016184628CC2F3C502D100E068FFF71E
:10AB1000D1F9E060608CC0F3C500461E09E0E06832
:10AB200000EBC6010246701E02EBC00205CA05C159
:10AB3000761EAE42F3D8E16801EBC5000821FFF7AD
:10AB40007CFBE06840F83580E06800EBC5004068B9
:10AB500067F31700E16801EBC50148604FF6FF722B
:10AB60003946204604F00EFABDE8F0812DE9F041A7
:10AB700006460F4614461D4600223946304604F06C
:10AB8000B3FF2A462146304604F04DFEBDE8F08171
:10AB90002DE9FF4F87B00E4690469A4600BF00BF92
:10ABA000079805F041F91EB9079801F0E1FA064649
:10ABB00000BF00BF4FF0000900200690079801F089
:10ABC000D7FA07460021384602F0C7F90590002160
:10ABD000384602F0DCFB01460598084400B20490B8
:10ABE0000021384602F03FFD01460598084400B2B6
:10ABF00003900021304602F0B0F902900021304667
:10AC000002F0C5FB01460298084404B20021304618
:10AC100002F029FD01460298084405B2B8F1000F80
:10AC20000AD10021304602F00AF9012802D14FF082
:10AC3000030801E04FF00108B8F1160F32D2DFE847
:10AC400008F03132354A5866869FB40BD4DDFEFDDC
:10AC5000FCFBFAF9F8F7F6F5304601F0C4F900907C
:10AC600000EBD0704FEA600B079802F0CCFF019028
:10AC700000EBD070ABEB600020440FFA80F9304657
:10AC800001F092F9009000EBD0704FEA600B07984A
:10AC900001F01EFA019000EBD070ABEB600028448D
:10ACA00000B2069070E1A14606956DE1304601F0D4
:10ACB0009AF9009000EBD0704FEA600B079802F011
:10ACC000A2FF019000EBD070ABEB600020440FFAC4
:10ACD00080F9069558E1304601F085F983460798DA
:10ACE00002F091FFABEB000020440FFA80F90695CB
:10ACF0004AE1A146304601F057F98346079801F032
:10AD0000E7F9ABEB0000284400B206903CE1304686
:10AD100001F069F9009000EBD0704FEA600B0798E2
:10AD200002F071FF019000EBD070ABEB60002044AB
:10AD30000FFA80F9304601F037F98346079801F0A1
:10AD4000C7F9ABEB0000284400B206901CE1304686
:10AD500001F049F98346079802F055FFABEB00007C
:10AD600020440FFA80F9304601F01EF98346079817
:10AD700001F0AEF9ABEB0000284400B2069003E10D
:10AD8000A146304601F010F9009000EBD0704FEA78
:10AD9000600B079801F09CF9019000EBD070ABEBD1
:10ADA0006000284400B20690EEE0304601F01BF946
:10ADB0008346079802F027FFABEB000020440FFA10
:10ADC00080F9304601F0F0F8009000EBD0704FEAC7
:10ADD000600B079801F07CF9019000EBD070ABEBB1
:10ADE0006000284400B20690CEE04FF000090798BA
:10ADF00001F06EF9404200B20690C5E0304602F024
:10AE000002FF009000EBD0704FEA600B079802F051
:10AE1000FAFE019000EBD070ABEB60000FFA80F906
:10AE2000079801F055F9404200B209E09CE084E047
:10AE30007CE069E04FE045E034E01CE014E001E034
:10AE40000690A1E0304602F0DEFE8346079802F04D
:10AE5000DAFEABEB00000FFA80F9079801F038F941
:10AE6000404200B206908FE04FF00009304601F0FA
:10AE70002FF9069088E0304602F0C5FE009000EB06
:10AE8000D0704FEA600B079802F0BDFE019000EB16
:10AE9000D070ABEB60000FFA80F9304601F018F982
:10AEA000069071E0304602F0AEFE8346079802F04D
:10AEB000AAFEABEB00000FFA80F9304601F008F96A
:10AEC000069061E0079802F09EFE40420FFA80F97A
:10AED0000020069058E0079802F095FE40420FFAD5
:10AEE00080F9304601F0F4F8009000EBD0704FEAA2
:10AEF000600B079801F0ECF8019000EBD070ABEB21
:10AF0000600000B206903FE0079802F07CFE4042ED
:10AF10000FFA80F9304601F0DBF88346079801F01C
:10AF2000D7F8ABEB000000B206902DE0304602F0FF
:10AF30006AFE81460020069026E0304602F063FE5D
:10AF40008146304601F0C4F8009000EBD0704FEA23
:10AF5000600B079801F0BCF8019000EBD070ABEBF0
:10AF6000600000B206900FE0304602F04CFE8146D1
:10AF7000304601F0ADF88346079801F0A9F8ABEB35
:10AF8000000000B2069000BF00BF0021384601F06B
:10AF900056FF01280DD1384601F008FAB18A514414
:10AFA000BA8A891A01440498081A48440FFA80F9A9
:10AFB0000CE0384601F082F9B18A5144BA8A891A04
:10AFC00001440498081A48440FFA80F9384601F001
:10AFD0006FFAF28A14990A44F98A511A01440398C3
:10AFE000091A0698084400B2069000220121079829
:10AFF00004F07AFD4946DDE9062004F014FC0BB0AC
:10B00000BDE8F08F10B5044600BF00BFA06808BBC4
:10B0100011480068401C104908601C20FEF728FEFB
:10B02000A06000BFA06818B900BF00BF00BFFEE766
:10B0300000BFA06800B910BD1C21A068FFF7FDF893
:10B040000F20A1684876A068007E20F00300C01C95
:10B05000A168087600BFEEE7D80000242DE9FC4780
:10B0600080460F460121404602F02AFE10B1002022
:10B07000BDE8FC87404601F083F80446204600F016
:10B08000DDFF81464846F7F73DF8A04210D048461C
:10B09000F7F745F8A0420BD04846F7F717F8A0425B
:10B0A00006D04846F7F705F8A04201D00020DFE7B8
:10B0B0004FF40021404602F003FE48BB4046E2F751
:10B0C000D8FE064608F114016846F4F70FF8BDF8FB
:10B0D0000000801B00B2ADF80000BDF80200801B2C
:10B0E00000B2ADF80200BDF80400304400B2ADF883
:10B0F0000400BDF80600304400B2ADF806006A4610
:10B1000039463846E1F71EFA08B90020B0E700BF1B
:10B11000404601F02DF8054619E00121284602F0CD
:10B12000CFFD08B10020A3E74FF40021284602F02C
:10B13000C7FD40B905F1140239463846E1F702FA75
:10B1400008B9002094E7284601F012F80546002DC2
:10B15000E3D101208CE72DE9FE4F05460E464FF066
:10B1600000083146284602F0C3FB0446002C46D0B6
:10B170003146284602F0A2FB0090009802283DDDEF
:10B18000204604EBD0714910491C0CB231462846C8
:10B1900002F0A1FB204404B23146284602F074FBC1
:10B1A00081463146284602F07CFB8246B9F1000F09
:10B1B00001DD484601E0C9F10000BAF1000F01DDF0
:10B1C000514601E0CAF10001884207DDB9F1000FE4
:10B1D00001DD484609E0C9F1000006E0BAF1000FC0
:10B1E00001DD504601E0CAF10000204404B2A04550
:10B1F00001DD404600E02046804600BF00BF3146EA
:10B20000284601F0CDFF0746C7B13146284601F078
:10B21000ADFF8246BAF1020F0FDD3146284601F03C
:10B22000B2FF814609EB0700404501DA404601E0E4
:10B2300009EB07000FFA80F800BF00BF00BF40F61F
:10B240000A023146284602F0B7FA009000980FFA39
:10B2500080FB00BF00BF40F60B023146284602F0DB
:10B26000ABFA0090009800B202900298834501DD8D
:10B27000584600E0029801900198002803DD0198EB
:10B2800040440FFA80F84046BDE8FE8FFEB5044604
:10B290000D46164600BF41F25D422946204602F0A7
:10B2A0008BFA00900098C0B2029000BF41F26A424F
:10B2B0002946204602F080FA00900098C0B2019022
:10B2C00000BF9DF8080008B90120029000BF9DF85A
:10B2D0000800FEBD02460AB9002070471068884287
:10B2E00001D10120F9E70020F7E72DE9F0410746F9
:10B2F0000C463846EFF7DAFF80464046FEF7B8FCCA
:10B30000054615B90020BDE8F08141462846FEF704
:10B3100094FF2F606C60002C30D1F6F797FE064644
:10B320001EB900BF00BF0020EDE7F06840B904205F
:10B33000FEF79EFCF060F0680560012070620DE091
:10B34000706A401C7062726A9100F068FEF7B2FD8C
:10B35000F060706A401EF16841F820500020A88219
:10B360000021E982F6F78AFE401E01B229830020FF
:10B37000F6F7EAFE401E01B2698329E000BF00BF74
:10B38000A06810B92046FFF73DFEA068006858B9D4
:10B390000420FEF76DFCA1680860A06800680560E5
:10B3A0000120A168486013E0A0684068401CA168C3
:10B3B0004860A26852689100A2681068FEF77AFDA2
:10B3C000A1680860A068D0E90010401E41F8205034
:10B3D000284698E770B50446204603F0D1F80020CF
:10B3E00000F020FB204608F04DFA204600F07DF8E2
:10B3F000012000F017FB4FF6FF724FF4702120463A
:10B4000003F0C0FD204603F0A4FDFBF731FA064629
:10B410003EB1204603F059F818B121463046FBF7FB
:10B4200061F9204600F0A4FE054665B122462221BE
:10B430002846FAF74BFC224623212846FAF746FC19
:10B44000204602F0DAFF70BD2DE9FF4105460C46AB
:10B4500000BF00BF284603F04DF8064604F0100078
:10B4600068B16A4602A9284601F040F802A92846B8
:10B4700002F0FDFF6946284602F0F9FF00BFE869C7
:10B48000A043E86104F0010078B1284602F0B5FF5E
:10B49000284603F02FF840B1284600F069FE074621
:10B4A00003F06EF8284603F06BF8284603F022F804
:10B4B000B04202D104F0C07028B1284600F058FE16
:10B4C000074603F05DF8BDE8FF8170B504460E46FF
:10B4D00000BF00BF208C20EA0605208CA84203D0C4
:10B4E0002946204604F000FA70BD70B50446256870
:10B4F0002068006828B12068006820602046FFF7B7
:10B50000F4FF25602068406818B120682146426831
:10B51000904770BD2DE9F84381460C4665686DB3D0
:10B52000284600F0CBFE0746284600F0C1FF8046C3
:10B53000002641F610023146284602F03DF90090FF
:10B540000098E98A0844A0EB080001B2E182E08A91
:10B55000401E01B2618300BF41F612023146284607
:10B5600002F02AF900900098A98A0844C01B00B292
:10B57000A082A08A401E01B2218300BF0220E061A8
:10B58000E06940F48050E0611DB1E06940F4005092
:10B59000E0611DB1E06940F44070E061E06940F0B5
:10B5A0000400E061E06940F01000E061E06940F013
:10B5B0002000E061E06940F04000E061E06940F4B3
:10B5C0000060E0611DB1E06940F40040E061BDE869
:10B5D000F883000070B5044600BF00BF2146044850
:10B5E000FFF783FE05462846FFF7F4FE284670BDA8
:10B5F000848004082DE9F041064600BF00BF00BF6B
:10B6000000BF304602F0F9FE304600F0B1FD0446BE
:10B6100014B1204603F0D2FF0025002754B930466C
:10B6200000F00CFD05460DB9BDE8F0812869B04277
:10B6300000D10127304609F060FE84B10021204688
:10B6400003F0EAF8204603F0B9FF00222221204649
:10B65000FAF73CFB002224212046FAF737FB1FB102
:10B6600000BF00BF0020286100BF00BF00BFDBE7B4
:10B6700070B506460C462046E1F74CFB002000F072
:10B68000D1F900BF184A0021204603F024FD00BF75
:10B69000012000F0C7F900212046F2F7A1FE204664
:10B6A00000F00CFD054615B12046FBF71EF9A06819
:10B6B000C0B1A068006830B1A1680868FEF7A6FBB9
:10B6C0000020A1680860A068C06830B1A168C8689F
:10B6D000FEF79CFB0020A168C860A068FEF796FBFF
:10B6E0000020A06070BD0000FFFF0F002DE9F04FAB
:10B6F000A3B082465046FAF782FA06465046FAF759
:10B70000DFFA0446122E6AD15046FAF7D6FA0546F9
:10B710002878022802D123B0BDE8F08F002120460E
:10B7200001F069FC10B102202870F4E700212046E6
:10B7300002F09EF883460021204602F0E2F9074617
:10B740000021204602F0C3F9804604F1140121A82B
:10B75000F3F7C3FCBDF88400C01B00B2ADF8840051
:10B76000BDF88800384400B2ADF88800BDF8860006
:10B77000A0EB080000B2ADF88600BDF88A00404496
:10B7800000B2ADF88A005A4621A96868E0F71BFFAD
:10B7900010B901202870BEE70021204601F0B6FB59
:10B7A000FD2802DA01202870B5E74FF00009682271
:10B7B0004946204602F000F820902098C0B210B10F
:10B7C00001202870A7E70021204601F0A8FCFD28F1
:10B7D00002DA012028709EE70020287014E1152E5F
:10B7E0007ED15046FAF713FA834615A8F8F7A6FB60
:10B7F0000021204601F0A2FB30B19DF8770020F037
:10B800000100401C8DF8770015AA0021204602F0A7
:10B8100045FC0021204602F074F90546002120462F
:10B8200002F055F9074604F1140113A8F3F755FC8B
:10B83000BDF84C00401B00B2ADF84C00BDF8500004
:10B84000284400B2ADF85000BDF84E00C01B00B255
:10B85000ADF84E00BDF85200384400B2ADF85200C9
:10B86000594601A800F0D4F86848029000200390DF
:10B8700015A8059013A8049000200E9001AA1A2183
:10B880002046FAF723FA0021204601F0B4FB20B14C
:10B89000BDF8540008B1012000E000208146DDF829
:10B8A0006480B9F1000F01D00020199013AA15A9E6
:10B8B0005846F8F727FBB9F1000F26D01820FEF7FD
:10B8C00011FA0090BDF95420002304F114010098EE
:10B8D000F8F71EFA04F590710098F7F79BFB00E06B
:10B8E00019E0B8F1000F0FD000208DF857008DF847
:10B8F00076008DF87E008DF88A00CDF8648013AA5A
:10B9000015A95846F8F7FEFA00BF01AA1B212046E8
:10B91000FAF7DCF978E0182E76D15046FAF777F985
:10B92000804641462046EBF7F3FA0021204601F01D
:10B9300062FB60B104F59070F8F7B8FA05462DB1D6
:10B940002846F7F749FE2846FEF748FA00BF0021CF
:10B95000204601F0F3FA002855D015A8F8F7EEFAC2
:10B9600000208DF857008DF86E008DF87E008DF860
:10B970008A0015AA0021204602F090FB00212046F3
:10B9800002F0BFF805460021204602F0A0F8074665
:10B9900004F1140113A8F3F7A0FBBDF84C00401B01
:10B9A00000B2ADF84C00BDF85000284400B2ADF82C
:10B9B0005000BDF84E00C01B00B2ADF84E00BDF8FF
:10B9C0005200384400B2ADF85200414601A800F0E0
:10B9D0001FF80E4802900120039015A8059013A8A7
:10B9E000049000200E9001AA1A212046FAF76EF961
:10B9F00013AA15A94046F8F785FA01AA1B2120468B
:10BA0000FAF764F900BF00BF00BF84E68480040831
:10BA100070B504460D4648212046FEF70EFC256011
:10BA200070BD00000149087070470000E10000246B
:10BA30002DE9FF5F88464046FAF7E1F804464046A4
:10BA4000FAF7E2F80546012C04D120212846FFF739
:10BA50001CF801E2082C2BD120212846FFF735FDE8
:10BA60004046FAF72AF907463846FCF7FCF9F0B9E0
:10BA70000821284602F024F9C8B1284601F08CF9C3
:10BA800000F0010020B901212846FEF7FEFF03E087
:10BA900001212846FFF719FD00221C212846FAF74C
:10BAA00015F90646012E01D0BDE8FF9F00BFD3E186
:10BAB000032C04D120212846FFF707FDCCE12A2CD6
:10BAC00010D1284600F00DFA0746002607E0A868C6
:10BAD000006850F82690484602F052FD761CBE429F
:10BAE000F5D3B9E10D2C7CD10821284602F0E8F805
:10BAF00008B34046FAF7E1F80678132E01D0112E6C
:10BB000004D101212846FEF7C0FF07E0142E01D022
:10BB1000122E03D101212846FFF7D7FC0A2E09D0A7
:10BB200000221C212846FAF7D1F80746012F00D041
:10BB3000BAE700BF90E14FF40161284602F0C0F877
:10BB4000002886D0284602F0ABFC0028AFD1039035
:10BB5000284600F0B3FB0746284600F027FC814644
:10BB60004046FAF7AAF80678122E14D1284600F0BB
:10BB7000B3FC8346284600F0ABFA8246C0170AEBB6
:10BB800090700BEBA00000B2029001462846039A89
:10BB900003F0F8FC85E0112E14D1284600F09CFC3F
:10BBA0008346284600F094FA8246C0170AEB90704C
:10BBB000ABEBA00000B2029001462846039A03F0C6
:10BBC000E1FC6EE0132E36D1284600F049FB00F070
:10BBD000030020B1002F19DCB9F1000F16DC284654
:10BBE00000E05FE000F078FC8346284600F070FA41
:10BBF0008246C0170AEB90700BEBA00000B20290D7
:10BC000001462846039A03F0BDFC4AE0284600F0AE
:10BC100059FC8346284601F0F6FF8246C0170AEB1E
:10BC200090700BEBA00000B2029001462846039AE8
:10BC300003F08CFC35E0142E33D1284600F010FBC5
:10BC400000F0030020B1002F17DCB9F1000F14DC65
:10BC5000284600F041FC8346284600F039FA824627
:10BC6000C0170AEB9070ABEBA00000B20290014647
:10BC70002846039A03F086FC13E0284600F022FCD5
:10BC80008346284601F0BFFF8246C0170AEB90703A
:10BC9000ABEBA00000B2029001462846039A03F0E5
:10BCA00055FCD9E00E2C3AD14FF48061284602F0C1
:10BCB00007F818B10121284603F02BFC4FF0000AC9
:10BCC000284600F0FBF98346FAF7D8FD82460226A3
:10BCD000FCF784F88146B9F1000F03D14046F9F72B
:10BCE000B2FF81464846FCF7CEF80746022F01D046
:10BCF000042F01D146F00406BAF1000F06D046F039
:10BD0000080631462846FEF7C0FE07E031462846C1
:10BD1000FEF7BBFE08212846FFF7D7FB9CE0092C65
:10BD200004D140212846FEF7B0FE95E00A2C16D13A
:10BD300040212846FFF7C9FB284601F003F80228F6
:10BD40000CD16A4602A9284600F0D0FB02A9284679
:10BD500002F08DFB6946284602F089FB7CE00F2C3F
:10BD600004D10E212846FFF7B0FB75E0292C23D122
:10BD70000021284601F015F881460021284601F0EF
:10BD80008DF98246BAF1000F02D1B9F1000F02D04D
:10BD9000284602F0F5FB284600F0A3F807460026E7
:10BDA00007E0A868006850F826B0584602F0E8FBA3
:10BDB000761CBE42F5D34FE0222C2FD1002641F253
:10BDC00001023146284601F0F7FC0390039800B2C7
:10BDD000074600BF41F204023146284601F0ECFC60
:10BDE0000390039800B281460021284600F0D9FF55
:10BDF00082460021284601F051F98346BBF1000F2D
:10BE000008D1BAF1000F05D142F2D170874201D0BA
:10BE1000814502D1284602F0B3FB1DE0132C12D15C
:10BE20004046F9F74AFF064600212846FFF793F9F6
:10BE30000746B6F90000B84202DDB6F9000000E09E
:10BE40003846308008E0152C03D0182C01D0122C75
:10BE500002D14046FFF74AFC00BF25E62DE9F0413C
:10BE600006460D4616B96868046800E0346800E0CC
:10BE7000246814B120690028FAD014B90120BDE863
:10BE8000F081206908B90120F9E70020E86029461F
:10BE90002046226990470127287E00F0010000B16A
:10BEA00000273846EBE7024600BF00BF906808B99C
:10BEB00000207047002908DA906840680144002992
:10BEC00001DA0020F5E70B4600E00B469068406879
:10BED000984201D80020ECE79068006850F82100F3
:10BEE000E7E7014600BF00BF886808B90020704737
:10BEF00088684068FBE770B505460C4605F11401FB
:10BF00002046F3F7F3F8A868B8B12088A968898AB1
:10BF1000401A00B22080A088A968898A084400B22B
:10BF2000A0806088A968898A401A00B26080E08891
:10BF3000A968898A084400B2E08070BD70B50646E1
:10BF40000C4600BF00BF0021304601F006F8054650
:10BF50002146304600F066F8684202B2684201B2FB
:10BF60002046F3F715FA0021304601F010FA218837
:10BF7000084400B220800021304601F0B1FAA188C7
:10BF8000081A00B2A0800021304601F06CFB6188E5
:10BF9000084400B260800021304601F01BF9E188BE
:10BFA000081A00B2E08070BD2DE9F041074600BFDD
:10BFB00000BF0021384601F056FB044600213846F8
:10BFC00001F008F905460021384600F0C6FF064694
:10BFD000384600F07DF8001B401B022101FB1600D3
:10BFE00000B2BDE8F0812DE9F041074600BF00BF77
:10BFF0000021384601F0CBF904460021384601F013
:10C000006FFA05460021384600F0A7FF064638467D
:10C0100001F0F9FD001B401B022101FB160000B2DC
:10C02000BDE8F08170B505460C4600BF00BF05F1C4
:10C0300014012046F3F75AF870BD000070B50646AB
:10C0400000BF00BF706808B9354603E0304600F015
:10C0500097F805460E48E1F732FE044611E000214C
:10C0600007E0E06850F82100A84201D1204670BDE9
:10C07000491C606A8842F4D821460548E1F737FE3A
:10C080000446002CEBD100BF00BF0020EFE700000A
:10C09000A00B0024024600BF00BF906808B9002032
:10C0A00070479068807E884201D80020F8E7906849
:10C0B000C06801EB410300EB8300F1E7014600BFDC
:10C0C00000BF886810B18868806870470020FCE76E
:10C0D00010B5044600BF00BF04F11400F3F767F881
:10C0E00010BD70B5064600BF00BF304600F040F8F6
:10C0F00005460DB9002070BD002400BF08E02146B0
:10C100002846FFF7D0FEB04201D12046F3E7641C79
:10C110002846FFF7E6FEA042F1D84FF0FF30EAE7ED
:10C120002DE9F04104460F4690461E46002518E0D2
:10C13000E06800EBC5004068C0F3006080B1E068D3
:10C1400000EBC500406820F07F40B04208D1E168B4
:10C1500051F835004246394605F0A2FDBDE8F081B0
:10C160006D1C608CC0F3C500A842E1D80020F5E743
:10C17000014609B90020704700BF00BF4868FAE7D0
:10C1800010B5044600BF00BF224600BF1346184644
:10C19000FFF7EEFF0246002AF8D1184610BD000056
:10C1A0002DE9F84F074600BF00BF2B4C3846FFF77C
:10C1B00098FE8046002514E0B868006850F825B065
:10C1C0002649584601F087FD00B109E0BBF91A0085
:10C1D000A04201DA204601E0BBF91A00044600BF84
:10C1E0006D1C4545E8D30021384601F049FA00901E
:10C1F0000021384600F0FBFF81460021384600F060
:10C20000B9FE06461448844205D0788BA0EB09009D
:10C21000801B201A04B2384600F09EFD8246384644
:10C22000FFF756FF0099401AA0EB0900022101FB1D
:10C230001600AAEB00000FFA80FA384600F04CF91D
:10C24000AAEB00000FFA80FA544502DD2046BDE853
:10C25000F88F5046FBE7000001E0FFFF01000400FB
:10C260000146886820B18868407E00F00F00704762
:10C270000F20FCE770B506460D460E493046F2F732
:10C28000DBF8044614B1606A404202E0304600F038
:10C2900019F900B2288008493046F2F7CDF8044673
:10C2A00014B1606A404202E0304600F015F900B275
:10C2B000688070BD65710308817103082DE9FC5F1A
:10C2C000044600BF00BF0021204600F0C5FD012844
:10C2D00009D0A06810B90020BDE8FC9FA068008AC2
:10C2E000404200B2F8E70021204601F006F9019033
:10C2F0000021204601F058F807460021204600F0B2
:10C3000039FE80464FF0000941F6FF752046FFF7E1
:10C31000E8FD8246002617E0A068006850F8260075
:10C3200000902049009801F0D6FC00B10BE0009885
:10C33000B0F91400A84201DD284602E00098B0F9E7
:10C340001400054600BF761C5645E5D341F6FF7044
:10C35000854208D0A946A08A38444044A0EB090091
:10C360000FFA80F901E0DFF84090204600F004FD6C
:10C370008346204601F047FC0199401AC01B022168
:10C3800001FB1800ABEB00000FFA80FB204600F029
:10C3900099F858440FFA80FBD94501DD48469BE7E0
:10C3A000584699E70100040001E0FFFF2DE9F84F2E
:10C3B000044600BF00BF0021204600F04DFD0128CB
:10C3C00008D1A06810B90020BDE8F88FA068B0F9C6
:10C3D0001000F9E72A4D2046FFF783FD804600262E
:10C3E00014E0A068006850F826B02649584601F0CD
:10C3F00072FC00B109E0BBF91800A84201DA284636
:10C4000001E0BBF91800054600BF761C4645E8D39D
:10C410000021204601F071F881460021204600F0FD
:10C42000C3FF00900021204600F0A4FD07461448F9
:10C43000854205D0208BA0EB0900C01B281A05B24D
:10C44000204600F099FC8246204601F0DCFBA0EB80
:10C4500009010098081A022101FB1700AAEB00004D
:10C460000FFA80FA204600F02DF8AAEB00000FFA30
:10C4700080FA554501DD2846A6E75046A4E70000AE
:10C4800001E0FFFF010004000146886820B18868D0
:10C49000007EC0F3810070470020FCE701468868F9
:10C4A00020B18868007EC0F3011070470020FCE7CF
:10C4B0000146886808B9002070478868408A404271
:10C4C00000B2F9E70146886808B90020704788681B
:10C4D000008A404200B2F9E70146886808B90020A6
:10C4E00070478868408A404200B2F9E72DE9F04F72
:10C4F00095B005460C4616464FF0FF300346002225
:10C50000114600902046F2F765FF4FF0FF300346DA
:10C510000022114600903046F2F75CFF10212846B9
:10C5200001F0CEFB10B915B0BDE8F08F284600F041
:10C5300009FC8046B8F1000F00D1F4E70020FBF7BA
:10C5400053FC1490B8F1020F11D109E01498FBF7D5
:10C550008AFCA84200D106E01498FBF745FC149031
:10C5600014980028F2D100BF149800B9DBE72846E0
:10C57000FFF79EFF13902846FFF712FE1290284601
:10C58000FFF79CFE11902846FFF710FF10902846F9
:10C59000FFF766FE0F9000200E900F9800F00C0041
:10C5A000A8B1B8F1010F10D0B8F1030F05D113985D
:10C5B00000280ADC1298002807DCB8F1020F06D127
:10C5C0001498FBF73DFC0C2801D101200E900020AF
:10C5D0000D900F9800F00300A8B1B8F1010F10D032
:10C5E000B8F1030F05D1119800280ADC1098002833
:10C5F00007DCB8F1020F06D11498FBF721FC0328E1
:10C6000001D101200D900D9810B90E9800B98AE75C
:10C610004FF48031284600F01FFC012800D100E0D3
:10C6200000200C904FF48031284601F029F8834611
:10C630004FF48031284600F0DAFD0B904FF4803142
:10C64000284600F0B1FE07464FF48031284600F03E
:10C6500054FF81464FF48030039041F20102284696
:10C66000039901F0A9F80290029800B20A902846B6
:10C67000FFF72EFD0990284601F0C5FA08900E98A4
:10C6800008B10A9800E0002082460D9808B10A9887
:10C6900000E0002007904FF48030039021222846CC
:10C6A000039901F089F802900298C0B202280DDACD
:10C6B0004FF48030039031222846039901F07CF832
:10C6C00002900298C0B2022800DA2CE71399099868
:10C6D00001441298084400B205900E9800287DD0BD
:10C6E00005980028FBD0E88A7080688BF0800C9851
:10C6F00050B1A88A384400B2308031880A98084482
:10C70000401E00B2B0800AE0288BA0EB090000B206
:10C71000B080B1880A98081A401C00B2308009988D
:10C72000A0EB0B010B98091A0798081A09994843BE
:10C73000059990FBF1F000B203900020F5F78CFC16
:10C7400000EB8000502101EB4000A02190FBF1F0B4
:10C7500001280BDD0020F5F77FFC00EB8000502165
:10C7600001EB4000A02190FBF1F000E001200399D3
:10C77000884201DA039819E00020F5F76DFC00EB20
:10C780008000502101EB4000A02190FBF1F0012836
:10C790000BDD0020F5F760FC00EB8000502101EB81
:10C7A0004000A02190FBF1F000E0012000B20390D6
:10C7B0000998A0EB0B010B98091A0798091A03981E
:10C7C000081A00B2069009990598401A00B2029022
:10C7D000029800280EDCE88A584400E0BFE000B26E
:10C7E0007080698B0B98091A0798081A401E00B2CE
:10C7F000F080B3E0129906984843029990FBF1F05B
:10C8000000B2019001990698401A00B20190E98A9D
:10C8100001980844584400B2708071880398084415
:10C82000401E00B2F080B6F90210B5F91600584467
:10C83000814242DAE88A584400B270800020F5F75D
:10C840000BFC00EB8000502101EB4000A02190FB8D
:10C85000F1F001280BDD0020F5F7FEFB00EB800076
:10C86000502101EB4000A02190FBF1F000E00120FD
:10C87000B6F902100844B6F9061088421DDD002002
:10C88000F5F7EAFB00EB8000502101EB4000A0210E
:10C8900090FBF1F001280BDD0020F5F7DDFB00EB4C
:10C8A0008000502101EB4000A02190FBF1F000E05E
:10C8B00001207188084400B2F080B6F90610B5F97D
:10C8C0001A200798121A0B98101A814245DD698BBD
:10C8D0000798091A0B98081A00B2F0800020F5F7A3
:10C8E000BBFB00EB8000502101EB4000A02190FB3E
:10C8F000F1F001280BDD0020F5F7AEFB00EB800026
:10C90000502101EB4000A02190FBF1F000E001205C
:10C91000B6F90610081AB6F9021088421DDA00208E
:10C92000F5F79AFB00EB8000502101EB4000A021BD
:10C9300090FBF1F001280BDD0020F5F78DFB00EBFB
:10C940008000502101EB4000A02190FBF1F000E0BD
:10C950000120F188081A00B2708000BF00BF119951
:10C96000089801441098084400B204900D980028DB
:10C9700079D004980028FBD0698B0B98081A00B274
:10C98000E080E1880A98081A401C00B26080A88AFA
:10C990002080288BA0800898C01BA0EB0900A0EB8A
:10C9A0000A0008994843049990FBF1F000B2039003
:10C9B0000020F5F751FB00EB8000502101EB400017
:10C9C000A02190FBF1F001280BDD0020F5F744FBDE
:10C9D00000EB8000502101EB4000A02190FBF1F022
:10C9E00000E001200399884201DA039819E0002051
:10C9F000F5F732FB00EB8000502101EB4000A02155
:10CA000090FBF1F001280BDD0020F5F725FB00EB92
:10CA10008000502101EB4000A02190FBF1F000E0EC
:10CA2000012000B203900898C01BA0EB0900A0EB06
:10CA30000A010398081A00B2069008990498401A4F
:10CA400000B20290029800281BDC0C9860B1A88A02
:10CA500038445044401E00B22080288BA0EB0900CF
:10CA600000B2A0806BE16BE1A88A384400B220805C
:10CA7000288BA0EB0900A0EB0A00401E00B2A080AA
:10CA80005DE1109906984843029990FBF1F000B2DD
:10CA9000019001990698401A00B201900C98002864
:10CAA0007ED0A98A019808443844504400B22080BE
:10CAB000218803980844401E00B2A080B4F9000009
:10CAC000B5F9141039445144884243DAA88A3844ED
:10CAD000504400B220800020F5F7BEFA00EB800041
:10CAE000502101EB4000A02190FBF1F001280BDD6B
:10CAF0000020F5F7B1FA00EB8000502101EB400077
:10CB0000A02190FBF1F000E00120B4F900100844EE
:10CB1000B4F9041088421DDD0020F5F79DFA00EB02
:10CB20008000502101EB4000A02190FBF1F0012892
:10CB30000BDD0020F5F790FA00EB8000502101EBAF
:10CB40004000A02190FBF1F000E001202188084482
:10CB500000B2A080B4F90410B5F91800A0EB0900E8
:10CB6000814244DD288BA0EB090000B2A0800020A8
:10CB7000F5F772FA00EB8000502101EB4000A02194
:10CB800090FBF1F001280CDD0020F5F765FA00EBD1
:10CB90008000502101EB4000A02190FBF1F001E06A
:10CBA00026E00120B4F90410081AB4F900108842F4
:10CBB0001DDA0020F5F750FA00EB8000502101EB60
:10CBC0004000A02190FBF1F001280BDD0020F5F7DB
:10CBD00043FA00EB8000502101EB4000A02190FBC4
:10CBE000F1F000E00120A188081A00B22080A5E041
:10CBF000A98A01980844384400B22080218803980B
:10CC00000844401E00B2A080B4F90000B5F9141029
:10CC10003944884242DAA88A384400B22080002091
:10CC2000F5F71AFA00EB8000502101EB4000A0213B
:10CC300090FBF1F001280BDD0020F5F70DFA00EB79
:10CC40008000502101EB4000A02190FBF1F000E0BA
:10CC50000120B4F900100844B4F9041088421DDD25
:10CC60000020F5F7F9F900EB8000502101EB4000BE
:10CC7000A02190FBF1F001280BDD0020F5F7ECF985
:10CC800000EB8000502101EB4000A02190FBF1F06F
:10CC900000E001202188084400B2A080B4F904100B
:10CCA000B5F91800A0EB0A00A0EB0900814245DDB0
:10CCB000288BA0EB0A00A0EB090000B2A0800020A6
:10CCC000F5F7CAF900EB8000502101EB4000A021EC
:10CCD00090FBF1F001280BDD0020F5F7BDF900EB2A
:10CCE0008000502101EB4000A02190FBF1F000E01A
:10CCF0000120B4F90410081AB4F9001088421DDAB2
:10CD00000020F5F7A9F900EB8000502101EB40006D
:10CD1000A02190FBF1F001280BDD0020F5F79CF934
:10CD200000EB8000502101EB4000A02190FBF1F0CE
:10CD300000E00120A188081A00B2208000BF00BFD7
:10CD400000BF13E40146886820B18868007E00F0C7
:10CD5000030070470320FCE738B504460548006827
:10CD600000906A462C212046F8F7B0FFBDF902007A
:10CD700038BD0000A480040838B5044605480068A2
:10CD800000906A462C212046F8F7A0FFBDF900006C
:10CD900038BD0000A0800408014600BF00BF088C19
:10CDA000704738B504460D4641F20902294620462F
:10CDB00000F002FD00900098C0B238BD38B50446BE
:10CDC0000D4641F209022946204600F0F5FC00908C
:10CDD0000098C0B238BD38B504460D4666222946D3
:10CDE000204600F0E9FC0090009838BD38B50446B4
:10CDF0000D4651222946204600F0DEFC00900098A6
:10CE000008B1012038BD0020FCE738B504460D46C6
:10CE10004FF405622946204600F0CEFC00900098B1
:10CE200000B238BD38B504460D464FF405622946B8
:10CE3000204600F0C1FC0090009800B238BD38B523
:10CE400004460D4641F26A422946204600F0B4FCF1
:10CE500000900098C0B238BD38B504460D4641F286
:10CE60006A422946204600F0A7FC00900098C0B214
:10CE700038BD38B504460D4641F26A42294620467F
:10CE800000F09AFC00900098C0B238BD38B5044656
:10CE90000D4641F26A422946204600F08DFC009082
:10CEA0000098C0B238BD38B504460D4641F26A421A
:10CEB0002946204600F080FC00900098C0B238BDA2
:10CEC00038B504460D4641F26A422946204600F034
:10CED00073FC00900098C0B238BD38B504460D46CA
:10CEE00041F26A422946204600F066FC0090009814
:10CEF000C0B238BD38B504460D4644F2200229467A
:10CF0000204600F059FC0090009838BD38B5044622
:10CF10000D4621222946204600F04EFC0090009844
:10CF2000C0B238BD38B504460D46682229462046B1
:10CF300000F042FC00900098C0B238BD38B50446FD
:10CF40000D4634222946204600F036FC0090009819
:10CF500008B1012038BD0020FCE738B504460D4675
:10CF600041F232022946204600F026FC009000984B
:10CF700000B238BD38B504460D4641F232022946AA
:10CF8000204600F019FC0090009800B238BD38B57A
:10CF900004460D4641F232022946204600F00CFCC0
:10CFA0000090009800B238BD38B504460D4641F2F5
:10CFB00032022946204600F0FFFB0090009800B2A4
:10CFC00038BD38B504460D4641F2320229462046A6
:10CFD00000F0F2FB0090009800B238BD38B504466E
:10CFE0000D4641F232022946204600F0E5FB009052
:10CFF000009800B238BD38B504460D466122294676
:10D00000204600F0D9FB0090009808B1012038BDFF
:10D010000020FCE738B504460D460548028829463D
:10D02000204600F0C9FB00900098C0B238BD000057
:10D030001401002438B504460D4641F20402294685
:10D04000204600F0B9FB0090009800B238BD38B51A
:10D0500004460D4641F204022946204600F0ACFB8E
:10D060000090009800B238BD38B504460D4641F234
:10D0700004022946204600F09FFB0090009800B271
:10D0800038BD38B504460D4641F204022946204613
:10D0900000F092FB0090009800B238BD38B504460D
:10D0A0000D4641F269022946204600F085FB0090BA
:10D0B000009880B238BD38B504460D4641F2690289
:10D0C0002946204600F078FB0090009880B238BDD9
:10D0D00038B504460D4640F649022946204600F080
:10D0E0006BFB0090009800B238BD38B504460D4681
:10D0F00041F206022946204600F05EFB00900098AF
:10D1000000B238BD38B504460D4641F20502294645
:10D11000204600F051FB0090009800B238BD38B5B1
:10D1200004460D4640F262422946204600F044FB88
:10D1300000900098C0B238BD38B504460D4640F2A4
:10D1400062422946204600F037FB00900098C0B2AA
:10D1500038BD38B504460D4640F2624229462046A5
:10D1600000F02AFB00900098C0B238BD38B50446E4
:10D170000D4640F63C022946204600F01DFB00907B
:10D180000098C0B238BD38B504460D4640F63D02A1
:10D190002946204600F010FB0090009800B238BDF0
:10D1A00038B504460D4640F63A022946204600F0BE
:10D1B00003FB0090009800B238BD38B504460D4618
:10D1C00041F611022946204600F0F6FA0090009838
:10D1D00000B238BD38B504460D4641F61102294665
:10D1E000204600F0E9FA0090009800B238BD38B54A
:10D1F00004460D4641F611022946204600F0DCFAAD
:10D200000090009800B238BD38B504460D4641F68E
:10D2100011022946204600F0CFFA0090009800B293
:10D2200038BD38B504460D4641F611022946204660
:10D2300000F0C2FA0090009800B238BD38B504463C
:10D240000D4641F611022946204600F0B5FA00903D
:10D25000009800B238BD38B504460D4641F61102BB
:10D260002946204600F0A8FA0090009800B238BD88
:10D2700038B504460D4641F611022946204600F015
:10D280009BFA0090009800B238BD38B504460D46B0
:10D2900041F611022946204600F08EFA00900098CF
:10D2A00000B238BD38B504460D4641F61102294694
:10D2B000204600F081FA0090009800B238BD38B5E1
:10D2C00004460D4641F611022946204600F074FA44
:10D2D0000090009800B238BD38B504460D4641F6BE
:10D2E00011022946204600F067FA0090009800B22B
:10D2F00038BD38B504460D4641F61502294620468C
:10D3000000F05AFA0090009800B238BD38B50446D3
:10D310000D4641F615022946204600F04DFA0090D0
:10D32000009800B238BD38B504460D4641F61502E6
:10D330002946204600F040FA0090009800B238BD1F
:10D3400038B504460D4641F615022946204600F040
:10D3500033FA0090009800B238BD38B504460D4647
:10D3600041F615022946204600F026FA0090009862
:10D3700000B238BD38B504460D4641F612022946C2
:10D38000204600F019FA0090009800B238BD38B578
:10D3900004460D4641F612022946204600F00CFADA
:10D3A0000090009800B238BD38B504460D4641F6ED
:10D3B00012022946204600F0FFF90090009800B2C2
:10D3C00038BD38B504460D4641F6120229462046BE
:10D3D00000F0F2F90090009800B238BD38B504466C
:10D3E0000D4641F612022946204600F0E5F900906C
:10D3F000009800B238BD38B504460D4641F6120219
:10D400002946204600F0D8F90090009800B238BDB7
:10D4100038B504460D4641F612022946204600F072
:10D42000CBF90090009800B238BD38B504460D46DF
:10D4300041F612022946204600F0BEF900900098FD
:10D4400000B238BD38B504460D4641F612022946F1
:10D45000204600F0B1F90090009800B238BD38B510
:10D4600004460D4641F612022946204600F0A4F972
:10D470000090009800B238BD38B504460D4641F61C
:10D4800012022946204600F097F90090009800B259
:10D4900038BD38B504460D4641F6120229462046ED
:10D4A00000F08AF90090009800B238BD38B5044603
:10D4B0000D4641F612022946204600F07DF9009003
:10D4C000009800B238BD38B504460D4641F6130247
:10D4D0002946204600F070F90090009800B238BD4F
:10D4E00038B504460D4641F613022946204600F0A1
:10D4F00063F90090009800B238BD38B504460D4677
:10D5000041F613022946204600F056F90090009893
:10D5100000B238BD38B504460D4641F6130229461F
:10D52000204600F049F90090009800B238BD38B5A7
:10D5300004460D4641F613022946204600F03CF908
:10D540000090009800B238BD38B504460D4641F64B
:10D5500013022946204600F02FF90090009800B2EF
:10D5600038BD38B504460D4641F61302294620461B
:10D5700000F022F90090009800B238BD38B504469A
:10D580000D4641F613022946204600F015F9009099
:10D59000009800B238BD38B504460D4641F6130276
:10D5A0002946204600F008F90090009800B238BDE6
:10D5B00038B504460D4641F613022946204600F0D0
:10D5C000FBF80090009800B238BD38B504460D460F
:10D5D00041F613022946204600F0EEF8009000982C
:10D5E00000B238BD38B504460D4641F6130229464F
:10D5F000204600F0E1F80090009800B238BD38B540
:10D6000004460D4641F614022946204600F0D4F89F
:10D610000090009800B238BD38B504460D4641F67A
:10D6200014022946204600F0C7F80090009800B286
:10D6300038BD38B504460D4641F614022946204649
:10D6400000F0BAF80090009800B238BD38B5044632
:10D650000D4641F610022946204600F0ADF8009034
:10D66000009800B238BD38B504460D4641F61002A8
:10D670002946204600F0A0F80090009800B238BD7E
:10D6800038B504460D4641F610022946204600F002
:10D6900093F80090009800B238BD38B504460D46A6
:10D6A00041F610022946204600F086F800900098C6
:10D6B00000B238BD38B504460D4641F61002294681
:10D6C000204600F079F80090009800B238BD38B5D7
:10D6D00004460D4641F610022946204600F06CF83B
:10D6E0000090009800B238BD38B504460D4641F6AA
:10D6F00010022946204600F05FF80090009800B222
:10D7000038BD38B504460D4641F61002294620467C
:10D7100000F052F80090009800B238BD38B50446C9
:10D720000D4641F610022946204600F045F80090CB
:10D73000009800B238BD38B504460D4641F61002D7
:10D740002946204600F038F80090009800B238BD15
:10D7500038B504460D4641F610022946204600F031
:10D760002BF80090009800B238BD38B504460D463D
:10D7700041F610022946204600F01EF8009000985D
:10D7800000B238BD38B504460D4641F610022946B0
:10D79000204600F011F80090009800B238BD38B56E
:10D7A00004460D4641F610022946204600F004F8D2
:10D7B0000090009800B238BD2DE9F84305460E46AA
:10D7C0001446C4F38029C4F38038B8F1000F01D0A7
:10D7D00024F48044002714E06B4622463146284654
:10D7E000EEF78DF8074607B10DE0B9F1000F00D153
:10D7F00009E00EB1002604E02846FEF7B9FC054614
:10D8000000BF002DE8D100BF0FBB0EBB41F20100ED
:10D81000844202D0C01C84421AD128680AE041F236
:10D8200001018C4202D1818A19B105E0C18A01B19E
:10D8300002E000680028F2D100BF41F201018C42F1
:10D8400002D1B0F9141001E0B0F91610009103E014
:10D85000204604F0B5FA0090B8F1000F05D031462B
:10D860002846009AE1F792FE00900098BDE8F88300
:10D8700038B504460D46602229462046FFF79CFF36
:10D880000090009800B238BD38B504460D4640F609
:10D89000410229462046FFF78FFF0090009800B212
:10D8A00038BD38B504460D4640F6420229462046AA
:10D8B000FFF782FF0090009800B238BD38B50446EB
:10D8C0000D4640F6450229462046FFF775FF0090B9
:10D8D0000098C0B238BD38B504460D4640F6430244
:10D8E00029462046FFF768FF0090009800B238BD37
:10D8F00038B504460D464FF4046229462046FFF72A
:10D900005BFF0090009800B238BD38B504460D4664
:10D9100044F2574229462046FFF74EFF00900098F8
:10D9200038BD38B504460D4641F2594229462046D5
:10D93000FFF742FF0090009838BD38B504460D4609
:10D9400041F2594229462046FFF736FF00900098E1
:10D9500038BD38B504460D4641F2594229462046A5
:10D96000FFF72AFF0090009838BD38B504460D46F1
:10D9700041F2594229462046FFF71EFF00900098C9
:10D9800038BD38B504460D4641F259422946204675
:10D99000FFF712FF0090009838BD38B504460D46D9
:10D9A00041F2594229462046FFF706FF00900098B1
:10D9B00038BD38B504460D4641F259422946204645
:10D9C000FFF7FAFE0090009838BD38B504460D46C2
:10D9D00041F25A4229462046FFF7EEFE0090009899
:10D9E00000B238BD38B504460D4641F25A422946C8
:10D9F0002046FFF7E1FE0090009800B238BD38B530
:10DA000004460D4641F25A4229462046FFF7D4FE0D
:10DA10000090009800B238BD38B504460D4641F27A
:10DA20005B4229462046FFF7C7FE0090009800B2EF
:10DA300038BD38B504460D4641F25B4229462046C2
:10DA4000FFF7BAFE0090009800B238BD38B5044622
:10DA50000D4641F25B4229462046FFF7ADFE00909D
:10DA6000009800B238BD38B504460D4641F25B421D
:10DA700029462046FFF7A0FE0090009800B238BD6E
:10DA800038B504460D4641F25B4229462046FFF771
:10DA900093FE0090009800B238BD38B504460D469C
:10DAA00041F25B4229462046FFF786FE009000982F
:10DAB00000B238BD38B504460D4643F60F0229467C
:10DAC0002046FFF779FE0090009800B238BD38B5C7
:10DAD00004460D4640F60B0229462046FFF76CFE31
:10DAE0000090009800B238BD38B504460D4640F6A7
:10DAF0000B0229462046FFF75FFE0090009800B217
:10DB000038BD38B504460D4640F60A02294620467F
:10DB1000FFF752FE0090009800B238BD38B50446B9
:10DB20000D4640F60A0229462046FFF745FE0090C2
:10DB3000009800B238BD38B504460D4643F60E02D3
:10DB400029462046FFF738FE0090009800B238BD05
:10DB500038B504460D4641F2010229462046FFF73A
:10DB60002BFE0090009800B238BD38B504460D4633
:10DB700041F2010229462046FFF71EFE0090009860
:10DB800000B238BD38B504460D4641F201022946BF
:10DB90002046FFF711FE0090009800B238BD38B55E
:10DBA00004460D4641F2010229462046FFF704FED5
:10DBB0000090009800B238BD38B504460D4641F2D9
:10DBC000010229462046FFF7F7FD0090009800B2B9
:10DBD00038BD38B504460D4641F2070229462046B5
:10DBE000FFF7EAFD0090009800B238BD38B5044652
:10DBF0000D4641F2080229462046FFF7DDFD009060
:10DC0000009800B238BD10B5044600BF00BF04F153
:10DC10001400F1F746FB10BD70B5064600BF00BF0B
:10DC20003046FEF7A5FA0546ADB1B08AA98A401A7A
:10DC300004B22846FEF746FC204404B200212846E0
:10DC4000FFF7A5FB201A04B200212846FFF785F94B
:10DC5000201A04B201E0B6F91440204670BD70B538
:10DC6000064600BF00BF3046FEF782FA0546ADB15A
:10DC7000F18AE88A081A04B22846FEF72DFC2044EF
:10DC800004B200212846FFF7EEFC201A04B200215E
:10DC90002846FFF762F9201A04B201E0B6F91640EF
:10DCA000204670BD70B5044600BF00BF2046FFF798
:10DCB000D6FF05462046FEF70BFA284400B270BD99
:10DCC000024600BF00BFD0690840884201D1012050
:10DCD00070470020FCE7024600BF00BFD069084043
:10DCE00008B1012070470020FCE7024600BF00BFDA
:10DCF000108C084008B1012070470020FCE77FB578
:10DD000006460D4602213046FFF7DAFF10B9002023
:10DD100004B070BD80213046FFF7E7FF08B1002056
:10DD2000F6E702A93046FEF7E6F80022294602A8E7
:10DD3000DEF71FFD04460CB90020E9E74FF48031FF
:10DD40003046FFF7BDFF58B1009501208DF8040063
:10DD50006A4611213046F7F7B9FF9DF80400D7E76E
:10DD60002046D5E72DE9FC4705460E46144600BF80
:10DD70004FF4056231462846FFF71EFD01900198D9
:10DD800000B26080608808B9BDE8FC8700BF5322FC
:10DD900031462846FFF710FD01900198C0B220736C
:10DDA000207B022800DCEFE731462846FFF7C4F964
:10DDB0000746FD2F03DA207B784300122073207B77
:10DDC000022800DCE0E700BF44F252023146284658
:10DDD000FFF7F2FC009000980190BDF8040020804D
:10DDE00000BF542231462846FFF7E6FC0190019817
:10DDF000A060A846B146512249464046FFF7DCFCE8
:10DE00000190019808B1012000E00020617B60F3DF
:10DE10008201617331462846FFF784F8617B60F325
:10DE20000101617300BFAFE72DE9FC4105460E46D5
:10DE3000144600BF462231462846FFF7BDFC01903C
:10DE40000198C0B2E072E07A022801DCBDE8FC81F2
:10DE500031462846FFF770F90746FD2F03DAE07ACE
:10DE600078430012E072E07A022800DCEEE700203E
:10DE700020804FF48070608000BF298BAA8A891AA5
:10DE8000491C09B2084601EBD0714910A18000BFBE
:10DE9000698BEA8A891A491C09B2084601EBD071DC
:10DEA0004910E18000BF482231462846FFF784FC34
:10DEB00001900198C0B2A072A07A00280CDD00BFCA
:10DEC00044F2470231462846FFF776FC009000985E
:10DED0000190BDF80400208131462846FFF722F862
:10DEE000207300BFB2E7F8B505460E46144600BFE2
:10DEF0004FF48B6231462846FFF75EFC0090009895
:10DF0000C0B2A076A07E022800DCF8BD31462846CB
:10DF1000FFF712F90746FD2F03DAA07E78430012BF
:10DF2000A076A07E022800DCEFE731462846FFF706
:10DF3000ECFC0090BDF80000A08100BF41F25A4205
:10DF400031462846FFF738FC0090009800B2A082C6
:10DF500000BF41F25B4231462846FFF72DFC00909E
:10DF6000009800B2608200BF40F25C423146284611
:10DF7000FFF722FC00900098A17F60F30201A177D7
:10DF800031462846FEF7CEFFA17F60F3C501A17799
:10DF900031462846FFF7C5FC206000BF41F25D42D4
:10DFA00031462846FFF708FC00900098C0B2207761
:10DFB00000BFAAE72DE9FC4705460E46144600BF00
:10DFC00040F6490231462846FFF7F6FB01900198DA
:10DFD00000B26080608808B9BDE8FC8700BF4E22AF
:10DFE00031462846FFF7E8FB01900198C0B2207245
:10DFF000207A022800DCEFE731462846FFF79CF83C
:10E000000746FD2F03DA207A784300122072207A27
:10E01000022800DCE0E700BF44F24D02314628460A
:10E02000FFF7CAFB009000980190BDF80400208023
:10E0300000BF4A2231462846FFF7BEFB01900198F7
:10E0400000B2A080A08848B100BF4B2231462846CC
:10E05000FFF7B2FB0190019800B2E080A846B146FC
:10E060004C2249464046FFF7A7FB0190019808B1B2
:10E07000012000E00020617A60F382016172607A21
:10E08000810861F3C300607231462846FEF74AFFFB
:10E09000617A60F30101617200BF9DE72DE9FC47E1
:10E0A00006460D46144600BF602229463046FFF75B
:10E0B00083FB0190019800B2208025B129463046AB
:10E0C000FFF73AF800E0FF20804629463046FFF788
:10E0D00033F80746022F02DDB8F1020F09DC0020F9
:10E0E000E07084F8220084F8360084F82A00BDE845
:10E0F000FC8729463046FEF715FFA070E07800281F
:10E1000070D000BF212229463046FFF755FB019011
:10E110000198C0B2E070E078022863DD29463046FD
:10E12000FEF7E8FE0190BDF80400A08000BF2622A3
:10E1300029463046FFF740FB019001988146B9F12E
:10E14000000F0AD099F8090000F0070028B10A2250
:10E150004946A01DFBF7E3FE43E000BF232229460A
:10E160003046FFF729FB01900198E17B60F3020143
:10E17000E173E07B00F0070038B329463046FEF734
:10E18000B9FE0190BDF80400E08000BF44F2220215
:10E1900029463046FFF710FB009000980190A01D23
:10E1A000BDF80410618100BF242229463046FFF7E4
:10E1B00003FB01900198207200BF252229463046BA
:10E1C000FFF7FAFA01900198207300BF2722294631
:10E1D0003046FFF7F1FA01900198E17B60F3C50149
:10E1E000E17300BF00BF41F2320229463046FFF71B
:10E1F000E3FA0190019800B22084208C60B394F877
:10E20000220048B300BF312229463046FFF7D4FA36
:10E2100001900198C0B284F8220094F822000228EC
:10E220001ADD00BF332229463046FFF7C5FA0190B8
:10E23000019894F8231060F3450184F8231000BF7F
:10E2400044F2300229463046FFF7B6FA00900098B3
:10E250000190BDF80400E08329463046FEF7A0FF98
:10E26000E084E08CF0B194F82A00D8B12946304619
:10E27000FEF77CFF84F82A0094F82A00022811DDBA
:10E2800029463046FEF77FFF208500BF44F23B025F
:10E2900029463046FFF790FA009000980190BDF8AB
:10E2A0000400A084A07E002851D000BF40F62802C0
:10E2B00029463046FFF780FA0190019820612069D5
:10E2C000002844D000BF292229463046FFF774FABF
:10E2D00001900198C0B2A076A07E022837DD2069A7
:10E2E000F9F71CFD02280DD129463046FFF719FB2E
:10E2F000606129463046FFF708FB0190BDF8040035
:10E30000208324E000BF44F22A0229463046FFF76A
:10E3100053FA009000980190BDF80400208300BFDC
:10E320002B2229463046FFF747FA01900198C0B2E8
:10E33000E076B146AA462C2251464846FFF73CFA01
:10E340000190019808B1012000E00020207794F8A6
:10E35000360080B329463046FFF7CAFAE085E08DE3
:10E3600048B394F83600022825DD29463046FFF7E9
:10E37000A5FA84F8360094F8360002281BDD2946F9
:10E380003046FFF781FA208629463046FFF789FAA2
:10E39000608629463046FFF79EFAA08600BF44F209
:10E3A000440229463046FFF707FA00900098019092
:10E3B000BDF80400A085B8F1FD0F02DA08FB07F0F4
:10E3C0000712FD2F17DA173414F8140C78430012D3
:10E3D00004F8140CE07878430012E070E07A784397
:10E3E0000012E072E07F78430012E077E07C78432F
:10E3F0000012E074173C00BF79E67CB5054600BF0B
:10E4000000BF03E02846FDF7B3FE05462846FDF7AA
:10E41000AFFE30B14FF400212846FFF751FC002831
:10E42000F0D12846DFF725FD044605F114016846C2
:10E43000F0F75CFEBDF80000001B00B2ADF8000074
:10E44000BDF80200001B00B2ADF80200BDF80400E8
:10E45000204400B2ADF80400BDF80600204400B22C
:10E46000ADF806006946284600F001F87CBD2DE9AC
:10E47000FC4105460E4600BF00BF31466846F0F736
:10E4800035FE69462846FCF7E9FD044634B12846C6
:10E49000FDF7D4FD07466946DFF77DFBBDE8FC814B
:10E4A0000246116800E0096821B1087E00F003000F
:10E4B0000028F8D009B900207047087E00F003005A
:10E4C000012800D1F8E70020F6E70246116800E0D5
:10E4D000096821B1087EC0F381000028F8D009B98D
:10E4E00000207047087EC0F38100012800D1F8E7C2
:10E4F0000020F6E770B506460B493046FFF7EBFB08
:10E5000008B1002070BD3046FDF732FE04460CB95C
:10E510000020F7E700212046FEF7CDFD05460DB1AE
:10E520000120EFE70020EDE7010006007CB505467D
:10E5300000BF00BF2846DFF79CFC044605F114012C
:10E540006846F0F7D3FDBDF80000001B00B2ADF83F
:10E550000000BDF80200001B00B2ADF80200BDF8DB
:10E560000400204400B2ADF80400BDF806002044C9
:10E5700000B2ADF8060069462846FCF76FFD7CBD89
:10E5800070B50446608C20F00100401C6084204679
:10E59000FDF7F6FD0546688C20F00200801C6884BB
:10E5A0002846FDF74BFD0646706810B1706805F00F
:10E5B000C5FB70BD2DE9F04780460D4616469946CD
:10E5C0004046FDF78EFC8246002726E0D8F808007A
:10E5D000006850F82740B9F1000F06D04FF48021B1
:10E5E0002046FFF76DFB00B116E0A08A284400B278
:10E5F000A082E08A304401B2E182208B284401B23B
:10E600002183608B304401B2618300233246294666
:10E610002046FFF7CFFF00BF7F1C5745D6D3BDE88C
:10E62000F0872DE9F04F85B004460E461746656821
:10E63000002D34D000212846FEF7A9FE8246002195
:10E640002846FFF710F883464FF480212046FFF755
:10E6500037FB40B1A88A5044304406B2E88A584497
:10E66000384407B20FE02846FDF72CFFA98A514431
:10E67000081A304406B22846FDF72EFFE98A5944AD
:10E68000081A384407B200212846FEF766FC814686
:10E6900006EB090006B207EB090007B200BFA08A2B
:10E6A000301A00B2ADF81000E08A381A00B2ADF8A6
:10E6B0001200BDF8100028B9BDF8120010B905B05D
:10E6C000BDE8F08F2046FFF798FE02A92046FDF72F
:10E6D000A9FC4FF000087DB169462846FDF72EFCE5
:10E6E0000022694602A8DDF76EFF8046B8F1000FF0
:10E6F00002D1284600F062FFA08ABDF8101008443D
:10E7000000B2A082E08ABDF81210084401B2E18292
:10E71000208BBDF81010084401B22183608BBDF836
:10E720001210084401B26183BDF91220BDF9101026
:10E7300000232046FFF73EFF25B12246222128462E
:10E74000F7F7C4FA2046FFF758FE9DB1002269464C
:10E7500004F11400DDF737FF8146B8F1000F05D151
:10E76000B8F1000F05D1B9F1000F02D0284600F032
:10E7700025FF00BF00BFA2E72DE9F04180460C460F
:10E7800000BF00BF002C06DA4046FDF7F1FC024650
:10E79000FDF7A7FB04444046FDF7A3FC07464046AF
:10E7A000FDF7E6FC0646002C01DABDE8F0813046B4
:10E7B000FDF797FBA04200DCF7E7BC4200D1F4E78D
:10E7C0003D46BC420DDA09E0B0680168681E51F8A8
:10E7D0002000B168096841F825006D1EA542F3DCF0
:10E7E0000CE009E0B0680168681C51F82000B168CD
:10E7F000096841F825006D1CA542F3DBB06800688C
:10E8000040F82480002222213046F7F75FFA304694
:10E81000FFF7F3FD00BFC8E72DE9F04107460E46BC
:10E820003846FDF73BFEC8B93846FDF741FE0546C0
:10E830003846FDF7B5FC0446002C0EDA002D0CDD41
:10E840006042854201DA284600E0604204B2334665
:10E8500022460021384600F009FD00BF3846FDF78A
:10E8600013FE88BB3846FDF729FD04463846FDF700
:10E870009DFD054600213846FEF7EEFA012811D02D
:10E88000002D20DA002C1EDD6842844201DA204689
:10E8900000E0684205B2334600222946384600F0BF
:10E8A000E5FC10E0002C0EDA002D0CDD6042854204
:10E8B00001DA284600E0604205B2334600222146D4
:10E8C000384600F0D3FC00BFBDE8F0812DE9F14FE0
:10E8D00086B00698FFF70EFE10B107B0BDE8F08FC6
:10E8E0000698FDF745FC059000210698FFF771F9A1
:10E8F000054600210698FFF779F90446059828B9DE
:10E90000224629460698FFF78CFEE6E70598FDF7B4
:10E910006AFB80460598FDF747FB064605F4C040B4
:10E92000B0F5005F01D1012000E0002030B125F4F6
:10E93000C040B0F5FA6F01DC012000E0002088B192
:10E9400025F4C040B0F57A7F04DD25F4C040C0F561
:10E950007A7001E025F4C04000FB08F0642190FBD0
:10E96000F1F005B204F4C040B0F5005F01D1012020
:10E9700000E0002030B124F4C040B0F5FA6F01DCB3
:10E98000012000E0002080B124F4C040B0F57A7F7F
:10E9900004DD24F4C040C0F57A7001E024F4C040E6
:10E9A0007043642190FBF1F004B2069802900020BD
:10E9B000039043F20C02DDE90201FEF7FDFE019037
:10E9C00001980FFA80FA00BF069802900020039089
:10E9D00043F20D02DDE90201FEF7EEFE019001981F
:10E9E0000FFA80FB00BF0698FFF70DF981460698E5
:10E9F000FDF76EFB07460AF4C040B0F5005F01D199
:10EA0000012000E0002030B12AF4C040B0F5FA6FD8
:10EA100001DC012000E0002090B12AF4C040B0F5F4
:10EA20007A7F04DD2AF4C040C0F57A7001E02AF450
:10EA3000C04000FB09F0642190FBF1F00FFA80FA6E
:10EA40000BF4C040B0F5005F01D1012000E00020D0
:10EA500030B12BF4C040B0F5FA6F01DC012000E0CA
:10EA6000002088B12BF4C040B0F57A7F04DD2BF490
:10EA7000C040C0F57A7001E02BF4C04078436421B7
:10EA800090FBF1F00FFA80FB05EB0A0005B204EBF6
:10EA90000B0004B200210698FEF790F90490049848
:10EAA00050B900210598FEF7CAF9012802D10320C8
:10EAB000049001E0012004900498012805D1224629
:10EAC00029460698FFF7ADFD6FE00498801E0828E0
:10EAD00064D2DFE800F00410212534153C4C414697
:10EAE00008EBD1725210484609EBD073A2EB6302D7
:10EAF0002A4415B253E0A8EB0900284405B24EE0C1
:10EB0000314606EBD1725210384607EBD073A2EBB8
:10EB10006302224414B242E0F01B204404B23EE0FF
:10EB2000414608EBD1725210484609EBD073A2EB74
:10EB300063022A4415B2F01B204404B22FE0A8EB74
:10EB40000900284405B2F01B204404B227E0A8EBDA
:10EB50000900284405B2314606EBD17252103846FE
:10EB600007EBD073A2EB6302224414B217E04146D4
:10EB700008EBD1725210484609EBD073A2EB630246
:10EB80002A4415B2314606EBD1725210384607EBD3
:10EB9000D073A2EB6302224414B200E000BF00BFB6
:10EBA000224629460698FFF73CFD00BF95E62DE971
:10EBB000F04F8DB0044600BF00BF608CC0F38020D2
:10EBC00038B1608CC0F3402018B100200DB0BDE812
:10EBD000F08F2046FDF7CCFA07460FB90020F5E785
:10EBE0002046FDF76BFB0C9000200B900A90608C88
:10EBF000C0F3802020B12046FFF705F8054680E0ED
:10EC000000212046FEF7A4FF054642F2D1718D4255
:10EC100001D1012000E000200B9005F4C040B0F5C8
:10EC2000005F01D1012000E0002030B125F4C04098
:10EC3000B0F5FA6F01DC012000E000200A903846B0
:10EC4000FDF7D1F981460B9820B12046E1F76CF928
:10EC5000054634E00A98F8B1788CC0F38020E0B91A
:10EC600000213846FEF774FF42F2D171884214D178
:10EC700000212046FEF771F9019000212046FEF7A1
:10EC800086FB0199084405B200212046FEF728FCC6
:10EC900001990844284405B211E025F4C040B0F5BC
:10ECA0007A7F04DD25F4C040C0F57A7001E025F4D8
:10ECB000C04000FB09F0642190FBF1F005B2002098
:10ECC000019041F2020220460199FEF775FD009085
:10ECD00000980FFA80FA00BF0020019041F2030271
:10ECE00020460199FEF768FD009000980FFA80FB1E
:10ECF00000BF4B465A4651462846F2F7A6F905464C
:10ED000000BF2046FDF7D4FB099000200890079033
:10ED1000608CC0F3402020B12046FDF7D9F90646AB
:10ED200080E000212046FEF785F9064642F2D171C7
:10ED30008E4201D1012000E00020089006F4C0407E
:10ED4000B0F5005F01D1012000E0002030B126F4D1
:10ED5000C040B0F5FA6F01DC012000E00020079010
:10ED60003846FDF721F98146089820B12046E1F7A1
:10ED70003FF8064634E00798F8B1788CC0F340209D
:10ED8000E0B900213846FEF755F942F2D1718842C8
:10ED900014D100212046FEF7E0F801900021204622
:10EDA000FEF761FC0199084406B200212046FEF7F7
:10EDB00011FA01990844304406B211E026F4C0402B
:10EDC000B0F57A7F04DD26F4C040C0F57A7001E02A
:10EDD00026F4C04000FB09F0642190FBF1F006B27C
:10EDE0000020019041F2050220460199FEF7E4FC63
:10EDF000009000980FFA80FA00BF0020019041F2C5
:10EE0000060220460199FEF7D7FC009000980FFA01
:10EE100080FB00BF4B465A4651463046F2F7BEF8DB
:10EE2000064600BF0B9808B9089828B10023204671
:10EE3000099A0C9900F05BFB2046FEF7E4FEA8421D
:10EE400006D12046FDF744F9B04201D10020BDE6CD
:10EE50002046FFF7D2FA05A92046FDF7E3F803A9FB
:10EE60003846FDF76BF8002203A905A8DDF7ABFBD8
:10EE70008046B8F1000F02D1384600F09FFBE08ACF
:10EE80003044401E01B2618300212046FDF7D7FFC8
:10EE9000012805D1208B401B401C00B2A08204E059
:10EEA000A08A2844401E01B2218305AA29212046B8
:10EEB000F6F70CFF224622213846F6F707FF2046D8
:10EEC000FFF79BFA00212046FFF7A6FC002203A9CA
:10EED00004F11400DDF777FB0290B8F1000F04D1C4
:10EEE000B8F1000F04D1029810B1384600F066FB6B
:10EEF00001206BE638B5044600BF00BF2046DEF7B0
:10EF0000B8FF0546002000906A4613212046F6F718
:10EF1000DDFEBDF90000A84202D02046FFF76DFAE1
:10EF2000A06820B1BDF90000A168C88209E0BDF861
:10EF3000000030B12046FCF765F8BDF90000A1687B
:10EF4000C882BDF90000A84202D02046FFF755FA5A
:10EF500038BD70B5044600212046FEF7F9FD054690
:10EF600000212046FEF766F8064642F2D17085423F
:10EF700003D0864201D0002070BD2046FFF700FB81
:10EF80000120F9E72DE9F84306460F46144600BF75
:10EF900000BF3848007808B9BDE8F8833046FFF76D
:10EFA0002CFA384600F039FF054604F4805040B38F
:10EFB000B5F5702F1DD0E5B14FF0000841F2040205
:10EFC00041463046FEF7F8FB0090009800B242F24E
:10EFD000D17188420DD000BF41F201024146304656
:10EFE000FEF7EAFB0090009800B242F2D17188422D
:10EFF00007D100222A213046F6F768FE3046FFF797
:10F00000BFFAB5F5702F00D08DB94FF6FF7084426E
:10F0100002D004F4005050B13046FDF7A9F8804604
:10F02000B8F1000F02D04046FFF7AAFA00BF4FF632
:10F03000FF70844202D004F4006010B13046FFF744
:10F0400059FF3046FFF7D9F94FF6FF70844208D0D8
:10F0500004F4806058B104F4006010B904F48050E6
:10F0600028B1B5F5803F02D0304607F092FC00BFD2
:10F0700092E70000E10000242DE9F04105460F462B
:10F08000164600BF00BF002410E0E86800EBC40093
:10F090004068C0F3006040B1E86800EBC40040681D
:10F0A00020F07F40B04200D105E0641C688CC0F3C2
:10F0B000C500A042E9D800BF688CC0F3C500A042DB
:10F0C00002D10020BDE8F081E96851F834003946EA
:10F0D00002F022FFF6E72DE9FE4F04460E46914668
:10F0E000484600F09EFE8246484600F096FE804666
:10F0F0004FF6FF7002901EB1F07908B9002002901F
:10F100000025AB4674E0E16801EBC501496821F0D8
:10F110007F4000F086FE0190E16801EBC50149687F
:10F1200021F07F4000F079FE00904FF6FF7082459D
:10F1300002D0019850450BD1B8F5702F02D000983D
:10F14000404505D136B1E06850F83500B04201D0F5
:10F150006D1C4DE0E06800EBC5004068C0F3406006
:10F1600030B100234FF6FF72414620460BF04CFDB4
:10F17000E06800EBC5004068C0F3006030B9E068AB
:10F1800000EBC5004068C0F3406068B1E16851F829
:10F19000350002F046FFE16851F83500FAF736FE17
:10F1A0000020E16841F835002F4609E0E06800EBF7
:10F1B000C7010246781C02EBC00205CA05C17F1CCC
:10F1C000608CC0F3C500401EB842EFD8608CC00808
:10F1D000401E618C60F3C8016184628CC2F3C50279
:10F1E000D100E068FAF766FEE0604FF0010B00BF67
:10F1F000608CC0F3C500A84285D8BBF1000F06D0D3
:10F20000029820B141462046029AFFF7BBFEBDE8B6
:10F21000FE8F000010B50446024A00212046FFF789
:10F220005AFF10BDFFFF0F0070B506460E4800786C
:10F2300000B970BD0020F2F757FF044610E000252A
:10F2400006E0E06850F82510304607F0C2FC6D1C5F
:10F25000606AA842F5D82046F2F746FF044600BF90
:10F26000002CECD100BFE4E7E10000242DE9F04FD1
:10F2700091B005460C4616469A461CB916B911B00F
:10F28000BDE8F08FBAF1010F7ED12846FCF7D6FE1B
:10F2900010906846EFF7ECF800BF009500BF4E48AD
:10F2A000039000BF002C38D01098F2F7E7FE40F32F
:10F2B0005D0B224600215846EFF7A0F90746C82FFC
:10F2C00000D2C827B7F5C87F01D94FF4C8773946AF
:10F2D0006846EFF76BF92846FDF7F4F88046C8F169
:10F2E00000000219C8F100016846EFF76BF93B49CD
:10F2F0006846EFF743F93A496846EFF749F96A4635
:10F3000009212846F6F7E2FC8146B9F1010F00D049
:10F31000B5E76846EFF784F900BF002E39D01098A2
:10F32000F2F712FF40F35D0B324600215846EFF72B
:10F3300065F90746C82F00D2C827B7F5C87F01D99D
:10F340004FF4C87739466846EFF730F92846FDF79D
:10F35000C3F88046C8F100008219C8F10001684670
:10F36000EFF730F91F496846EFF708F91C4968467E
:10F37000EFF70EF96A4609212846F6F7A7FC814601
:10F38000B9F1010F01D07AE704E06846EFF748F9D8
:10F3900000BF1EE013492846EFF722F807460F4941
:10F3A0002846EFF71DF8804632462146284607F0EA
:10F3B0003BFE17B9B8F1000F0AD000220A212846F7
:10F3C000F6F784FC8146B9F1010F00D057E700BF82
:10F3D00000BF00BF53E70000976C03086571030886
:10F3E000EBE40108817103082DE9FF5F0E46174623
:10F3F00016B90FB9BDE8FF9F009800F015FD009801
:10F40000FDF760F840420FFA80F808EB060004B2FE
:10F4100000210098FDF720FD01281BD0002C00DD05
:10F420000024002C2EDA0098FCF748FF8346009851
:10F43000FCF7BCFF58440FFA80FABAF1000F01DA6A
:10F440004FF0000ACAF10000844202DACAF100005B
:10F4500004B217E0002C00DA0024002C12DD009822
:10F46000FCF72CFF83460098FCF7A0FF58440FFAE6
:10F4700080FABAF1000F01DA4FF0000A544500DDBE
:10F48000544600BF0098FDF727F840420FFA80F974
:10F4900009EB070005B2002D00DD0025002D16DA6E
:10F4A0000098FDF705F883460098FCF779FE58446C
:10F4B0000FFA80FABAF1000F01DA4FF0000ACAF130
:10F4C0000000854202DACAF1000005B200BFA4EBD9
:10F4D000080006B2A5EB090007B206B92FB13A46FB
:10F4E0003146039B0098FFF7C1FE00BF82E72DE97C
:10F4F000F04106460F4614461D462A463946304618
:10F5000000F024F82A462146304600F03BF8BDE8DA
:10F51000F081F8B504460E46204600F085FC002038
:10F52000009027463846FCF723FE05460BE033469D
:10F530006A46394604F1140007F0C0FB2F462846FE
:10F54000FCF716FE0546002DF1D1F8BD2DE9F0417E
:10F5500006460C4615460A493046EEF741FF30464E
:10F56000FCF7B0FF0746604238440FFA80F82B469C
:10F57000002241463046FFF737FFBDE8F08100002A
:10F58000657103082DE9F04106460C4615460A4907
:10F590003046EEF725FF3046FCF79EFF07466042F7
:10F5A00038440FFA80F82B46424600213046FFF7D8
:10F5B0001BFFBDE8F0810000817103081FB5044600
:10F5C0006A4602A92046FCF791FF02A8EFF751FE18
:10F5D00020B96846EFF74DFE00B91FBD02A8EFF74E
:10F5E00048FE18B102A92046FEF741FF6846EFF732
:10F5F00040FE18B169462046FEF739FF00BFECE730
:10F6000070B504460D4600222946204600F06CFAEB
:10F6100070BD70B504460D4600BF00BF2046FBF725
:10F62000F1FCA068858270BD2DE9F04106460F46C9
:10F6300014461D4600223946304600F0C9FA002221
:10F640002146304600F094FA00222946304600F068
:10F65000CFFA0448008881B20022304600F0E5FA73
:10F66000BDE8F0810801002470B504460D46002273
:10F670002946204600F08CFA0348008881B2002217
:10F68000204600F0D2FA70BD0801002470B504468F
:10F690000D4600222946204600F08AFA2046FCF753
:10F6A00067FD0646FEF76CFF70BDF8B506460D46D1
:10F6B00000BF00BF00236A4641F204013046FCF758
:10F6C0002FFD0446012C02D10098A84200D124B994
:10F6D00000222946304600F09BFAF8BD70B5054679
:10F6E0000C4600BF00BFA1B20022284600F09DFAE0
:10F6F0002846FEF745FF70BD2DE9FF4106460C4642
:10F700001D4629463046EBF747FF07462146384657
:10F71000029A02F02CFE224629463046FFF732FCC0
:10F72000BDE8FF812DE9F04106460D4600BF00BF50
:10F7300000BF00BF706818B900BF00BFBDE8F0810E
:10F7400015B900BF00BFF9E73046FEF756FE284660
:10F75000FBF758FC74683046FCF7C3FC074609E029
:10F76000A0680168781C51F82000A168096841F878
:10F7700027007F1C2046FCF7B4FB801EB842EFDA5E
:10F78000A0684068401EA1684860A068406848B111
:10F79000A26852689100A2681068FAF78BFBA16812
:10F7A000086006E0A1680868FAF730FB0020A1684D
:10F7B0000860A8684068401CA9684860AA68526848
:10F7C0009100AA681068FAF775FBA96808602846D6
:10F7D000FCF787FB401EA968096841F82060756046
:10F7E00000212046FFF718F82046FFF7E7FE3246D3
:10F7F00022212046F6F76AFA002224212046F6F755
:10F8000065FA324622212846F6F760FA00222321C3
:10F810002846F6F75BFA3046FEF7B2FE3046FEF7B2
:10F82000ECFD00BF8AE770B505460E46144600BFE2
:10F8300000BF3146284600F0BEFA2146284600F0B7
:10F84000D3FA70BD70B505460C462846FBF7DAFBC7
:10F85000A868407E00F00F00A04201D0A9684C7655
:10F8600070BD70B504460D462046FBF7CBFBA06883
:10F87000007E65F38300A168087670BD70B504460C
:10F880000D462046FBF7BEFBA068007E65F3051021
:10F89000A168087670BD70B504460D4600BF00BF74
:10F8A0002046FBF7AFFBA068007E00F00300A842F3
:10F8B00000D170BDA068007E65F30100A1680876E4
:10F8C0002046FEF79AFD00BFF3E770B505460E46E9
:10F8D000144600BF00BF3146284600F053FA2146C7
:10F8E0002846FFF7E2FE70BD2DE9F04F89B00746CC
:10F8F0008946388C484502D109B0BDE8F08F00BF79
:10F9000000BF388C0890A7F820904A4638460899DE
:10F91000DEF790FB8246BAF1000F00D1ECE74FF41E
:10F920002070FAF7DFF905464FF420712846FAF700
:10F9300084FC0024002697E0F86800EBC6000790DE
:10F94000F96801EBC601496821F07F4000F069FACF
:10F950000690F96801EBC601496821F07F4000F08C
:10F960005CFA0590069820EA090000B17BE0079850
:10F970004068C0F3406000B175E0079904AA0868C8
:10F98000672102F097F900B96DE0DDF810804FF0C3
:10F99000000B60E00020039026E0039800EB80005D
:10F9A00005EB800040680290029800F03AFA01905E
:10F9B000029800F032FA0090D8F8000030F81B10DE
:10F9C000039800EB800005EB80000089814208D19C
:10F9D00005990098884204D106990198884200DB75
:10F9E00005E00398401C03900398A042D5D300BFC4
:10F9F0000398A0422DD1B8F80C0004EB840125F83F
:10FA00002100B8F8100004EB840105EB8101488067
:10FA100004EB840105EB8101D8F80800C860D8F830
:10FA2000000030F81B0004EB840105EB8101088124
:10FA300004EB840105EB8101D8F804000861079804
:10FA4000406820F07F4004EB840105EB81014860B1
:10FA5000641C0BF1010BD8F8000030F81B0008B152
:10FA6000202C97D300BF761C788CC0F3C500B04221
:10FA700002D9202CFFF460AF002613E006EB8601CC
:10FA800005EB8101486800F0C8F9804606EB860066
:10FA900005EB80004B46009041463846089ADEF759
:10FAA000F1F9761CA642E9D32846FAF797F9BAF19C
:10FAB000010F03D13846FEF7A0FC13E0BAF1030FA3
:10FAC00007D14FF6FF724FF470213846FFF75AFA0C
:10FAD00008E0BAF1020F05D13846FEF78EFC384631
:10FAE000FFF708FA00BF07E7F8B506460C461546CB
:10FAF00000942B4641F209013046009AFFF7FCFDC5
:10FB0000F8BDF8B506460C46154600942B4641F262
:10FB10006A413046009AFFF7EFFDF8BD37B582B075
:10FB200005461446BDF80C00ADF80400234620211C
:10FB30002846019AFFF7E0FD05B030BDF8B506464E
:10FB40000C46154600942B4640F628013046009A94
:10FB5000FFF7D2FDF8BDF8B506460C4615460094F1
:10FB60002B4621213046009AFFF7C6FDF8BD000064
:10FB7000F8B506460C46154600942B460348018806
:10FB80003046009AFFF7B8FDF8BD000010010024D0
:10FB9000F8B506460C46154600942B4603480188E6
:10FBA0003046009AFFF7A8FDF8BD00000C010024C4
:10FBB000F8B506460C46154600942B4603480188C6
:10FBC0003046009AFFF798FDF8BD000014010024AC
:10FBD000F8B506460C46154600942B4603480188A6
:10FBE0003046009AFFF788FDF8BD00000E010024A2
:10FBF000F8B506460C46154600942B460348018886
:10FC00003046009AFFF778FDF8BD0000120100248D
:10FC1000F8B506460C46154600942B4641F2040101
:10FC20003046009AFFF768FDF8BDF8B506460C4669
:10FC3000154600942B4641F269013046009AFFF7C1
:10FC40005BFDF8BDF8B506460C46154600942B46FC
:10FC500041F202013046009AFFF74EFDF8BDF8B5BB
:10FC600006460C46154600942B4640F2624130464B
:10FC7000009AFFF741FDF8BDF8B506460C4615465B
:10FC800000942B4641F611013046009AFFF734FDEF
:10FC9000F8BDF8B506460C46154600942B4641F6CD
:10FCA00012013046009AFFF727FDF8BDF8B5064669
:10FCB0000C46154600942B4641F613013046009A37
:10FCC000FFF71AFDF8BDF8B506460C461546009438
:10FCD0002B4641F610013046009AFFF70DFDF8BDA6
:10FCE000F8B506460C46154600942B4641F25D4198
:10FCF0003046009AFFF700FDF8BD37B582B00546E3
:10FD00001446BDF80C00ADF80400234640F25741FC
:10FD10002846019AFFF7F0FC05B030BDF8B506465D
:10FD20000C46154600942B4641F259413046009A44
:10FD3000FFF7E2FCF8BDF8B506460C461546009400
:10FD40002B4641F201013046009AFFF7D5FCF8BD81
:10FD5000F8B506460C46154600942B4641F20701BD
:10FD60003046009AFFF7C8FCF8BDF8B506460C46C9
:10FD7000154600942B4641F208013046009AFFF7E1
:10FD8000BBFCF8BDF8B506460D4600BF00BF00231A
:10FD90006A4641F201013046FCF7C2F90446012CE3
:10FDA00002D10098A84200D124B900222946304649
:10FDB000FFF7C1FFF8BDF8B506460D4600BF00BF0E
:10FDC00000236A4641F207013046FCF7A9F90446D0
:10FDD000012C02D10098A84200D124B90022294662
:10FDE0003046FFF7B5FFF8BDF8B506460D4600BF33
:10FDF00000BF00236A4641F208013046FCF790F943
:10FE00000446012C02D10098A84200D124B9002256
:10FE100029463046FFF7A9FFF8BD014601F47F00EF
:10FE20007047014688B2704770B5054611480078A2
:10FE300010B100BF00BF70BD01200E4908702846F8
:10FE4000FCF79EF904460AE000BF00BF608C20F07A
:10FE5000020060842046EDF7C9FF00BF00BF94F8A0
:10FE60002200C0F340000028EED10249087000BF14
:10FE7000E1E70000E00000243EB505460C46132DE6
:10FE800008DB00BF00BFF1F776F90290BDF808105B
:10FE900008463EBD0CB1042C08DD00BF00BFF1F7E1
:10FEA0006AF90190BDF804100846F2E7601EC4B27A
:10FEB000054800EBC50000EB440000880090BDF849
:10FEC00000100846E5E70000D4BE04083EB505462C
:10FED0000C46132D08DB00BF00BFF1F74CF9029070
:10FEE000BDF8081008463EBD0CB1052C08DD00BF6A
:10FEF00000BFF1F740F90190BDF804100846F2E7A1
:10FF0000601EC4B205EB8500054901EB400000EB23
:10FF1000440000880090BDF800100846E3E70000A8
:10FF200016BE04081CB50446132C08DB00BF00BF36
:10FF3000F1F721F90190BDF8041008461CBD0448F2
:10FF400000EB440000880090BDF800100846F5E77B
:10FF5000F0BD04080146002904DAC1F57A7040F4C6
:10FF6000005001E041F4005000B270472DE9F04725
:10FF70000246B2F90490B2F900A0A9EB0A0000EB26
:10FF8000D0794FEA69090FFA89F31088184405B24D
:10FF90005088184406B20888401B07B24888801B66
:10FFA00004B213FB03FC17FB07F014FB0408E04545
:10FFB00002D80120BDE8F0870020FBE710B5E1F78B
:10FFC000DDF94FF416230F4802680F4801680F4807
:10FFD000F1F733FF0E48F1F741FF4FF480600C4911
:10FFE00008804FF4167048800A4848610748C86086
:10FFF0000846006920F00200801C08610846F1F7FD
:020000040803EF
:1000000067FF10BDB0000024AC000024A809002444
:10001000C40900246513010810B50AF04FFC074815
:10002000F7F795FE01200549087005484860084625
:10003000F7F7A2FE0349086010BD0000100A002473
:10004000DDA80308B4000024F0B503460C460120E7
:10005000002113E002F001053DB10546A5FB037C3C
:1000600001FB03C600FB0461384652101E46A6FB86
:10007000067C04FB06CC04FB03C43B46002AE9D102
:10008000F0BD00002DE9F04F87B0054673480068C9
:100090000068846B714800680068C06880682060F0
:1000A0006E4800680068007CC0F3400038B96B48B7
:1000B00000680068007C00F00100002849D0674813
:1000C0000068F2F741F8401E0FFA80FA63480068B2
:1000D000F1F7D4FF401E0FFA80FB5B460022114669
:1000E00001A8CDF800A0EFF775F901A860605B48A2
:1000F00000680068007CC0F3400090B15748006879
:100100000068C068806920F00200801C53490968BB
:100110000968C968886101A8A060204600F0A0F8BD
:1001200014E04E4800680068C06880694B4909685F
:100130000968C968896960F3410148480068006836
:10014000C0688161A560204600F08AF807B0BDE86C
:10015000F08F2846EFF7ACF806902846EFF72EF818
:1001600005903E480068F1F7EFFFB5F906108842A8
:1001700005DC3A480068F1F7E7FF401E01E0B5F9F9
:10018000060006B23548DDE905210068EBF788FA7C
:1001900080464FF00009B5F9027033E02888ADF8C9
:1001A0000C00A888ADF81000ADF80E7007EB080041
:1001B000401E00B2ADF8120003A86060A06027489E
:1001C00000680068C06880682060BDF91200B04215
:1001D00001DDADF81260BDF912904E450CD11F48FB
:1001E00000680068C068806920F00200801C1B491C
:1001F00009680968C9688861204600F031F807EB92
:10020000080007B207EB0800401EB042C6DD4E45AD
:1002100022D02888ADF80C00A888ADF81000ADF801
:100220000E70ADF8126003A86060A0600B48006813
:100230000068C06880682060084800680068C0687E
:10024000806920F00200801C044909680968C968B7
:100250008861204600F004F800BF77E7E80000243A
:100260002DE9F0418EB0044666480068F1F702FFC0
:100270000646306890B1706880B90CE0614800684B
:100280000068806A38B15F4A126810685D4A126877
:100290001268916A884730690028EFD1002700254D
:1002A00058480068F1F72EFF80464146606800F02C
:1002B00023F9074653480068406930B1514A126833
:1002C0005169606800F018F90546002F66D1002DCD
:1002D00064D1A06AE8B16846F3F730FE4948006887
:1002E000C06A04904748006890F829008DF81A0009
:1002F00044480068408DADF804004248006890F81A
:1003000029008DF8030069462046A36A6268984771
:1003100044E03C480068C06A60B33A490968C86A6A
:100320000DA9F7F7A3F98046B8F1010F1FD10121FC
:100330000D98C1EB505000900D98C0F38A20431ED9
:10034000002211460BA8EFF745F805A8F2F719FAB5
:100350002C48006890F829008DF81F002948006893
:100360000BAA05A9C36A2046F2F7BCF901E000BF59
:1003700000BF13E06846F3F7E1FD22480068408DB6
:10038000ADF804001F48006890F829008DF80300BC
:10039000694620466268F3F7B5FD00BF194800685A
:1003A000406938B115B917480068456929462046A3
:1003B00000F0C0F917B913480068076939462046AC
:1003C00000F0B8F90F480068F1F780FE804641461A
:1003D000204600F0AFF90B480068F1F76AFE80464E
:1003E0004146204600F0A6F9064800680068007CF7
:1003F000C0F3400018B903480068E2F7BFF80EB038
:10040000BDE8F081E800002470B50020384908609C
:1004100038480068B0F8500100B970BD0025354873
:100420000068B0F85001441E08E03248006800F54A
:100430009870005D08B9254602E0641E002CF4DACD
:1004400000BF2C4800680068C068806920F0010087
:10045000284909680968C9688861264800680068F1
:10046000C068806920F00200224909680968C968EB
:100470008861002434E01F48006800F59870005D32
:1004800068BBAC420CD11B4800680068C06880693A
:1004900020F00100401C174909680968C968886193
:1004A000144800680068C068806920F002001149A3
:1004B00009680968C96888610E490968303101EB2B
:1004C000C400FFF7DFFD0B490968303101EBC400C0
:1004D000EEF7CFFE06490968084405490860641C28
:1004E00004480068B0F85001A042C4DC00BF94E7A3
:1004F000E4000024E80000242DE9FC4780460C4677
:100500000026002204F114014046DCF75CF880B3B9
:1005100001212046FDF7D4FB58BB00208DF80000D8
:10052000CDF804806A4612212046F5F7CFFB9DF8EE
:100530000000022802D10020BDE8FC872046FBF71E
:10054000D0FC074600250BE0A068006850F8259015
:1005500049464046FFF7D0FF064606B102E06D1C53
:10056000BD42F1D300BF1EB99DF8000000B9264678
:1005700000BF3046E0E700002DE9FC4100255AE0CD
:100580003148006800F59870405D00B152E00024E9
:1005900049E02D48006800F59870005D08B9A54253
:1005A00000D13FE0284A1268303202EBC401264AEB
:1005B0001268303202EBC500DCF763F800B931E0B5
:1005C00021480068303000EBC4021F48006830301A
:1005D00000EBC5016846DCF795F96846EEF749FE81
:1005E000064619490968303101EBC500EEF741FEB6
:1005F000074615490968303101EBC400EEF739FEB2
:10060000384486420DD210490968303101EBC500EB
:100610006946EEF774FD01210B48006800F59870FB
:10062000015500BF641C08480068B0F85001A042A2
:10063000AFD800BF6D1C04480068B0F85001A84254
:100640009ED8BDE8FC810000E80000242DE9F04FB1
:1006500087B004460D4601212846FDF731FB10B155
:1006600007B0BDE8F08FA66803A92846FBF7DAFCBF
:100670002846DDF7FEFB83465A46594603A8EEF7A7
:1006800087FE03AA314605A8DBF75CFF00B9E7E760
:1006900005A8A060224614212846F5F717FB22463C
:1006A00015212846F5F712FB224616212846F5F7B4
:1006B0000DFB4FF001084FF400212846FDF700FB29
:1006C00020B1306801907068029008E005F11402D2
:1006D000314601A8DBF736FF08B94FF00008B8F142
:1006E000000F13D001A8A0602846FBF7FAFB814653
:1006F000002708E0A868006850F827A05146204667
:10070000FFF7A4FF7F1C4F45F4D300BF05A8A060EE
:10071000224617212846F5F7D9FA224618212846FD
:10072000F5F7D4FA224619212846F5F7CFFAA66044
:1007300000BF95E72DE9F05F07460C4624B9234832
:100740000068F1F7DFFC04460CB9BDE8F09F2146D4
:100750003846FFF77BFFA0462046FBF709FD05461C
:100760002FE04FF0000A2846FBF7BBFB834600262C
:1007700010E0A868006850F82690BAF1000F04D184
:10078000C14506D14FF0010A03E049463846FFF75C
:100790005DFF761C5E45ECD33A4617212846F5F7F7
:1007A00095FA3A4618212846F5F790FA3A46192163
:1007B0002846F5F78BFAA8462846FBF7D9FC0546EC
:1007C00000BF002DCDD100BFBFE70000E80000242E
:1007D0002DE9F04107460C46254695F82A0020F001
:1007E000010085F82A000020A884E88428851021CB
:1007F0002046FAF729FE4FF400712046FAF724FE4E
:1008000000BF00BF21460848FAF76FFD0646304694
:10081000FAF7E0FD002205A1204600F057F900BFDD
:1008200000BFBDE8F081000058C104084F70746932
:100830006F6E20310A4F7074696F6E20320A4F70EC
:1008400074696F6E20330A4F7074696F6E20340ABA
:100850004F7074696F6E2035000000002DE9F84F6D
:10086000884641467248FBF7F9FA8146B9F1010F13
:1008700001D0BDE8F88F4046F5F7C1F9054640467E
:10088000F5F71EFA07463C462C2D08D14046F5F7F1
:1008900014FA06463846EBF746FA3080C5E02A2DB2
:1008A00011D13846EAF771FE064626B100222A2108
:1008B0003046F5F70BFA3846FEF74BFB0021384679
:1008C00005F03AFFB1E0292D04D10021384605F0AA
:1008D00033FFAAE0012D0BD1A06A20F40030A06202
:1008E0003846EAF752FE06465249EDF779FD9CE09C
:1008F000022D20D1F7F772FA824669465046F7F783
:10090000C9FABDF80200A8B13846EAF73EFE8346B0
:100910005846FDF7A4F9BDF80210084406B2314666
:100920005846FFF761FAA06A20F4003000F5003065
:10093000A06200BF79E0082D01D0032D03D1384615
:1009400006F048F871E00E2D22D13846FBF7B6FBD1
:1009500083465846F5F792FF0646F7F73FFA0090B0
:10096000F7F791FA8246BAF1040F0ED156B9E08C2E
:10097000218D88420BD0208DE0840121384605F07E
:10098000DBFE04E0E08C208501E0E08C20854CE07B
:100990000F2D0AD1E08C218D884246D0208DE08435
:1009A0000121384605F0C8FE3FE00D2D2CD1404610
:1009B000F5F783F90678132E01D0122E10D1E08CB2
:1009C000401CA18C88421EDAB4F828A0E08C401CA0
:1009D00081B20122384600F0F6F8A4F828A012E00F
:1009E000142E01D0112E0ED1E08C00280BDDB4F8AE
:1009F00028A0E08C401E81B20122384600F0E3F8C6
:100A0000A4F828A000BF10E0132D07D13846EAF75C
:100A1000BCFD06463046FEF76DFA06E0152D01D006
:100A2000182D02D14046E4F7C8FE00BF21E70000C0
:100A30003CC10408CD7303082DE9F05F0F4638462A
:100A4000F5F7DDF80446152C08D039461E48FBF7AB
:100A500005FA0546012D01D0BDE8F09F3846F5F7AF
:100A60002FF98246132C1DD13846F5F726F9064694
:100A70005046FBF77DFB83465846EBF754F980461A
:100A80005046FDF7C0F88146B6F90000A8EB090111
:100A9000884202DDB6F9000001E0A8EB090000B2CF
:100AA00030800EE0292C07D15046FBF761FB06464B
:100AB000002105F041FE04E0152C02D13846E3F791
:100AC000F7FA00BFC8E7000058C104082DE9F84F45
:100AD00005460E46934600BF00BF00BF1EB900BFCB
:100AE00000BF00BFFEE700BF2C462846EAF74DFDD9
:100AF00000900020E0842085A084804608E016F85D
:100B000008000A2802D1A08C401CA08408F101082A
:100B100016F808000028F2D1A08C401CA084BBF17C
:100B2000000F0AD194F82A0020F0010084F82A006E
:100B300031460098F8F76EFD3EE094F82A0020F068
:100B40000100401C84F82A003046CFF7C9FE00F1AE
:100B50000109C9EBC900F9F7C5F807464FF0000ACB
:100B60000FE009FB0A703146CFF796FE0A210AF121
:100B7000010009FB00F0401E39540AF1010000F0A9
:100B8000FF0ABAF1070FECDB0021C9EBC900401ED8
:100B9000395439460098F8F73DFD3846F9F71EF903
:100BA000A08C00EB4000E084A08CC0EBC000A084CF
:100BB0002846ECF7B1FA00BFE08C20850098FEF7DC
:100BC00099F9BDE8F88F2DE9F04105460E46174624
:100BD00000BF00BF2C4694F82A0000F0010070B15D
:100BE0003146E28C072392FBF3F290B210B1C0EBD6
:100BF000C002891AC0EBC0020A4496B200BFA08CA2
:100C0000B04201DD304601E0A08C401EE084E08C63
:100C100020853946284605F08FFDBDE8F08110B5E6
:100C2000F1F714FA0446F1F76DFA10BD2DE9F04F13
:100C3000A1B005460E4617469846DDF8A8A02846FE
:100C4000FBF7FCF90446FFF7EAFF8146A069F0B123
:100C5000A06948451BD0A069F1F791FA0021A0696D
:100C6000EDF7BEFB00221146A069FEF7DCFD002275
:100C700040F26241A069FEF7FFF994F8280000F005
:100C8000010010B14846FAF7B5FCD4F81890A561F8
:100C9000606948B194F8280000F0010020B1606953
:100CA000FAF7A8FC0020606184F828A000212846FB
:100CB000EDF796FBFFF7B3FF83460021EDF790FBBE
:100CC000002211462846FEF7AEFDFFF7A8FF834637
:100CD00000221146FEF7A7FD002240F2624128469D
:100CE000FEF7CAF9FFF79BFF8346002240F26241FC
:100CF000FEF7C2F911A8EDF7BBFB294611A8EDF7E5
:100D000075FC7948139000BF7848149000BF3946AD
:100D100011A8EDF749FC414611A8EDF727FC01A801
:100D2000EDF7A6FB01A82169EDF760FC394601A8A3
:100D3000EDF73AFC414601A8EDF718FC0A2E0FD258
:100D4000DFE806F0050F1D2C3A4965819DB9684919
:100D500011A8EDF711FC0022114611A8EDF72EFCA9
:100D6000B3E0634911A8EDF707FC2046F1F786F9D7
:100D700083460022594611A8EDF720FCA5E05C4906
:100D800011A8EDF7F9FB2046F1F778F9C0F1000B57
:100D90000022594611A8EDF711FC96E0554911A81B
:100DA000EDF7EAFB2046F1F7CFF9834600225946DA
:100DB00011A8EDF703FC88E04E4911A8EDF7DCFB24
:100DC0002046F1F7C1F9C0F1000B0022594611A8E5
:100DD000EDF7F4FB79E0464911A8EDF7CDFB20468D
:100DE000F1F74CF983460022594611A8EDF7E6FBCE
:100DF0003F4901A8EDF7C0FB2046F1F73FF9C0F1EC
:100E0000000B5A46002101A8EDF7D8FB5DE03849F8
:100E100011A8EDF7B1FB2046F1F730F9C0F1000B56
:100E20000022594611A8EDF7C9FB314901A8EDF799
:100E3000A3FB2046F1F722F983465A46002101A878
:100E4000EDF7BCFB41E02B4911A8EDF795FB2046DF
:100E5000F1F77AF983460022594611A8EDF7AEFB67
:100E6000244901A8EDF788FB2046F1F76DF9C0F1A0
:100E7000000B5A46002101A8EDF7A0FB25E01D4913
:100E800011A8EDF779FB2046F1F75EF9C0F1000BF0
:100E90000022594611A8EDF791FB164901A8EDF77C
:100EA0006BFB2046F1F750F983465A46002101A812
:100EB000EDF784FB09E0104911A8EDF75DFBFF2277
:100EC000002111A8EDF77AFB00BF00BF0022252109
:100ED0004846F4F7FBFE11A8EDF7A2FB01A8EDF7D9
:100EE0009FFB21B0BDE8F08F756C03082D6C0308E3
:100EF000AD730308BD7303084F5403082DE9F04197
:100F000007460C462546002045F8700F287920F04A
:100F100001002871287920F002002871703D4FF4FB
:100F200040712046FAF790FA10212046FAF78CFA21
:100F30000020F1F791F8502101EBC000A02190FBB7
:100F4000F1F0012809DD0020F1F786F8502101EBCE
:100F5000C000A02190FBF1F000E0012006B2314674
:100F60002046FEF756FBBDE8F08100002DE9F34F67
:100F70008BB0FE480C99FAF771FF0A900A98012885
:100F800002D00DB0BDE8F08F0C98F4F738FE05469E
:100F90000C98F4F795FE06463446304600F08DFB7B
:100FA0008046112D31D10C98F4F787FE0746B068C2
:100FB00018B1B068B0F9140000E00020814604F1D7
:100FC000680108A8EEF7DAF84A46494608A8EEF79D
:100FD000DFF9002208A83968DBF7CBFB38713879D4
:100FE00090B9B8F1020F0FD104F1600108A8EEF733
:100FF000C5F84A46494608A8EEF7CAF9002208A8EB
:101000003968DBF7B6FB38714FE3012D78D13046F4
:10101000FDF7F3F994F8740020F00100401C84F807
:101020007400B8F1000F02D0B8F1010F03D104F140
:101030002400206757E1B8F1020FFBD1F6F7CEFE8E
:10104000834609A9F6F7E4FE3046FCF7DCFD83464B
:101050003046FBF73DF8834501DB012000E000202E
:10106000089000213046FBF72BFF07460898002820
:1010700076D0012F05D0BDF92410B4F96C0081425F
:1010800007DC012F09D1BDF92400B4F968108842AA
:1010900003DA04F12400206724E1012F05D0BDF913
:1010A0002400B4F96010884207DB012F09D1BDF993
:1010B0002410B4F96400814203DD04F1300020679C
:1010C00010E1B4F96430B4F960C0A3EB0C0202EB98
:1010D000D2730CEB6303BDF924C0A3EB0C03002B0C
:1010E0000FDDB4F96430B4F960C0A3EB0C0101EB7F
:1010F000D1730CEB6303BDF924C0A3EB0C030EE02A
:10110000F2E0B4F96430B4F960C0A3EB0C0000EB7A
:10111000D0730CEB6303BDF924C0ACEB03030FFAEF
:1011200083F9B4F96C30B4F968C0A3EB0C0202EB9C
:10113000D2730CEB6303BDF924C0A3EB0C03002BAB
:101140000FDDB4F96C30B4F968C0A3EB0C0101EB0E
:10115000D1730CEB6303BDF924C0A3EB0C030EE0C9
:1011600026E0B4F96C30B4F968C0A3EB0C0000EBD6
:10117000D0730CEB6303BDF924C0ACEB03030FFA8F
:1011800083FACA4509DA04F12400206794F8740050
:1011900020F0020084F87400A4E004F1300020671D
:1011A00094F8740020F00200801C84F8740099E028
:1011B000BDF92610B4F96A00814203DA04F1240073
:1011C00020678FE0BDF92610B4F96600814203DD87
:1011D00004F13000206785E0B4F966C0B4F96230EC
:1011E000ACEB030202EBD2734FEA630CB4F962304A
:1011F0006344BDF926C0A3EB0C03002B11DDB4F949
:1012000066C0B4F96230ACEB030101EBD1734FEA75
:10121000630CB4F962306344BDF926C0A3EB0C0340
:1012200010E0B4F966C0B4F96230ACEB030000EB37
:10123000D0734FEA630CB4F962306344BDF926C041
:10124000ACEB03030FFA83F9B4F96EC0B4F96A305A
:10125000ACEB030202EBD2734FEA630CB4F96A30D1
:101260006344BDF926C0A3EB0C03002B11DDB4F9D8
:101270006EC0B4F96A30ACEB030101EBD1734FEAF5
:10128000630CB4F96A306344BDF926C0A3EB0C03C8
:1012900010E0B4F96EC0B4F96A30ACEB030000EBB7
:1012A000D0734FEA630CB4F96A306344BDF926C0C9
:1012B000ACEB03030FFA83FACA4509DA04F1240000
:1012C000206794F8740020F0020084F8740009E0AC
:1012D00004F13000206794F8740020F00200801CB4
:1012E00084F8740000BFE0E1022D78D1206F00285F
:1012F00075D0F6F773FD09900998F6F7C4FD01283B
:1013000000D03EE608A90998F6F782FD0021304694
:10131000FBF7D6FD07903046FCF775FC8246304659
:10132000FAF7D6FE834600213046FCF798F806907F
:1013300000213046FCF73CF9059000213046FCF7CF
:1013400007FA049000213046FBF7ACFF8146D4E950
:101350000A10401A03900027E06A0290A06A0190E8
:10136000DA4521DB0699AAEB010201E074C1040809
:101370000599511A08B20799012907D1B6F9182021
:101380000599511ABDF920208F1A06E0BDF92020D9
:10139000B6F9143006991944571A0399794391FB09
:1013A000F0F7A16A0F4412E0ABEB09020499511A5D
:1013B00008B2BDF92220B6F91A104944571A7942E9
:1013C000039A514391FBF0F7A16A0F4400BF04F167
:1013D0003000216F814203D1606A029002E01EE07A
:1013E000206B01900198874201DA019F03E0029887
:1013F000874200DD029F206F0068B8420ED0206F48
:1014000007603046FCF7F9FF00221C213046F4F754
:101410005DFC0A900A98012800D0B2E545E1082D4C
:1014200001D0032D3ED194F8740020F0010084F81F
:101430007400002020673046FCF7DFFF3046FAF7E3
:101440003DFE82465046F5F719FA0746F6F7C6FC08
:101450008346F6F718FD8146B9F1040F21D107B391
:10146000304600F02AF9022817D194F87400C0F32E
:10147000400038B994F8740020F00200801C84F811
:1014800074000EE094F8740020F0020084F87400F8
:1014900000215046F5F795FA03E000215046F5F794
:1014A00090FA02E10E2D10D1F6F798FC8146F6F77E
:1014B000EAFC0746042F01D0022F05D194F87400EE
:1014C00020F0020084F87400EFE0292D03D13046AB
:1014D000FDF710FDE9E0132D7ED14FF44031304689
:1014E000FBF7BDFF09904FF440313046FCF760F840
:1014F00008904FF440313046FCF72AF982464FF409
:1015000040313046FBF7CEFE07904FF4403B43F6A8
:101510000E0259463046FCF74FF90390039800B28B
:10152000069059463046FCF7F9FA05905946304680
:10153000FCF7DAFA04903046FCF765FB02220599C5
:1015400012FB010B3046FAF7C3FD0222049912FB8D
:101550000100834507DA3046FCF755FB0222059966
:1015600002FB010006E03046FAF7B2FD02220499C0
:1015700002FB0100401007B206987843001207B240
:10158000DDE90810884201DD099900E00899079813
:10159000504501DD079800E05046814207DDDDE956
:1015A0000810884201DD099807E0089805E00798CF
:1015B000504501DD079800E05046384407B2B81C9A
:1015C00007B24FF440313046F9F7C5FD384407B251
:1015D0000C98F4F772FB00E00BE08146B9F90000CB
:1015E000B84202DDB9F9000000E03846A9F8000071
:1015F0005BE00D2D54D10C98F4F75FFB0778132FA7
:1016000001D0112F23D194F87400C0F3400050B9D9
:10161000304600F061F800F10109012249463046E8
:1016200000F06AF809E0304600F041F800F10109E5
:1016300001224946304600F055F800221C21304670
:10164000F4F744FB0A900A98012828D099E4142F53
:1016500001D0122F23D194F87400C0F3400050B988
:10166000304600F039F8A0F1010901224946304620
:1016700000F042F809E0304600F019F8A0F1010945
:1016800001224946304600F02DF800221C21304648
:10169000F4F71CFB0A900A98012800D071E404E0DA
:1016A000152D02D10C98E2F7EBFB00BF69E410B5F1
:1016B00004462046EDF7E5FF10BD70B50546284607
:1016C000EDF7D6FF0446012C00D170BD022C01D1EC
:1016D0000220FAE70020F8E710B504462046EDF7AF
:1016E000E3FF10BD70B504460D4616463246294646
:1016F0002046EDF7EBFF70BD70B504460D4616466B
:10170000324629462046EEF717F870BD0FB47CB577
:1017100004460D4609A80190019800902A462146EA
:101720000548089BDDF724F9064600200190304665
:101730007CBC5DF814FB0000C7E8000870B50646E5
:101740000C4600BF00BF2546002045F8600F288AE0
:1017500020F0F0002882288A20F00F00401D288207
:101760000120E860104868604042A860288A20F4A0
:1017700080702882288A20F4C06000F5806028826A
:10178000603D0121204601F079FF0121204601F052
:10179000E4FE82212046FEF7F5FA204600F08EF99D
:1017A00000BF00BF70BD00009F86010070B50546F8
:1017B00000BF00BF2C46E16E206E401AA16E884229
:1017C0000EDBE16E206E401A05D5206E002802DD8A
:1017D000206E40422066E16E206E401A20660DE0C9
:1017E000B4F87000C0F3002030B1A16E206E8842C2
:1017F00002D1606E206601E0A06E2066284600F0EF
:101800005DF970BD2DE9F34F83B001200290774858
:101810000499FAF723FB02900298012802D005B040
:10182000BDE8F08F0498F4F7EAF906460498F4F757
:1018300047FA07463C46082E7ED1F6F7CFFA0190CC
:101840000198F6F720FB042840D13846FAF736FC19
:101850000546F5F713F8002811D094F8700000F051
:101860000F0001280BDDB4F87000C0F341200228FE
:1018700014D1E06E012803DD384600F0E6F87AE086
:1018800094F8700000F00F00821E0A200021FEF77D
:10189000DBFBE066384600F0EBF86CE094F8700093
:1018A00000F00F00421E0A200021FEF7CDFBE26E81
:1018B000D317101A8B4103DA384600F0D9F85AE0F2
:1018C0000A20E066384600F0C0F854E0384601F0DF
:1018D00032FE82465046CFF703F88346206C1AF852
:1018E00000002E2803D1384601F0ABFC11E0206C3B
:1018F000584505D1ABF10101384601F039FE08E049
:10190000206C30B9A06E002803DA0121384601F0BE
:101910002FFE94F8700000F00F00401E0090402051
:10192000005B85B294F87010C1F30311206C8842FB
:1019300008D994F8700000E01EE0C0F3031008B16D
:10194000681E85B20098A0EB0508A06E002801DA99
:1019500008F101080120E0664FF0000908E0E06EA0
:1019600000EB80004000E06609F101001FFA80F9F9
:10197000C145F4D300BF36E00D2E34D1F6F72EFA70
:101980008146F6F780FA80460498F4F796F90568E0
:10199000132D0AD1B8F1040F03D1384600F028F80E
:1019A00020E0384600F051F81CE0142D0AD1B8F1BF
:1019B000040F03D13846FFF7F9FE13E0384600F074
:1019C00057F80FE0112D03D1384600F011F809E067
:1019D000122D03D13846FFF7E9FE03E029463846C9
:1019E00001F002FA00BF00BF19E7000004880408F4
:1019F00070B5054600BF00BF2C46E16E206E08445E
:101A0000616E88420FDCE16E206E0844002805DD1F
:101A1000206E002802DA206E40422066E16E206EC1
:101A2000084420660DE0B4F87000C0F3002030B127
:101A3000D4E91801884202D1A06E206601E0606EF0
:101A40002066284600F03AF870BD70B5064600BF23
:101A500000BF34460A21E06E90FBF1F5002D01DD58
:101A6000E56601E00120E066304600F027F870BD31
:101A70002DE9F041054600BF00BF2C46D4E91910FE
:101A8000002802DAA06E404200E0A06E814201DD33
:101A9000606E06E0A06E002802DAA06E404200E010
:101AA000A06E0746E06E00EB80004600BE4200DC00
:101AB000E666284600F002F8BDE8F0812DE9F04F17
:101AC0008BB081464D46122106A8F8F7B6FB06AE4C
:101AD0004FF0000BA86E002808DA286E002801DB02
:101AE0002B2000E02D203070761C03E00BF101006C
:101AF00000F0FF0B286E002801DD286E01E0286E43
:101B0000404203463EA20E2102A8FFF7FFFD02A8B5
:101B1000CEF7E6FE95F8701001F00F01A1EB00087A
:101B2000B8F1000F15DD02A8CEF7DAFE84B206E0A8
:101B300002A8005D04EB080102AA5054641E002CA8
:101B4000F6DA002403E0302002A90855641C44455D
:101B5000F9DB95F87000C0F3031020B995F8700018
:101B600000F00F0003E095F87000C0F3031001903F
:101B7000002404E002A8005D3070761C641C01980B
:101B8000844203DA02A8005D0028F3D195F87000C2
:101B9000C0F3031090B12E203070761C04E002A830
:101BA000005D3070761C641C95F8700000F00F002A
:101BB000A04203DD02A8005D0028F0D106A9484636
:101BC00001F0AEFDD5F86CA095F8700000F00F079D
:101BD00004E00A209AFBF0FA781EC7B2BAF10A0FA5
:101BE000F7DA0198874201DD781CC7B2A7EB0B003A
:101BF000C7B23946484601F0BBFC0BB0BDE8F08FD8
:101C00002564000030B591B005460C4602212046FF
:101C1000F9F71AFC01A8ECF72BFC00BF019400BFF8
:101C20001A4901A8ECF7AEFC01A84FF6FF718187B5
:101C300000BF174908680B9000BF1648006800F500
:101C4000B4721448016801A8ECF7C4FC01A8ECF7D1
:101C5000E7FC1148079000BF4FF4B472002101A8BF
:101C6000ECF7B8FC0D4901A8ECF78CFC01A8ECF7E7
:101C7000D7FC4FF4B47200212046EDF7DEF84FF4A4
:101C800087712046EDF7AEF911B030BD05F60008BA
:101C9000F4010024F8010024A9E4010815F6000865
:101CA00070B504460D46164632462946204600F0D9
:101CB0003CF870BDF0B503469888C00B68B11C684D
:101CC00007E02088884203D1606810600120F0BDE1
:101CD000083420880028F4D1F9E7D87908B9002021
:101CE000F5E7D879012815DDD8791F6807EB80055D
:101CF0002E4600240AE036F81400884205D11F68F9
:101D000057F8240010600120E1E7641CD879A04254
:101D1000F1D808E09888C0F30E00884203D1186813
:101D200010600120D3E70020D1E7F0B50346988882
:101D3000C00B68B11C6807E02088884203D1606846
:101D400010600120F0BD083420880028F4D1F9E7A4
:101D5000D87908B90020F5E7D879012815DDD879B8
:101D60001F6807EB80052E4600240AE036F81400B1
:101D7000884205D11F6857F8240010600120E1E770
:101D8000641CD879A042F1D808E09888C0F30E000E
:101D9000884203D1186810600120D3E70020D1E702
:101DA00010B5044608212046F8F747FA10BD014651
:101DB00000BF00BFC87908B9012070470020FCE7C8
:101DC0003EB504464E2C75D01EDC332C73D00EDC91
:101DD000292C78D006DC202C45D0222C53D0252C61
:101DE0006CD177E0302C4FD0312C67D168E0462C95
:101DF00068D004DC3B2C49D0442C79D145E0472CF9
:101E000048D04D2C74D143E040F63C01601A8C421E
:101E10005AD010DC40F25741A4EB01008C4238D07C
:101E200004DC522C33D0532C62D150E0012848D02E
:101E30000B285DD143E040F2CA72811A904253D020
:101E400006DC092841D0A0F2C770002850D14AE032
:101E5000A1F2534088B3A0F50C50B53870BB4FF4D5
:101E60008070029048E000BFFF2211461046EFF755
:101E700041FB0090BDF8001008460190BDF8040039
:101E8000ADF8080038E000BF00BF00BF00BF00BFD2
:101E900000BF00BF00BF002211461046EFF72AFB2B
:101EA0000090BDF8001008460190BDF80400ADF8A0
:101EB000080021E00AE010E005E011E018E000BFB2
:101EC00000BF00BF00BF00BF00BF00BF00BFFF20BA
:101ED000029011E0FF2002900EE00F2002900BE034
:101EE0000748029008E000BF41F6FF70029003E04F
:101EF00000200290029000BF00BF02983EBD00008B
:101F0000D4BD040803480088401C024908800846E4
:101F100000887047580200242DE9FE4F0446884689
:101F200000BF00BFA088C00B20B100BF00BF0020D1
:101F3000BDE8FE8FE07908B90020F9E7E0790128D3
:101F40000ED1A088C0F30E00404507D1A0886FF3E2
:101F50000E00A0800020E0710120E9E70020E7E703
:101F6000E079216801EB80060296029E002553E08D
:101F700036F8150040454ED1D4F80090E07902289B
:101F800012D10120E0710DB9708800E03088A1887D
:101F900060F30E01A1801DB9D9F80400206035E07E
:101FA000D9F80000206031E0E079401E00EB4000ED
:101FB000400001900198F7F75BFE8246BAF1000FEE
:101FC00001D10020B4E7C4F800A0E079401EE07120
:101FD000E0790AEB8000029002980090D346002737
:101FE0003D460FE036F8170040450AD059F8271053
:101FF0004BF8251036F8172028466D1C009921F85B
:1020000010207F1CE079B842ECD200BF4846F7F7B9
:10201000FDFE01208CE76D1CE079A842A8D80020C5
:1020200086E710B5044600BF00BFA088C00B10B102
:1020300000BF00BF10BDE079012802DD2068F7F77E
:10204000E5FE08212046F8F7F8F800BFF2E738B5BA
:1020500005460C46009465212846009A00F087F951
:1020600038BD13B582B00446BDF80C00ADF80400CD
:1020700052212046019A00F07AF91FBD38B5054675
:102080000C46009451212846009A00F070F938BDA2
:1020900038B505460C4600944FF405612846009A71
:1020A00000F065F938BD13B582B00446BDF80C00E8
:1020B000ADF8040020212046019A00F058F91FBD18
:1020C00013B582B00446BDF80C00ADF8040022211F
:1020D0002046019A00F04BF91FBD38B505460C4665
:1020E000009440F628012846009A00F040F938BDD7
:1020F00038B505460C46009421212846009A00F088
:1021000036F938BD13B582B00446BDF80C00ADF801
:10211000040030212046019A00F029F91FBD38B58E
:1021200005460C46009431212846009A00F01FF91C
:1021300038BD38B505460C46009434212846009A2F
:1021400000F015F938BD38B505460C46009433212A
:102150002846009A00F00BF938BD38B505460C4604
:10216000009441F232012846009A00F000F938BD8F
:1021700038B505460C46009461212846009A00F0C7
:10218000F6F838BD38B505460C460094632128465C
:10219000009A00F0ECF838BD38B505460C460094BE
:1021A00064212846009A00F0E2F838BD38B50546AB
:1021B0000C46009441F204012846009A00F0D7F83A
:1021C00038BD13B582B00446BDF80C00ADF804006C
:1021D0004D212046019A00F0CAF81FBD38B50546CA
:1021E0000C46009440F649012846009A00F0BFF8DA
:1021F00038BD38B505460C46009441F20601284624
:10220000009A00F0B4F838BD38B505460C46009485
:1022100041F203012846009A00F0A9F838BD13B531
:1022200082B00446BDF80C00ADF804003B21204606
:10223000019A00F09CF81FBD38B505460C46009485
:1022400040F63C012846009A00F091F838BD38B5B8
:1022500005460C46009440F63D012846009A00F0E1
:1022600086F838BD38B505460C46009440F63A016C
:102270002846009A00F07BF838BD70B504460D463C
:102280002946204600F03BF82946204600F042F857
:102290002946204600F054F82946204600F001F86F
:1022A00070BD38B505460C46009441F6110128462C
:1022B000009A00F05CF838BD38B505460C4600942D
:1022C00041F615012846009A00F051F838BD70B566
:1022D00004460D462946204600F027F829462046A8
:1022E000FFF7EAFF70BD70B504460D46294620464B
:1022F00000F005F82946204600F00CF870BD38B50E
:1023000005460C46009441F612012846009A00F05A
:102310002EF838BD38B505460C46009441F6130139
:102320002846009A00F023F838BD38B505460C461B
:10233000009441F614012846009A00F018F838BDC0
:1023400038B505460C46009441F610012846009A1F
:1023500000F00DF838BD70B504460D4629462046FC
:10236000FFF7EEFF29462046FFF79BFF70BD2DE9E2
:10237000F74F82B004460F4600BF00BFA088C00BD5
:1023800020B100BF00BF05B0BDE8F08FE0790128A3
:1023900043DDE079216801EB8008C246E079451E03
:1023A00009E03AF81500B84204D12068049A40F8D0
:1023B0002520E8E76D1E002DF3DAE079401C00EBE4
:1023C00040004000019020680199F7F773FD064630
:1023D00006B9D8E72660E07906EB8008C246E079C6
:1023E000451E05E03AF81510A81C2AF810106D1EBD
:1023F000002DF7DAE079401CE071E07906EB800807
:10240000C246B346E079401E2AF81070E079401EBB
:102410005E4604994BF8201037E0E07901282CD172
:10242000A088C0F30E00B84202D104982060AAE749
:10243000E079401C00EB40004FEA400B5846F7F7AC
:1024400017FC054605B99EE7206801902560E079F4
:10245000401CE071E07905EB8008C2462E46A0885A
:10246000C0F30E00D046AAF80000AAF80270354664
:10247000019830600498706007E00120E071A08846
:1024800067F30E00A080049820603846DBF762FFF7
:102490008146A179012202FA09F21143A17100BF1C
:1024A00071E738B505460C46009460212846009A2D
:1024B000FFF75DFF38BD13B582B00446BDF80C00D0
:1024C000ADF8040044212046019AFFF750FF1FBDDC
:1024D00038B505460C46009440F642012846009A5D
:1024E000FFF745FF38BD38B505460C46009440F669
:1024F00045012846009AFFF73AFF38BD38B5054632
:102500000C46009440F643012846009AFFF72FFF3F
:1025100038BD38B505460C4600944FF40461284692
:10252000009AFFF724FF38BD70B504460D462946D2
:10253000204600F054F829462046FFF737FE70BDCC
:1025400038B505460C46009441F25D412846009A94
:10255000FFF70DFF38BD13B582B00446BDF80C007F
:10256000ADF8040040F257412046019AFFF7FFFE04
:102570001FBD38B505460C46009441F25941284626
:10258000009AFFF7F4FE38BD38B505460C460094B6
:1025900041F25B412846009AFFF7E9FE38BD38B5A5
:1025A00005460C46009440F60B012846009AFFF7BA
:1025B000DEFE38BD38B505460C46009440F60A01EB
:1025C0002846009AFFF7D3FE38BD38B505460C46BD
:1025D000009467212846009AFFF7C9FE38BD38B538
:1025E00005460C46009441F201012846009AFFF787
:1025F000BEFE38BD2DE9F04704460D4616461F467F
:10260000DDE9088914212046F7F717FE25600EB989
:10261000054800E03046A060E760C4F81080C4F8C8
:102620000490BDE8F08700002FE5010870B504466E
:102630000D46264675623046FBF7DFFE70BD70B56D
:10264000044625684FF0FF3068622846FBF7D5FE48
:1026500070BD70B506460C4625464FF0FF306862E7
:1026600010212046F8F7F0FE08212046F8F7D0F9AF
:102670004FF480612046F8F7CBF970BD70B506467F
:102680000C46254600212846EBF7AAFE70BD000047
:102690002DE9FC5F0F4639463D48F9F7DFFB019015
:1026A0000198012801D0BDE8FC9F3846F3F7A7FA4E
:1026B00005463846F3F704FB0090132D58D14FF42C
:1026C00040310098FAF7D8FE80464FF44031009828
:1026D000FAF77BFF81464FF440310098FBF745F84D
:1026E00082464FF440310098FAF7E9FD8346C84529
:1026F00001DD404600E04846D34501DD594600E093
:102700005146884205DDC84501DD404606E04846A1
:1027100004E0D34501DD584600E050460646B01CB3
:1027200006B24FF440310098F8F715FD304406B278
:102730003846F3F7C2FA0446B4F90000B04202DDAD
:10274000B4F9000000E0304620804FF400310098DA
:10275000F8F701FDB4F90010884202DAB4F900007C
:1027600004E04FF400310098F8F7F5FC20800DE00C
:102770001C2D06D1009800F00DF80098FBF73DFEE7
:1027800004E0152D02D13846E3F705F900BF8AE7CA
:1027900090C104082DE9F04790B0804600BF00BF0B
:1027A00044460025652229462046FBF705F80F9090
:1027B0000F9F00BF002F47D04046FAF7EDFA00F018
:1027C000010A606A401C80B9BAF1000F01D00020F4
:1027D00001E04FF480700546BAF1000F02D04FF4CB
:1027E000807000E00020064608E0656ABAF1000F3C
:1027F00002D04FF4807000E000200646A81B00289D
:1028000001DDA81B00E0701B78434FEA102900216E
:102810002046EBF7E5FD6846EBF72AFE00BF009483
:1028200000BF0B48019000BF00BF079508950996AF
:1028300000BF0848039000BF00BFCDF8289000BF3C
:102840006846EBF7EDFE00BF10B0BDE8F087000072
:102850002D2603083F26030870B506460C4625467C
:102860000120A884E884A98C4800F7F701FA2863BE
:10287000E98C4800F7F7FCF9E8628220296B0880B0
:10288000E96A0880EA8CAB8C5A439100A86AF7F792
:1028900011FBA8620020A96A086070BD2DE9F04113
:1028A00007460E46344600250EE0A06A50F8250083
:1028B00040B1A16A51F82500F7F7A8FA0020A16AF3
:1028C00041F82500681C85B2A08CE18C4843A842E1
:1028D000EBDCA06A10B1A06AF7F798FAE06A10B1D1
:1028E000E06AF7F793FA206B10B1206BF7F78EFAD6
:1028F000BDE8F0812DE9F34F83B083480499F9F7DF
:10290000ADFA8146B9F1010F02D005B0BDE8F08FF4
:102910000498F3F774F906460498F3F7D1F9824660
:1029200054462A2E04D10021504603F0BDFFE9E0B1
:102930002C2E27D10498F3F7C0F980464FF0000BF6
:10294000002506E0206B30F8150058440FFA80FB94
:102950006D1CA08CA842F5D80027002505E0E06A90
:1029600030F81500384407B26D1CE08CA842F6D848
:10297000ABF1010000B2A8F80000781E00B2A8F880
:102980000200BFE0012E01D0022E1BD102AA01A934
:102990005046E8F71FFF0546012D12D1A08EBDF865
:1029A0000810884204D1E08EBDF80410884208D097
:1029B000BDF80800A086BDF80400E0865046FBF78D
:1029C0001CFD9FE0082E2BD15046FBF716FDF5F7B6
:1029D00005FA80464046F5F746FA0746A08E4FF6C0
:1029E000FF7188420DD0E08E88420AD04FB9002294
:1029F0001C215046F3F76AF98146B9F1010F00D066
:102A000083E7F5F7EBF98346F5F73DFA0546012D27
:102A100001D0032D03D14FF6FF70A086E08671E050
:102A20000E2E03D15046FBF7E8FC6BE00D2E64D16F
:102A30000498F3F742F9D0F80080A78EE58E4FF6A0
:102A4000FF70874201D0854206D10020A086E08633
:102A50005046FBF7D2FC58E7A08CB84200DC0027B8
:102A6000E08CA84200DC0025B8F1140F01D17F1ED4
:102A70000FE0B8F1130F01D17F1C0AE0B8F1110F7C
:102A800001D16D1E05E0B8F1120F01D16D1C00E0FF
:102A90003BE7A08CB84209DCE08C401EA84202DD76
:102AA00000276D1C0AE0A08C471E07E0002F05DA06
:102AB0001DB1A08C471E6D1E00E00027E08CA842CF
:102AC00002DCE08C451E02E0002D00DA0025A08E1D
:102AD000B84202D1E08EA8420ED0A786E5865046C5
:102AE000FBF78BFC00221C215046F3F7EFF88146E0
:102AF000B9F1010F00D008E704E0152E02D10498C7
:102B0000E3F72CF800BF00E7ACC104082DE9F0475B
:102B100081460D462C465148007884F82C0094F8E4
:102B20002C00012810D0022813D0042802D0082835
:102B300014D104E001212846FCF796FD0EE009219E
:102B40002846FCF791FD09E000212846FCF78CFDA2
:102B500004E008212846FCF787FD00BF00BF42F2D1
:102B6000640211462846FCF7B0FE2846ECF7FEFE4C
:102B700007462846F8F72EFD804601213846EDF736
:102B80000BFC0420F7F774F8606235A0616A0860F6
:102B90003846616AEDF708FB00231C2231493846AC
:102BA000F7F7EEFE4FF480413846F7F731FF002388
:102BB0001A462D494046F7F7E3FE00214046FCF750
:102BC0006AFE94F82C00012819D0022818D0042895
:102BD00002D0082826D100E000BF2448B0F9002028
:102BE00042F264013846FCF770FE42F2640140464E
:102BF000FDF7C8F801214046FCF748FD12E000BF90
:102C000042F264021948B0F900103846FCF75DFE44
:102C100042F264014046FCF748FD01214046FCF7C2
:102C200035FD00BF00BFF3F723FE06461EB139464F
:102C30003046F3F757FD00214046FCF715FD032110
:102C40004046FCF70EFE80214046F7F7E1FE4FF4C8
:102C500080614046F8F7F8FBBDE8F087FC010024EE
:102C600000000000ADFA0008950F0108FE010024E5
:102C70002DE9F04107460E46344694F82C0000F04A
:102C80000C0070B1002509E0616A51F82500F7F7E2
:102C9000BDF80020616A41F825006D1C208DA84216
:102CA000F2D894F82C0000F0030080B100250BE06E
:102CB0006A00616A51F82200F7F7A8F800206A005C
:102CC000616A41F822006D1C208DA842F0D8606A2C
:102CD000F7F79CF800206062BDE8F0812DE9F0472D
:102CE00081460C4621460E48F9F7B8F80646012EF3
:102CF00001D0BDE8F0872046F2F781FF0546204667
:102D0000F2F7DEFF0746292D08D1384600F011F80A
:102D1000804600224146384600F018F800BFE8E738
:102D20003C88040810B5044601212046F9F7BBF899
:102D300010BD014600BF00BF0A46508D704710B558
:102D4000044600212046F9F7AEF810BD2DE9FC5FDE
:102D500080460C46934600BF00BF4646308DA042D9
:102D600001D8308D441E4046FDF75EF84046FFF71F
:102D7000D9FF05460DB9BDE8FC9F4FF0000A41F6AA
:102D8000150251462846FAF717FD0090009807B241
:102D900000BF2846F9F727F9814600214046FAF797
:102DA00082F8012808D007EB0900604301B25A46B7
:102DB0002846FCF7CBFB0BE0C4F1000A07EB090047
:102DC00000FB0AF001B25A462846FCF7BFFB00BFE1
:102DD0004046FFF7B4FF0190A1B280220198EDF7C1
:102DE00091F9748500BFC6E72DE9F34792B0074615
:102DF00000BF00BF3C46139810900020119010AD0A
:102E000029463846EAF7FEFA0646012E02D014B0EB
:102E1000BDE8F08794F85C00C0F3C00040B113989F
:102E20000A2802D013980D2802D100BF00BFEEE798
:102E3000002113A8414A1268904781464946384606
:102E4000DDF780FA10B900BF00BFE0E794F85C003E
:102E5000C0F3800010B1384603F072FAA06A50B196
:102E6000606AF5F7F1FE804698F8000010B9384620
:102E7000FBF7C3FA00BF2A46216C606AF5F7F6FE3D
:102E8000384600F025F994F85C00C0F38000002873
:102E900044D0E06ACDF724FD82462846CDF720FDD8
:102EA000504400F101084146E06AF7F703F8E06298
:102EB00000BFE06A18B900BF00BF00BFFEE700BF57
:102EC000E06A00B9A3E72A46216CE06ADBF72EFB33
:102ED000208F18B9384603F033FA1FE06846EBF745
:102EE000C7FA21466846EBF787FB15496846EBF7BA
:102EF0004DFB218F6846EBF75FFB012200216846FE
:102F0000EBF770FB0F496846EBF744FB0E49684648
:102F1000EBF746FB6846EBF783FB00BF384600F053
:102F2000F5FA00F101084146384600F021FB002285
:102F30001C213846F2F7CAFE00BF68E77C02002475
:102F4000F96303085BE50108FB6303082DE9F0431F
:102F500091B006460D4600BF00BF00BF1DB900BFBF
:102F600000BF00BFFEE700BF344694F85C00C0F32A
:102F7000800010B1304603F0E3F9304600F0C0FAAB
:102F800018B9304600F0C8FAC8B1002010900FE020
:102F900010A92846484A126890478046404647494B
:102FA00009688847814649463046FFF71DFF00BF44
:102FB0001098285C0028EBD111B0BDE8F0832946B9
:102FC0003046EAF71FFA0746012F00D0F4E7A06A5F
:102FD00050B1606AF5F738FE804698F8000010B9E5
:102FE0003046FBF70AFA00BF2A46216C606AF5F703
:102FF0003DFE304600F06CF894F85C00C0F38000B1
:10300000002844D0E06ACDF76BFC81462846CDF716
:1030100067FC484400F101084146E06AF6F74AFFC0
:10302000E06200BFE06A18B900BF00BF00BFFEE762
:1030300000BFE06A00B9BFE72A46216CE06ADBF70F
:1030400075FA208F18B9304603F07AF91FE001A80D
:10305000EBF70EFA214601A8EBF7CEFA184901A8C2
:10306000EBF794FA218F01A8EBF7A6FA01220021D1
:1030700001A8EBF7B7FA134901A8EBF78BFA12494D
:1030800001A8EBF78DFA01A8EBF7CAFA00BF3046AA
:1030900000F03CFA814628460C490968884709EB4C
:1030A00000084146304600F063FA00221C213046F9
:1030B000F2F70CFE00BF7FE77C02002474020024BC
:1030C000F96303085BE50108FB6303088C02002435
:1030D00070B5054600BF00BF2C46606AF5F7C0FD1D
:1030E0004FF6FF71884206D1606AF5F7B3FD4FF6DF
:1030F000FF71884209D04FF6FF71606AF6F726FB30
:103100004FF6FF71606AF6F716FB70BD2DE9F041CE
:1031100007460C46254695F85C0020F0040085F82B
:103120005C000020E86240F2DC5028870020286321
:1031300068635020405D20F00100401C502148553C
:10314000012129645020405D20F00200801C5021A4
:1031500048550020A88795F85C0020F0080085F805
:103160005C0095F85C0020F0020085F85C0000200F
:103170006862A8622046F5F745FA68626420FCF7A9
:10318000E9FE06463146686AFCF7FCFD0BA1686A59
:10319000F6F740FA00231A460949686AF7F7F0FB88
:1031A0004FF480612046F7F733FC0021204600F001
:1031B000DFF9204604F0DCFABDE8F08100000000F1
:1031C000AFDD01082DE9F84F054600BF00BF2C46D2
:1031D000284600F09BF980466A464146606AF5F74A
:1031E0002FFC00212846FAF758FC06460021284605
:1031F000FAF7DFFB81464846F2F7D0FE0746BDF8F6
:103200000210B819401C084400B2ADF80200A08FAB
:10321000ADF80000606AF8F75BFFBDF90210884264
:103220000DDD6946606AF5F7D7FA8246B4F93C804D
:103230005146284600F09CF9A4F83C8000BFBDE848
:10324000F88F70B5054600BF00BF284600F05EF954
:10325000044624B1641E2146284600F089F970BD59
:1032600070B5054600BF00BF284600F04FF9044680
:10327000641C2146284600F07BF970BD2DE9F84F0B
:10328000044600BF00BF2546204600F03FF98346B4
:103290002C466A465946686AF5F7D2FB002120465B
:1032A000FAF7FBFB064600212046FAF782FB81462F
:1032B0004846F2F773FE0746BDF80210B819401EE3
:1032C000081A00B2ADF80200A88FADF800006946F8
:1032D000686AF5F781FA8246B5F93C805146204686
:1032E00000F046F9A5F83C80BDE8F88F2DE9F843D9
:1032F000054600BF00BF2C46276C0FB9BDE8F88318
:103300002AA00068009069462846EAF77BF806463E
:10331000012E00D0F2E7606AF5F796FC8146206C3A
:10332000411E01224846DBF729F84946606AF6F754
:1033300071F92846FFF7CCFEA06A50B1606AF5F734
:1033400083FC804698F8000010B92846FBF755F832
:1033500000BF94F85C00C0F38000D0B1226C511E15
:103360000122E06ADBF70AF8E06ACDF7B9FA00F16A
:1033700001084146E06AF6F79DFDE06200BFE06AA1
:1033800018B900BF00BF00BFFEE700BFE06A00B988
:10339000B4E7206C411E284600F0EAF800221C2108
:1033A0002846F2F793FC00BFA8E700007F0000006A
:1033B00070B5054600BF00BF284600F0A7F80446D8
:1033C000611C284600F0D4F8284600F09FF8A0427F
:1033D00002D02846FFF78AFF70BD70B506460D463D
:1033E0002C46E06A20B1E06AF6F710FD0020E062AA
:1033F000A06A20B1A06AF6F709FD0020A06270BDA6
:103400002DE9F04781460E4631463C48F8F726FD47
:103410000746012F01D0BDE8F0873046F2F7EFFBF9
:1034200005463046F2F74CFC80460E2D03D140464F
:1034300004F09EF960E00D2D47D13046F2F73DFCD7
:103440000468132C03D14046FFF70AFF3CE0142C1C
:1034500003D14046FFF7F5FE36E0112C03D140467C
:10346000FFF70CFF30E0122C03D14046FFF7AAFE15
:103470002AE0082C03D14046FFF738FF24E07F2CD8
:1034800003D14046FFF794FF1EE0022C04D1002137
:10349000404600F06DF817E0032C05D147F6FF71A8
:1034A000404600F065F80FE00A2C09D1404600F0D4
:1034B00039F828B100221F214046F2F707FC03E04B
:1034C00021464046FFF790FC16E0012D05D0022D65
:1034D00003D0032D01D0082D03D1304607F0EBFCBB
:1034E0000AE0152D03D13046E3F716F804E0182D55
:1034F00002D13046DFF79CFA00BF8CE7C8C1040850
:10350000014600BF00BF0A46106B7047014600BF6E
:1035100000BF0A46106C7047014600BF00BF0A4654
:10352000506B7047014600BF00BF0A4692F85C002E
:10353000C0F3C000704770B5054600BF00BF2C4601
:1035400094F85C00C0F3800020B9606AF5F77CFB5A
:10355000064600E0E66A304670BD10B500BF00BF09
:10356000024650239B5C61F341035024A35410BDD9
:103570002DE9FC5F80460C4600BF00BF4546286C25
:10358000A04201D1BDE8FC9F686AF5F75DFB3A49AE
:103590000090096888470646002C00DA3444B4429B
:1035A00003DC47F6FF70844200D134462C64404669
:1035B000FCF73AFC00214046FAF7FBF9834601AAE2
:1035C0002146686AF5F73CFA5846F2F7E7FC0746E9
:1035D0004046F8F76DFFBDF90610884205DDBDF9DC
:1035E000061001224046FBF7CDFF4046F8F7DCFC11
:1035F00081464046F8F75CFFBDF906103944081AC9
:10360000484509DDBDF80600A0EB0900384401B2C9
:1036100001224046FBF7B6FF4046F8F74FFEBDF9E2
:103620000410884205DDBDF9041001224046FBF775
:103630008DFF4046F8F7D7FC82464046F8F73EFE3D
:10364000BDF904103944081A504509DDBDF80400DD
:10365000A0EB0A00384401B201224046FBF776FF96
:10366000BDF80400A887404604F082F8404602F006
:10367000E1FE00BF86E700008C0200242DE9F04146
:1036800005460E4600BF00BF2C4694F85C00C0F310
:10369000C000B04201D1BDE8F08106B394F85C00EF
:1036A00020F00800083084F85C0042F2D171606AB2
:1036B000FCF768FB6420FCF74DFC07460022394606
:1036C000606AFCF7BFFA42F2D1712846FBF7EDFFC2
:1036D00000231A4619462846FBF709FF1EE094F816
:1036E0005C0020F0080084F85C006420FCF732FCE9
:1036F00007463946606AFCF745FB00221146606ABE
:10370000FCF7A0FA002241F204012846FBF7B4FCC2
:1037100000231A4619462846FBF7E9FE00BFBAE720
:103720002DE9F04190B006460D4600BF00BF00BF36
:103730001DB900BF00BF00BFFEE700BF34463046E2
:10374000FFF7C6FC3046FFF7DBFE18B93046FFF73F
:10375000E3FE40B345A1606AF5F75CFF47F6FF71F1
:103760003046FFF705FF94F85C00C0F3800010B10D
:103770000020E16A087000200F900FE00FA9284692
:103780003B4A12689047074638463A4909688847D5
:10379000804641463046FFF727FB00BF0F98285C64
:1037A0000028EBD108E02946606AF5F733FF47F6B9
:1037B000FF713046FFF7DCFEA06A48B1606AF5F79A
:1037C00043FA0746387810B93046FAF716FE00BFBC
:1037D00094F85C00C0F3800000283FD02846CDF765
:1037E0007FF8471C3946E06AF6F764FBE06200BFE9
:1037F000E06A18B900BF00BF00BFFEE700BFE06A83
:1038000010B910B0BDE8F0812946E06ACDF744F860
:10381000208F18B9304602F093FD1FE06846EAF7A2
:1038200027FE21466846EAF7E7FE13496846EAF7AD
:10383000ADFE218F6846EAF7BFFE012200216846EF
:10384000EAF7D0FE0D496846EAF7A4FE0C4968463F
:10385000EAF7A6FE6846EAF7E3FE00BF00221C2155
:103860003046F2F733FA00BFCBE70000000000005B
:103870007C02002474020024F96303085BE501085C
:10388000FB63030870B50446204600F099F805462E
:1038900005B970BD00BF064A00212046FBF71BFC9E
:1038A00000BF21462846DBF79DFE00BFF1E7000080
:1038B000FFFF0F0000B500F067F808B9002000BD59
:1038C0000048FCE7480B00242DE9FF4104461E4652
:1038D0000A9D00F059F860B90020254908704FF49E
:1038E0001270F6F7C5F923490860084600682249B6
:1038F0000860EEF7ABFB0746EEF7C0FBB0F5A07F24
:1039000003DC03201D4908700EE0EEF79FFB07461D
:10391000EEF7B4FBB0F5347F03DA022017490870E4
:1039200002E00120154908701548C460BDF8041074
:103930000182BDF80810418245618561C561114869
:103940000F4908600846066203F056FF2CB1204676
:10395000EEF7F2FB0A49884202D10020FBF764FC33
:10396000012003490870064804B0BDE8F08100005A
:103970003E010024440200243001002434010024CC
:10398000480B0024B99503080348006808B10120DA
:1039900070470020FCE700004402002438B50546CB
:1039A000284600F00DF8044614B1208A009003E088
:1039B0001120FCF7B7FA0090BDF80010084638BD9A
:1039C00070B504461CB12046F8F738FB01E0EEF76D
:1039D0003DFB05462846EEF7AFFB70BD10B503462C
:1039E00000F00AF804469C4201D3E31A01E05B426E
:1039F0002344184610BD000000BF0121044A117085
:103A000004490868114609780029F6D0704700007B
:103A10002C020024280200240021044A11700449C9
:103A200009680144024A1160704700002C0200241A
:103A30002802002470B505460C4642F26402114685
:103A40002046FBF742FF00231A4608492046F6F7B6
:103A500097FF80212046F6F7DBFF03212046FBF786
:103A600000FF03212046FBF709FF70BDA5A703084F
:103A70002DE9F04781460C462046F8F779FB804651
:103A800042F2640211462046FBF71FFF2046FCF776
:103A9000CBF94046F8F788FA10490988484306B23E
:103AA0004046F8F7A0FA0E490988484307B2324663
:103AB00039462046FBF7B7FE25460A48007885F8C8
:103AC00024000748006838B90448006820B9054850
:103AD00001784046FBF7B6FEBDE8F08708020024F7
:103AE00004020024000200242DE9F04105460E46A0
:103AF000174600240F48DAF715F9044600BF1CB931
:103B000000BF00BF00BFFEE700BF14B90020BDE842
:103B1000F0812660A5604FF0FF30206100206061D9
:103B2000FFF76AFF6060E7600120034908702046E4
:103B3000EDE70000940B00245F02002410B504465A
:103B400021460548DAF73AF9012004490870204671
:103B5000F6F75CF910BD0000940B00245E0200240F
:103B600001490870704700005C02002470B50446EB
:103B7000207D00F0010008B1002070BD0025204626
:103B800000F0DFF888B926692069002802DD206985
:103B9000401E2061FFF730FF6060A06818B116B1C9
:103BA0002046A1688847012500BF0548007820B954
:103BB000206910B92046FFF7C1FF2846DDE7000065
:103BC0005E02002401480078704700005D02002476
:103BD0002DE9F0414948007810B10120BDE8F0819D
:103BE0000120464908704648007818B9002008703E
:103BF0000120F3E7FFF700FF074667B94148006877
:103C0000401C4049086008460068642803D9002029
:103C1000086000BF00BF00BF00203B4908703B495F
:103C200008703B48DAF74BF83A49086013E0394826
:103C300001683748DAF75BF8044636480068FFF752
:103C400095FF30B13148007810B92F48007800B1A5
:103C500005E0304804602F4800680028E7D100BF25
:103C60002C4800680028D7D1461E2948DAF727F8E3
:103C7000044610E0207D00F0010038B9204600F035
:103C800060F88046B04500D2464600BF2146204835
:103C9000DAF72DF80446002CECD13846FFF79EFEEB
:103CA0001D49096808441C4908601C480068FFF762
:103CB00095FE0546B5F5FA7F1AD3174800686421CA
:103CC0004843B0FBF5F016490870084600786428B0
:103CD00001DD002003E012480078C0F164001049C3
:103CE000087000200C490860FFF786FE0B49086049
:103CF000002002490870304670E70000600200248E
:103D00005C0200246C0200245E0200245F02002496
:103D1000940B002440020024680200246402002462
:103D20005D02002401214161704710B50446FFF790
:103D300063FE2168401A401E606010BD0021416191
:103D4000704770B504466068FFF748FE0546206876
:103D5000A84201D8002070BD2068401BFBE72DE978
:103D6000F04707460C46164600F0ADF88046A6EB35
:103D700008000421DBF71DF90546E11704EB9171FA
:103D80008910A4EB810121B100BF00BF0020BDE874
:103D9000F0870C2D02D3B5F5801F03D900BF00BFFB
:103DA0000020F4E76FF00301204601F04DFB81464F
:103DB00029464846DBF78BFD4846DBF779FD484648
:103DC000DBF780FD49463846DBF757FC4846DBF712
:103DD0007AFC824600215046DBF779FD5046DBF73E
:103DE0007CFD5046DBF769FD2046D0E710B5044660
:103DF000E11704EB91718910A4EB810119B100BFA7
:103E000000BF002010BD2046DDF71CF92046F9E771
:103E10002DE9F04104460D462046FFF7E7FF064630
:103E200000F0BEF82F1A00F0BBF800EB04083A4689
:103E300041463046FFF793FF3046BDE8F0812DE95B
:103E4000F04105460C4604B32F462046DBF711FC33
:103E5000064600BF3046DBF722FC18B100BF00BFAA
:103E600000BFFEE700BF3046DBF760FC3146384656
:103E7000DBF79DFC064631463846DBF771FC06460B
:103E800031463846DBF7F9FB00BFBDE8F08100B5ED
:103E9000014600F085F8084400BD2DE9F0410446D4
:103EA0000D46264604212846DBF76BF807463946BF
:103EB0003046DBF711FC80463A4641463046DBF798
:103EC000BAFCBDE8F081082070472DE9FE4F80461E
:103ED0000C461546C2464FF000092CB125B92146C3
:103EE0004046FFF7ACFF58E02CB929464046FFF7A3
:103EF000D4FF814651E02046DBF7BBFB02900298DD
:103F0000DBF77DFC01900298DBF7ECFC064601989C
:103F1000DBF7E8FC3044001D009004212846DBF765
:103F200030F8074600BF0298DBF7B9FB18B100BFB5
:103F300000BF00BFFEE700BFB7421ED90198DBF704
:103F4000AEFB10B10098874217D929464046FFF7CB
:103F5000A4FF8146B9F1000F1ED0AE4201D2304617
:103F600000E0284683465A4621464846F5F7D7FFE3
:103F700021464046FFF763FF0EE0B74206D95046A0
:103F80000299DBF7EDFB0298DBF7DDFB3A46504682
:103F90000299DBF720FDA14600BF4846BDE8FE8F31
:103FA00040F24C70704700002DE9F05F07460D4667
:103FB00016460DB1284600E0144880466FF0030114
:103FC000384601F041FA044617E02046DBF767FB6C
:103FD00008B9012000E0002081462046DBF782FC82
:103FE00082462046DBF7CDFC834633464A4651469F
:103FF000C0472046DBF703FC044624B12046DBF72C
:1040000053FB0028E1D0BDE8F09F00005F130108DA
:1040100010B5044604F15A0000B200F009F810BDD2
:1040200010B5044604F15A0000B200F001F810BDCA
:10403000014600204FF4B47291FBF2F302FB13111E
:10404000002902DA01F5B47211B25A2903DA134ACF
:1040500032F9110020E05A2908DBB42906DAC1F14F
:10406000B40211B20D4A32F9110015E0B4290BDB8C
:10407000B1F5877F08DAA1F1B40211B2074A32F82C
:104080001120524210B207E0C1F5B47211B2034AD6
:1040900032F81120524210B2704700006CBF040881
:1040A0002DE9FF4F85B08346139CBBF1000F02D072
:1040B0009BF8000018B9002009B0BDE8F08F069801
:1040C00008B90020F8E7129800F0020010B141F69C
:1040D000FF7008904FF00008002004900390002526
:1040E000814600268246471E019004A95846444A4C
:1040F0001268904705460498039065E003A9584666
:104100003F4A1268904781460AF1010A129800F06E
:10411000010050B129461498DAF738FA28B1DDF8D1
:104120001080039804904D464EE04A462946069872
:10413000F1F70DFF00B202900298304406B20298E7
:10414000002802DD0798304406B2781C40B9079871
:10415000311A0898814203DD4746AAF10100019017
:104160000A2D1DD00D2D1BD028460022B0F59C4FE6
:1041700005D349F6A573984201D801230FE0002129
:1041800007E020A35B5C834201D1012205E04B1CC8
:10419000D9B21CA35B5C002BF3D100BF13464BB11B
:1041A000B8F1000F03D1781C08B904B12660AAF158
:1041B000010A0DE014B1781C00B92660DDF810800A
:1041C000039804904D4600BF1BF80800002895D1C5
:1041D00000BF781C58B9BAF1000F04D00D2D04D1DE
:1041E000B9F10A0F01D1DDF81080404664E7159857
:1041F00008B1384660E70CB10020206000205BE782
:104200007C020024202C2E3B3A2D5F002DE9FF4F2D
:1042100083B004460E469046DDF848B0DDF8409085
:1042200000202080608016B907B0BDE8F08FB8F19B
:10423000000F00D1F8E70BF0020010B141F6FF705B
:1042400011900025AA4600BFB8F8080087B231E0F7
:104250000020CDE9000B70194146119B069ADAF750
:10426000CFF88244B4F9020038444844B0F5004F16
:1042700002D300BF00BFD7E76088384400B2608037
:104280006088484400B26080AAEB05017019CDF83F
:1042900000B04246069B00F02BF80290B4F90010E3
:1042A0000298814201DA029801E0B4F9000020800E
:1042B000554600BF705D0028CAD16DB1681E305CE4
:1042C0000A2803D0681E305C0D2805D1608807EBF2
:1042D0000901084400B26080608810B938B260807B
:1042E00004E06088A0EB090000B2608000BF9BE79B
:1042F0002DE9FF4705460E4617469846DDF830A0E3
:104300001DB9002004B0BDE8F0870FB90020F9E71F
:10431000287808B90020F5E70020039000240290D7
:1043200046B31FE003AB6A4601A92846DAF74CF80A
:104330000AF0010028B102A80199DAF727F900B1C3
:1043400010E03846DDE90021F1F701FE0FFA80F9AF
:10435000B9F1000F05DD04EB090004B204EB08001D
:1043600004B200BF0398B042DCD3002C02DDA4EB02
:10437000080004B22046C5E708B50146802901D2ED
:10438000084608BDB1F5006F11D2C1F3841040F0AA
:10439000C0008DF8000001F03F0040F080008DF873
:1043A000010000208DF802008DF8030033E0B1F524
:1043B000803F15D2C1F3033040F0E0008DF80000DB
:1043C000C1F3851040F080008DF8010001F03F003E
:1043D00040F080008DF8020000208DF803001AE004
:1043E000B1F5881F17D2C1F3824040F0F0008DF87C
:1043F0000000C1F3053040F080008DF80100C1F3EA
:10440000851040F080008DF8020001F03F0040F080
:1044100080008DF803006A461068B2E731B582B0BB
:10442000029800F08000E8B1042202A901A8F5F783
:10443000BEFE9DF8040000069DF8051000EB01404B
:104440009DF8061000EB01209DF807104418002588
:1044500004E0E0B200B9240A681CC5B2042DF8DB00
:10446000029400BF02983EBD2DE9F04105460E467C
:10447000002400270CE0281909490968884780466C
:10448000B8F1000F01D0404600E0012004447F1C39
:10449000B74202D2285D0028EDD12046BDE8F08168
:1044A00070020024F8B506460C4600200090002556
:1044B00005E069463046044A126890476D1C009832
:1044C000A042F6D32846F8BD7C02002438B5044645
:1044D00000250020009005E069462046044A126845
:1044E00090476D1C0098205C0028F5D1284638BD07
:1044F0007C02002408B5024600230020009001B988
:1045000069460868105C00F0800028B90868135CF0
:104510000868401C08608FE00868105C00F0E0004C
:10452000C02817D10868105CC006430D0868401CFD
:1045300008600868105C00F0C000802801D00020EE
:1045400008BD0868105C00F03F0003440868401C88
:10455000086071E00868105C00F0F000E02828D1E5
:104560000868105C0007030C0868401C08600868B5
:10457000105C00F0C000802801D00020E0E708684F
:10458000105C00F03F0003EB80130868401C0860DB
:104590000868105C00F0C000802801D00020CFE740
:1045A0000868105C00F03F0003440868401C086085
:1045B00042E00868105C00F0F800F02839D1086883
:1045C000105C4007C30A0868401C08600868105C5B
:1045D00000F0C000802801D00020B1E70868105C1E
:1045E00000F03F0003EB00330868401C08600868D7
:1045F000105C00F0C000802801D00020A0E708680F
:10460000105C00F03F0003EB80130868401C08605A
:104610000868105C00F0C000802801D000208FE7FF
:104620000868105C00F03F0003440868401C086004
:1046300002E00868401C0860184681E72DE9F8434D
:1046400006460C4600272068401E206000BF042F4D
:1046500002DB0020BDE8F883216888190D4909684C
:10466000884705463DB9206818B12068401E206083
:1046700001E00020EEE7781CC7B2002DE7D02068EB
:10468000009069463046044A12689047804640468A
:10469000E0E70000700200247C0200240146087854
:1046A00000F0800008B901207047087800F0E000B1
:1046B000C02801D10220F7E7087800F0F000E028D8
:1046C00001D10320F0E7087800F0F800F02801D1CC
:1046D0000420E9E70020E7E77FB582B004460D46F5
:1046E0001646059833462A46214600900248DAF7D6
:1046F0003FF906B070BD0000C7E800082DE9F0479B
:1047000082460C462046F7F733FD05462846F7F764
:10471000DFFC80462846F9F776FA8146424649464C
:104720002046FBF7D2F801212046FAF79DFF2046EC
:10473000F6F750FF06461048B0F9002042F2640137
:104740003046FBF7C2F800213046FAF78DFF02230E
:104750001A4600213046FAF767FF2046F6F73AFF7F
:10476000074601213846FAF791FF42F264013846C4
:10477000FBF708FBBDE8F0870C020024D4F7FEFD30
:1047800000BF5948006800F4003000B139E000BFB4
:1047900000BF00BFBFF34F8F00BF00BF00BF00BF0F
:1047A00000BF00BFBFF36F8F00BF00BF00BF00207E
:1047B0004E49086000BF00BF00BFBFF34F8F00BF6E
:1047C00000BF00BF00BF00BF00BFBFF36F8F00BFBF
:1047D00000BF00BF4448006840F400304249086010
:1047E00000BF00BF00BFBFF34F8F00BF00BF00BFBF
:1047F00000BF00BF00BFBFF36F8F00BF00BF00BF8F
:1048000000BF00BF384B1B6803F4803303B148E09E
:104810000023354C7034236000BF00BF00BFBFF3DE
:104820004F8F00BF00BF00BF231F1868C0F34E3179
:1048300000BFC0F3C90200BF43F6E07303EA4113AF
:104840004FF0404404EA82742343284C1034236020
:1048500000BF00BF131EA2F10102EDD10B1EA1F19A
:104860000101E6D100BF00BF00BFBFF34F8F00BF03
:1048700000BF00BF1C4B1B6843F480331A4C2360FD
:1048800000BF00BF00BFBFF34F8F00BF00BF00BF1E
:1048900000BF00BF00BFBFF36F8F00BF00BF00BFEE
:1048A00000BFD0F7B3F8D5F747FDD4F749FED4F7EA
:1048B000ADFDD4F7CBFFD5F749F8D5F789F9D5F792
:1048C00051F9D5F703F8D5F781F8D5F7BFF8D4F744
:1048D0003BFCD4F7CDFD00F0D3FDD4F707FE00F08C
:1048E000E5FD00BFFEE7000014ED00E050EF00E042
:1048F00070B504460D46802229462046EBF7EEFBB4
:10490000064680212046EBF703F826B1802229468F
:104910002046EBF7F7FB70BD2DE9FF4F87B005464A
:1049200092461F46DDF850B0DDF858800898EAF747
:10493000E2FC06900898EAF756FC059018980128C2
:1049400004D0022805D0032809D105E0DFF8D09073
:104950000AE0DFF8D09007E0DFF8CC9004E000BF79
:1049600000BF0BB0BDE8F08F00BFB8F1000F21D140
:1049700000261BE0002411E005EB440000880390B2
:1049800007EB440000880290159A0399C8470490E9
:1049900005EB4400BDF810100180641C06988442A9
:1049A000EADB05EB4A0507EB4B07761C05988642C8
:1049B000E0DB33E000262EE0002422E018F80400BB
:1049C00000B91DE018F80400FD2801DB159804E08B
:1049D00018F80400159948430012049005EB4400B0
:1049E0000088029007EB440000880190049A029925
:1049F000C847039005EB4400BDF80C10018000BFD0
:104A0000641C06988442D9DB05EB4A0507EB4B078B
:104A100017988044761C05988642CDDB00BFA0E73E
:104A2000B10D0108E30E0108530E01082DE9FF4FF7
:104A300085B005461F46DDF850900698EAF75BFC06
:104A400083460698EAF7CFFB0490B9F1000F3DD1F9
:104A50001398FD2814DB4FF000080DE04FEA4B02DD
:104A600039462846F5F75BFA079805EB400512989A
:104A700007EB400708F1010804988045EEDB79E177
:104A80004FF000081EE0002412E005EB440000880F
:104A9000029007EB440000880190139A0299ECF70A
:104AA00063FD039005EB4400BDF80C100180641C0D
:104AB0005C45EADB079805EB4005129807EB4007D9
:104AC00008F1010804988045DDDB53E11398FD28C7
:104AD0007DDDABF1040003904FF000080EE14E467F
:104AE00000241FE03078D8B13078FF2806D105EBDC
:104AF000440007EB44010988018011E0327805EB9E
:104B000044000088019007EB440000880090019960
:104B1000ECF72AFD029005EB4400BDF80810018077
:104B2000761C641C5C4503DA06F003000028D9D12A
:104B3000B246B1E0DAF8000000281ED0DAF8000032
:104B4000401CD8B905EB440007EB440109880180FB
:104B5000601C05EB400107EB400000880880A01CAA
:104B600005EB400107EB400000880880E01C05EBE6
:104B7000400107EB4000008808808AE05646307804
:104B8000D8B13078FF2806D105EB440007EB44018B
:104B90000988018011E0327805EB4400008801901B
:104BA00007EB4400008800900199ECF7DDFC0290CF
:104BB00005EB4400BDF808100180761C307808B37E
:104BC0003078FF2809D1601C05EB400100E09AE035
:104BD00007EB40000088088014E03278601C05EB89
:104BE000400000880190601C07EB400000880090A6
:104BF0000199ECF7B9FC0290601C05EB4000BDF890
:104C000008100180761C3078F8B13078FF2807D181
:104C1000A01C05EB400107EB40000088088014E071
:104C20003278A01C05EB400000880190A01C07EB27
:104C30004000008800900199ECF796FC0290A01CBF
:104C400005EB4000BDF808100180761C3078F8B103
:104C50003078FF2807D1E01C05EB400107EB40004E
:104C60000088088014E03278E01C05EB40000088E2
:104C70000190E01C07EB4000008800900199ECF7E0
:104C800073FC0290E01C05EB4000BDF808100180A9
:104C9000761C0AF1040A241D03988442FFF64AAFE9
:104CA00056461FE03078D8B13078FF2806D105EBA2
:104CB000440007EB44010988018011E0327805EBDC
:104CC00044000088019007EB44000088009001999F
:104CD000ECF74AFC029005EB4400BDF80810018097
:104CE000761C641C5C45DDDB079805EB40051298DB
:104CF00007EB40071598814408F1010804988045A6
:104D0000FFF6EDAE36E04FF0000830E0002422E080
:104D100019F80400F0B119F80400FD2801DB13981C
:104D200004E019F80400139948430012064605EB05
:104D300044000088029007EB44000088324601904E
:104D40000299ECF711FC039005EB4400BDF80C1040
:104D5000018000BF641C5C45DADB079805EB400569
:104D6000129807EB40071598814408F10108049850
:104D70008045CBDB09B0BDE8F08F2DE9FF4F85B052
:104D800082460E461F46DDF848B0DDF85080D9F760
:104D9000CFFA81463046EAF7AEFA04903046EAF799
:104DA00022FA0390B8F1000F23D100251DE0002462
:104DB00015E01398029007EB44000088ADF804005A
:104DC0007088284400B20090318821440BB2D9F891
:104DD0000000D0F81CC05146079AE047641C0498B4
:104DE0008442E6DB07EB4B076D1C03988542DEDB54
:104DF0002BE0002526E000241CE018F80400C0B1D8
:104E000018F8040013994843000A029007EB440085
:104E10000088ADF804007088284400B20090318802
:104E200021440BB2D9F80000D0F81CC05146079AB3
:104E3000E047641C04988442DFDB1598804407EB4C
:104E40004B076D1C03988542D5DB09B0BDE8F08F98
:104E50002DE9F04104460F469046802C06D20025ED
:104E60002046E11704EB91718E1009E0204605F011
:104E70000EFD0546681F24FA00F080F02006AD1FE5
:104E80003D60C8F80060BDE8F0812DE9F0410446BE
:104E90000D461646802C09D3204605F0F8FC401F2D
:104EA000012101FA00F0471E3C4400BF324629466A
:104EB0002046FFF7CDFFBDE8F0810246FD2901DB6A
:104EC00010467047022901DC0020FAE702FB01F0DE
:104ED00000EBC01303EBC030C0F3C750F1E700BFD5
:104EE00018B900BF00BF00BFFEE700BF002101608E
:104EF000416070472DE9F84305462846F0F7E0FE8B
:104F000004462046F7F734F980464046F7F730F973
:104F100081464846EBF7FAFA0646306800900021D1
:104F20004046F6F7C0FFA04214D19DF802000128C8
:104F300009D10C208DF80200BDF80000401E80B29F
:104F4000ADF800001AE09DF80200401E40B28DF856
:104F5000020013E09DF802000C2809D101208DF811
:104F60000200BDF80000401C80B2ADF8000005E072
:104F70009DF80200401C40B28DF802009DF902200D
:104F8000BDF800104846EBF7C9FA01214046F6F794
:104F90008AFF07469DF90200401E054951F820305E
:104FA000BDF8002003A13846F4F78CFBBDE8F88378
:104FB0006C01002425642025730000002DE9F843CE
:104FC00004462046F0F77CFE07462046F0F77BFEBD
:104FD00080463846F0F748FB05464046EBF796FA20
:104FE000064630680090681C40B28DF802009DF9BA
:104FF0000220BDF800104046EBF790FABDE8F883B8
:105000002DE9F04782460D4600212846F9F7B4FB0A
:1050100000212846FAF728FB0023022219462846D9
:10502000FAF702FB2846EAF743FC814600222FA14B
:105030004846FAF783FD6420002804DAC0F57A7147
:1050400041F4005101E040F400510CB221464846C1
:10505000FAF72BFB4846FAF7E7FE4846F7F738F829
:10506000064631464846FAF78DFE002307222049BE
:105070004846F5F785FC04214846F6F7E5F9284649
:10508000F3F7C0FA074603213846F4F781FA002205
:1050900002213846FAF724FE01213846FAF7F6FADB
:1050A0002846EAF705FC8046002212A14046FAF79E
:1050B00045FD324631464046FAF707FC00230722F9
:1050C0000B494046F5F75CFC04214046F6F7BCF975
:1050D00000231C2208492846F5F752FC00221C2117
:1050E0002846F0F7F3FDBDE8F0870000EF8193005C
:1050F000F54E0308EF8194003DB603082DE9F04119
:1051000080460C462046F7F733F805460021204636
:10511000F9F732FB00212046FAF7A6FA2046F0F70D
:10512000C5F90646174801683046F0F797FC2B464C
:105130001C2215493046F5F723FC01213046FAF7C9
:10514000A5FA2046F0F7B2F907461048016838463C
:10515000F0F784FC2B461C220D493846F5F710FC6D
:1051600001213846FAF792FA00231C220949204609
:10517000F5F706FC00221C212046F0F7A7FDBDE84C
:10518000F0810000A001002475C503089C010024E3
:10519000BD4F03088DB60308F2F7EEFFFAF70EFFD6
:1051A000FAF73AFF05F054FE02E0142000F058F937
:1051B000FBE700000FB4F8B506460D4620488642CE
:1051C00002D1204820490860089820B94FF0FF30EC
:1051D000F8BC5DF814FB09A800904FF480711A48E0
:1051E000009B089A0068CBF715FA04B200200090E3
:1051F000002C01DBFF2C02DD4FF0FF30E8E735B972
:10520000A2B2114801683046D3F7B4FD16E0012D73
:1052100006D1A2B20C4801683046D3F7FBFD0DE081
:10522000022D08D1A2B24FF47A73074801683046C4
:10523000D3F73FFD02E04FF0FF30C9E72046C7E754
:10524000B40500248C0E01245403002470B50446D8
:10525000254615F83C0F00F00300401C032190FB8D
:10526000F1F201FB1200297860F3010105F83C1905
:10527000204601F021FA2046F9F7BFF870BD000082
:1052800070B504460C48006808B9002070BD14B918
:105290000A480068FAE70CB90020F7E72046E5F76E
:1052A000E0FD0546601906490968884201D30020DF
:1052B000ECE76019EAE70000F40000244C02002447
:1052C000F800002437B5034601B93EBD08461D6805
:1052D0002D1D2844024602AC2568156000BFF4E786
:1052E00037B5034601B93EBD08461D68284402464D
:1052F00002AC2568156000BFF5E72DE9F05F0446B4
:10530000002221212046F0F7E1FC8246BAF1000F8D
:1053100001D1BDE8F09F00212046F6F7C4FD80468C
:1053200007E04046FFF7E9FF00212046F6F7BBFD06
:105330008046B8F1000FF4D12046F6F7BFFE814653
:105340000020F2F751FD07461DE0786AA04202D026
:10535000B86AA04203D121463846F2F739FE386BCD
:10536000A04201D100213963386D484507D1F2F7D9
:1053700049FDA04203D121463846F2F729FE3846BE
:10538000F2F732FD0746002FDFD12046D8F75EFD49
:10539000606840BB2046F6F751FE0546002606E051
:1053A000E86850F82600A04200D103E0761C686A45
:1053B000B042F5D800BFB3465E4606E0701CE9680F
:1053C00051F8200041F82600761C686A401EB04261
:1053D000F4D8686A401E68626A6A9100E868F4F767
:1053E00069FDE8602BE02046F6F77BFE0646354671
:1053F0000BE0606880680168681C51F820006168F3
:105400008968096841F825006D1C606880684068FB
:10541000401EA842EDD8606880684068401E616800
:105420008968486062689268526891006268926810
:105430001068F4F73FFD61688968086000BF204686
:10544000F4F7E4FC00BF64E702465018704770B5FB
:1054500005460C46E1B200222846FAF700FC70BD72
:1054600070B50546D7F72CF810B16FF0050404E0CD
:10547000002415B1284605F0B9FF204670BD000094
:1054800010B5D7F71DF810B16FF0050409E0064814
:10549000006820B9012004490860002401E04FF0B1
:1054A000FF34204610BD00004803002470B5D7F734
:1054B00007F810B16FF005041FE0114800680128DB
:1054C00019D100BF801F0021002804DB0A07130E3A
:1054D0000C4A135406E00A07150E0B4A00F00F039E
:1054E0001B1FD55400BF00BF02200549086005F00E
:1054F000F9FF002401E04FF0FF34204670BD0000AA
:105500004803002400E400E018ED00E02DE9FF4727
:1055100080468946144600200390D6F7D1FF002824
:105520004FD1B8F1000F4CD04FF480661825824659
:10553000471E44B3206808B1D4F800A0A06900B1A8
:10554000A5692DB1382D03D8207900F0010018B1DC
:10555000002004B0BDE8F087606908B16069860882
:10556000A06840B1E0685C2805D3206918B1606983
:1055700008B1012708E0A06830B9E06820B92069C7
:1055800010B9002700E00027012F0CD12169A06885
:105590004B463246CDE9005102905146404606F056
:1055A0002DFD03900DE067B903A8B2B24B465146FA
:1055B000CDE90050404606F0EFFC012801D0002064
:1055C00003900398C5E700BF18B900BF00BF00BF34
:1055D000FEE700BF002141600161C16081600160A0
:1055E00041617047F0B5DDE90554012B0BDC032860
:1055F00005D0042802D0052803D100BF00BF022037
:1056000000E000BF00BF062842D2DFE800F0410FF3
:1056100003332017002626808E1A06EBD677B5F8BE
:1056200000C00CEB67073FB22F8034E000262680D5
:105630002E888F1A3E4436B22E802CE08E1A37B256
:105640005E1E36B297FBF6F636B2268023E08E1A3F
:1056500036B296FBF3F627883E4436B22680B4F97C
:10566000006006EBD677B5F800C00CEB67073FB2D9
:105670002F8010E08E1A37B25E1C36B297FBF6F61A
:1056800036B226802E8827883E4436B22E8002E02D
:105690000026268000BF00BFF0BD2DE9FF4F81B07E
:1056A00005460C461646049870B12088A0EB6600AB
:1056B00000B2208020883044401E00B2A080E88ADA
:1056C0006080688BE0800DE06088A0EB660000B22F
:1056D000608060883044401E00B2E080A88A20804C
:1056E000288BA0804FF440312846F7F7B8FE81465A
:1056F0004FF440312846F7F75BFF82464FF44031C4
:105700002846F8F725F883464FF440312846F7F746
:10571000C9FD00904FF440312846F8F7FFF9804664
:105720004FF440312846F8F7DFF90746208809EBA7
:105730000801401A00B22080A0880AEB0801084442
:1057400000B2A08061880BEB0700081A00B26080ED
:10575000E2880099C819104400B2E08005B0BDE8A5
:10576000F08F2DE9F84F05462C462846E5F701FF56
:1057700006460EB9BDE8F88F3046F6F7A9FC834619
:105780002846F6F711FC834500DCF3E7002130469C
:10579000F8F7DFF800900098F0F7F4FB07460021D7
:1057A0003046F8F746F9804607EB08000FFA80F913
:1057B000E08E00FB09F00FFA80FA00225146606A81
:1057C000F9F7E0FE606AF8F718FE00BFD2E70000C4
:1057D0002DE9F04105460E46164807681648006850
:1057E000001D05F060FC681C38B936B1124801682C
:1057F000091D124805F0C8FC1AE07C190E48006823
:105800004460BC4207D20C480168091D0C4800687E
:1058100005F0A0FC0CE008480168091D0948006873
:1058200005F098FC08480068844201D206480460EC
:10583000BDE8F081E0020024CC020024A81400247A
:10584000D4020024D0020024FC02002410B5044637
:1058500005F0A6FC24480068401C23490860234842
:10586000006840B9214804600846006801280DD14D
:1058700000F0FCF90AE01E48006838B91B480068CF
:10588000C06AE16A884201D8184804601948006873
:10589000401C184908600846006860641649E06AC0
:1058A0000968884202D91449E06A0860E16A01EB9C
:1058B0008101124A02EB8100211D05F065FC05F013
:1058C00099FC0B48006868B108480068C06AE16A42
:1058D000884207D24FF0805009490860BFF34F8FCC
:1058E000BFF36F8F10BD0000DC020024CC02002447
:1058F000E8020024F8020024E4020024F80F002447
:1059000004ED00E008B505F04BFC12480068E8B96A
:10591000114805F00FFC114805F00CFC0E48104929
:1059200008600E480F49086000200F4B0F4A1021F5
:1059300000900A2006F028F806490860084600682A
:1059400020B10BA10348006805F014FD05F052FCDE
:1059500008BD000010030024BC140024D01400244F
:10596000080300240C030024E4140024341500244C
:10597000546D72510000000010B516E005F010FCE7
:105980000C48C068C468201D05F08DFB0A480068FB
:10599000401E0949086009480068401E0749086020
:1059A00005F028FC204600F05FF804480068002855
:1059B000E4D110BD94140024DC020024D802002499
:1059C00070B504460D46206C70B1216CE06801444E
:1059D000E160D4E90210884201D32168E1602846E1
:1059E000226CE168CAF79BFF70BD2DE9F0410446C7
:1059F0000F4615464FF00008A66B206C48B920688A
:105A000000282CD1A06806F017FC80460020A0607A
:105A100025E07DB93946226C6068CAF780FF216CA9
:105A2000606808446060D4E90101884217D32068A7
:105A3000606014E03946226CE068CAF770FF216CA0
:105A4000E068411AE1602168E068884203D2216C75
:105A5000A068411AE160022D01D106B1761E701CCA
:105A6000A0634046BDE8F08110B5044694F85900A3
:105A700030B9206B05F0DCFB204605F0D9FB1AE0BD
:105A800094F85900012803D1204605F0D1FB12E01B
:105A900094F85900022801D1012000E0002050B9FB
:105AA00000BF502080F31188BFF34F8FBFF36F8F7B
:105AB00000BF00BFFEE710BD0146084A1268126829
:105AC0000AB9012200E000220A600A6822B9034AEA
:105AD0001268D268106800E00020704708030024B4
:105AE00030B54FF44843174800F007042CB1C01DEF
:105AF00020F00700134C041B1B1B0246124C2260B3
:105B00000024114D6C60D018083820F007000F4CAD
:105B1000206000240D4D2D686C600C4D2D682C60AC
:105B20001146441A4C60094C24680C60084D4C68BE
:105B30002C60084D4C682C604FF00044064D2C60E2
:105B400030BD0000D41500241C03002424030024CD
:105B50002C030024280300243803002400BFFFF78F
:105B60000BFF064800680128F9D94FF0805004491E
:105B70000860BFF34F8FBFF36F8FF0E7F80F00247B
:105B800004ED00E02DE9F04106460D461746984623
:105B9000069C0DB9246000E02760E66325640121BE
:105BA000204605F061FF84F84C80BDE8F0812DE9C6
:105BB000F05F82460E4690469B460A9F0C9C4FEA39
:105BC0008801A522206BCAF721FFA8F10100216BF3
:105BD00001EB800929F0070909F0070008B9012045
:105BE00000E0002050B900BF502080F31188BFF3BF
:105BF0004F8FBFF36F8F00BF00BFFEE786B1002558
:105C000007E0715D04F134004155705D00B902E0B8
:105C10006D1C102DF5D300BF00214320015502E07B
:105C2000002084F83400382F00D33727E762E76478
:105C300000202065201D05F08AFA04F1180005F007
:105C400086FA2461C7F13800A061646200206065B3
:105C500084F858005A465146484600F0D5FB20606B
:105C60000B9808B10B980460BDE8F09F10B50024B4
:105C700007E004EB84010F4A02EB810005F05AFAB9
:105C8000641C382CF5D30C4805F054FA0B4805F089
:105C900051FA0B4805F04EFA0A4805F04BFA0A484B
:105CA00005F048FA044809490860044808490860B2
:105CB00010BD0000F80F0024581400246C140024B8
:105CC0008014002494140024A8140024D00200247A
:105CD000D402002410B50146164800E000680368AD
:105CE0008B42FBD30246436813448B4204D1436882
:105CF0004C682344436001460A464B6813440468D9
:105D0000A34211D10C4C03682468A34208D04B680D
:105D10000468646823444B6003681B680B6005E0FB
:105D2000054B1B680B6001E003680B60884200D0E4
:105D3000016010BD1C030024240300242DE9F04160
:105D400004460D4616461F464FF000086560246164
:105D5000B5420CD8F01BA169884202D34FF001086C
:105D600011E0211D0948006805F0F4F90BE0BE427E
:105D700004D2BD4202D34FF0010804E0211D0448C3
:105D8000006805F0E7F94046BDE8F0810C03002407
:105D90000803002470B5054605F002FAA86B08B99F
:105DA000012400E0002405F025FA204670BD70B5FE
:105DB000054605F0F5F9A86BE96B884201D101248D
:105DC00000E0002405F016FA204670BDF8B505463F
:105DD0000F461A480068C068C468201D05F063F9C2
:105DE00094F8280000F00400E8B1A06941192B469E
:105DF0003A462046FFF7A2FFD8B1002003462A46C4
:105E000001460090204606F073FB064656B900BFD7
:105E1000502080F31188BFF34F8FBFF36F8F00BF07
:105E200000BFFEE705E094F8280020F0010084F8A8
:105E300028002046216A8847F8BD00000803002496
:105E4000F0B587B0A0E00398002811DA04AE56B987
:105E500000BF502080F31188BFF34F8FBFF36F8FC7
:105E600000BF00BFFEE7D6E90020B168904700BF41
:105E700003980028E6DB059C606908B9012000E072
:105E8000002010B9201D05F00EF902A800F0DEF880
:105E9000054603980A2875D2DFE800F0090507399E
:105EA000416306083A4200BF00BF00BF00BF94F83C
:105EB000280040F0010084F828000498A2698118A5
:105EC00003462A462046FFF739FFF8B12046216AEB
:105ED000884794F8280000F00400B8B10020009032
:105EE0000498A169421800231946204606F000FBD9
:105EF000074657B900BF502080F31188BFF34F8F7A
:105F0000BFF36F8F00BF00BFFEE700BF3BE000BFE5
:105F100094F8280020F0010084F8280033E000BF46
:105F200094F8280040F0010084F828000498A0614B
:105F3000A06908B1012000E0002050B900BF502046
:105F400080F31188BFF34F8FBFF36F8F00BF00BF87
:105F5000FEE7A06941192B462A462046FFF7EEFED0
:105F600011E094F8280000F0020018B9204605F06E
:105F70005FF905E094F8280020F0010084F828007B
:105F800001E0FFE700BF00BF002203A9044800684A
:105F900005F008FF00287FF456AF07B0F0BD000001
:105FA00010030024F8B505460C4605F0F7FA6846DC
:105FB00000F04CF80646009820BB44B9B54206D81C
:105FC00006F0D8F931462846FFF700FF1CE03CB147
:105FD0000E480068006808B9012000E0002004466F
:105FE000A91B22460A48006805F0DAF906F0C2F952
:105FF00050B94FF0805007490860BFF34F8FBFF38F
:106000006F8F01E006F0B6F9F8BD00000C03002424
:106010001003002404ED00E00A490968096809B981
:10602000012100E0002121B14FF0FF31064A11604B
:1060300006E004490968C968C868034A41681160F4
:1060400070470000D0020024FC02002470B5044612
:1060500006F042F8054607480068854204D200F081
:106060000BF80120206001E000202060014805605D
:10607000284670BD180300242DE9F84334E0254874
:106080000068C068056823480068C068C468201DAF
:1060900005F009F82046216A884794F8280000F0A6
:1060A000040008B3A0694619AE4207D966602461AE
:1060B000211D1848006805F04DF815E00020034642
:1060C0002A4601460090204606F012FA074657B9C4
:1060D00000BF502080F31188BFF34F8FBFF36F8F45
:1060E00000BF00BFFEE700BF0A480068006808B9AB
:1060F000012000E000200028C1D00648D0F8008030
:1061000005480068034908600348C0F80080BDE8FE
:10611000F8830000080300240C0300240E480068E4
:10612000401C08B9012000E0002050B900BF5020F9
:1061300080F31188BFF34F8FBFF36F8F00BF00BF95
:10614000FEE700BF502080F31188BFF34F8FBFF3ED
:106150006F8F00BF00BFFEE73C03002408B500BFFF
:106160006846FFF7A9FC044620460099FFF71AFF8E
:10617000FFF766FEF4E770B5044605F011F894F9F0
:10618000455010E0606A08B9012000E0002038B9ED
:1061900004F1240006F0A2F818B105F061F900E05E
:1061A00003E0681E45B2002DECDC00BFFF2084F840
:1061B000450005F01FF804F0F3FF94F9445010E097
:1061C000206908B9012000E0002048B904F110005E
:1061D00006F084F808B105F043F9681E45B200E006
:1061E00001E0002DECDC00BFFF2084F8440005F046
:1061F00001F870BD2DE9F04104464FF0000805F0AC
:10620000CDF94948006808B9FFF76AFC47480068BB
:106210002040002870D1D4B1083404F00700B0B198
:1062200004F00700C0F10800044404F0070008B9B6
:10623000012000E0002050B900BF502080F31188F9
:10624000BFF34F8FBFF36F8F00BF00BFFEE7002C7F
:1062500052D03748006884424ED8364E30460568E2
:1062600001E02E462D686868A04202D22868002806
:10627000F7D12D48006885423ED0306800F108080B
:10628000286830606868001B102819D92F1907F09A
:10629000070008B9012000E0002050B900BF5020DD
:1062A00080F31188BFF34F8FBFF36F8F00BF00BF24
:1062B000FEE76868001B78606C603846FFF70AFDEF
:1062C0001B4968680968081A194908600846006887
:1062D00019490968884203D21548006816490860C0
:1062E00012496868096808436860002028601348FC
:1062F0000068401C1149086006F03CF808F00700EF
:1063000008B9012000E0002050B900BF502080F300
:106310001188BFF34F8FBFF36F8F00BF00BFFEE741
:106320004046BDE8F0810000240300243803002427
:10633000280300241C0300242C0300243003002421
:106340002DE9F04F87B08046C14699F85C00C0F354
:106350008000002847D0D9F82400F2F775FC069099
:1063600022490698096888478246BAF1000F02D18F
:1063700007B0BDE8F08F00214046F7F71AFB059003
:10638000002342F2220201A90598EFF74EFD834651
:10639000BBF1000F01D016A700E016A73846CAF7D8
:1063A0009FFA04460AFB04F1481CF3F79BFC0546E0
:1063B000002606E006FB045022463946F3F7AFFDFF
:1063C000761C5645F6DB002106FB04F029542946CD
:1063D000D9F82400F3F71EF92846F3F7FFFC4046EE
:1063E00000F028F800BF00BFC2E700008C020024C4
:1063F000E280A2002A000000704770B504462568BC
:106400002846FFF79DFF70BD001F4FF080730360AB
:10641000001F21F001030360001F054B03601438C7
:106420000260001F6FF00203036020387047000015
:106430001D6103082DE9F04F8FB006463446002158
:106440003046F7F7B6FA0E9000213046F7F725FBF5
:106450000D903046FDF75AF80C90606AF2F7F4FBA5
:1064600081464846914A0C9912689047074609EBC5
:10647000070000218E4A1268904705460E98EFF7F4
:106480008DFD0B901DB10A2D01D00D2D07D10022DD
:1064900020210E98EFF75BFD0FFA80FA06E000224C
:1064A00029460E98EFF753FD0FFA80FA0AAA606AA0
:1064B0000C99F2F7C5FA606AF2F7C6FB0190606AC0
:1064C0000021019AF4F7E2FE8346BDF92800616AD3
:1064D000B1F91410084400EB0A01606AB0F9180021
:1064E000814235DD94F85C00C0F3C00040BBBBF1D5
:1064F000030F2DD00020ADF82800BDF82A200D99FB
:106500000B980844104400B2ADF82A0065B109EBBD
:106510000700684909688847074409EB070000211C
:10652000634A1268904705461DB10A2D01D00D2D12
:1065300007D1002220210E98EFF709FD0FFA80FA0B
:1065400006E0002229460E98EFF701FD0FFA80FAC7
:10655000E7644FF4E0213046F6F740FD80464FF403
:10656000E0213046F7F71BF9404400B209904FF4A0
:10657000E020019041F6110230460199F7F71CF92D
:1065800000900098404400B208904FF4E02130465B
:10659000F6F78CFF404400B207904FF4E0200190E2
:1065A00041F6130230460199F7F706F9009000987A
:1065B000404400B20690BDF828100798081A00B2AF
:1065C000ADF81000BDF82A100998081A00B2ADF80D
:1065D0001200BDF82810069808445044401E00B22E
:1065E000ADF81400BDF82A10089801440B9808442F
:1065F000401E00B2ADF8160004F1440102A8E8F70D
:10660000C6FDBDF80800616A898A084400B2ADF889
:106610000800BDF80A10606AC08A084400B2ADF8EC
:106620000A00BDF80C00616A898A084400B2ADF81E
:106630000C00BDF80E10606AC08A084400B2ADF8C4
:106640000E0002A93046F7F712FF04A904F1440036
:10665000E8F79DFD04F1440102A8E8F798FDBDF8B4
:106660000800616A898A084400B2ADF80800BDF8E4
:106670000A10606AC08A084400B2ADF80A00BDF88A
:106680000C00616A898A084400B2ADF80C00BDF8BC
:106690000E10606AC08A084400B2ADF80E0002A96C
:1066A0003046F7F7E4FE0FB0BDE8F08F8402002417
:1066B0007C020024700200242DE9F04704462046A5
:1066C000E7F710F825462046F7F79DFA0646002121
:1066D0002046F6F79AFB8146A6EB090000EBD07145
:1066E00049100FB22046E4F78FFA80460FFA88F07F
:1066F000FDF79EFC10FB07F0C01300B228850FFACF
:1067000088F0FDF785FC10FB07F0C01301B2698526
:10671000304606EBD0712A8D02EB610109B2298562
:1067200006EBD0714A10698D11440AB26A85204681
:10673000E6F7D8FFBDE8F0872DE9F34F97B007469D
:106740003846E4F722FF054615B919B0BDE8F08FC9
:106750002846F2F779FA8246524600212846F4F795
:1067600095FD16901698012828D0022802D00328FB
:1067700029D113E03846F5F736FC82462846F7F76C
:1067800042FAAAEB0000109000EBD070401000B26B
:1067900001460F902846F9F70EFB14E03846F5F74E
:1067A00022FC82462846F7F72EFAAAEB000000B238
:1067B000014610902846F9F7FEFA04E00021284629
:1067C000F9F7F9FA00BF00BFBB4600213846F7F7DA
:1067D000D8F8159000213846F7F745F91490159828
:1067E000EFF7D8FB80463846F5F7DEFB81464FF0E1
:1067F000000A652251463846F6F7DEFF10901098E1
:1068000084B2189800B114B93846E6F785FCBBF895
:1068100026001390149808EB00011398414308B226
:106820001290494609EBD1725210404608EBD073E2
:10683000A2EB630212B21192DDE91120101A06B226
:10684000189800B144B915492846E7F7C9FD314603
:106850002846F9F7C9FA1FE001A8E7F709FE00BFCB
:10686000019500BF0D48029000BF2846F7F7F7F9E1
:106870008246CDF820A0CDF824A00A9600BF00BF24
:106880000B9400BF0648049000BF0648079000BF65
:1068900001A8E7F7C5FE00BF00BF56E7CD730308A8
:1068A000A76C0308EBE401082DE9F04F8BB0064616
:1068B0000F4635464FF4A0213046F6F7EAFD8146F3
:1068C0004FF4A0213046F6F78DFE82464FF4A0210A
:1068D0003046F6F757FF83464FF4A0213046F6F7CF
:1068E000FBFC0A904FF4A0213046F7F788F8099096
:1068F0004FF4A0213046F7F7C3F808904FF4A021D9
:106900003046F7F74AF807904FF4A0213046F6F7E3
:10691000F9FB06904FF4A0213046F6F7E6FB8046DF
:106920003C462DE00A98CDE902ABCDF804900490E6
:106930000898A1B200903046099B079AE5F7E6F85F
:10694000E96A21F81400E86A30F91400404503DAD6
:10695000E86A30F9140000E040460699884201DAFE
:10696000069809E0E86A30F91400404503DAE86A5D
:1069700030F9140000E04046E96A21F81400641C74
:10698000E88CA042CED83046F8F7E3FA0BB0BDE869
:10699000F08F2DE9F04105462846F5F7A2FA0646A4
:1069A000002412E0A868006850F824703846F7F711
:1069B00024FD00222A213846EFF788F93846F7F7F8
:1069C0001CFD3846FFF7E5FF641CB442EAD3BDE87E
:1069D000F08100002DE9F04F87B005462846E4F726
:1069E000D4FD06461EB9012007B0BDE8F08FF1F7CF
:1069F000F5F906902C460698F1F745FA0746042F5C
:106A000001D0022F10D1E08C2085042F0CD1284614
:106A1000F5F754FB80464046EFF730FF18B10021F0
:106A20004046EFF7CEFF00BF0698F1F72CFA012899
:106A300004D00698F1F727FA03287DD14FF0FF38EC
:106A4000A06AC0F34040002838D1804603A90698C8
:106A5000F1F7DEF9BDF80E10F08A081A00B2ADF8B1
:106A60000E00BDF80C00B18A401A00B2ADF80C005F
:106A700003A93046F1F7B0FE81463046F2F7E4F85C
:106A80008346002002900190824600BF13E002A9D5
:106A90005846324A12689047009000980A2806D15A
:106AA0000198484503D008F101000FFA80F80298D8
:106AB00001900AF1010ACA45E9D339E000212846CC
:106AC000F6F75FFF039000212846F6F7CCFF8246D9
:106AD0000398EFF75FFA83460BEB0A0000B20290CF
:106AE000B5F91A20B5F91610501A00EBD0714A10FA
:106AF000E98A114409B201910C210698F1F7D3FA01
:106B0000F18A084400B20090DDE90010411A0298B1
:106B100091FBF0F9B9F1000F01DA4FF00009A08CF8
:106B2000484502DCA08CA0F101090FFA89F800BFEA
:106B3000B8F1000F07DB00E006E01FFA88F1012240
:106B40002846FAF740F800BFE08C059005AA1C2102
:106B50002846EFF7BBF80490049845E77C02002430
:106B6000F0B50C46E568A16800BF1DB900BF00BFC5
:106B700000BFFEE700BF00BF19B900BF00BF00BFE4
:106B8000FEE700BFCD60A96000F14C0606EBC2161F
:106B900056F82360A6421BD100F14C0606EBC21644
:106BA00046F82310814213D100F1140656F82260F2
:106BB00001279F40BE4300F1140747F822603E467C
:106BC00056F8226026B9012797400669BE43066140
:106BD000F0BD2DE9F04106460D4600240EE026B139
:106BE000E86850F83400B04207D14FF6FF724FF416
:106BF00070212846F8F7C6F905E0641C688CC0F3DC
:106C0000C500A042EBD800BF2846F5F76AF9074651
:106C1000002407E0A868006850F824103046FFF709
:106C2000D8FF641CBC42F5D3BDE8F08170B50546C1
:106C30002868F5F703FA0446002227212069EFF7B8
:106C400045F8002228216069EFF740F8606938B103
:106C500094F8280000F0010010B16069F4F7CAFC54
:106C600000206061A061002240F262412868F8F7CC
:106C700003FA70BD70B504462068F5F7DFF90546E4
:106C8000F9F7CDFF68612068286100222621286974
:106C9000EFF71CF870BD10B5044600220A212068E9
:106CA000EFF714F810BD70B504462068F5F760FAE8
:106CB00005462846E6F730FA70BD00002DE9FF4F83
:106CC00091B090461298F5F753FA074610213846CE
:106CD000F6F7F6FF10B915B0BDE8F08F3846F5F7B6
:106CE000BFFA10904FF00009CA4600253846F5F764
:106CF000D5FB0F900F9818B1129800F1140400E022
:106D0000119C00213846F6F735F90E9000213846DF
:106D1000F6F7B6FC01460E98084400B20D9000212B
:106D20003846F6F764FA01460E98084400B20C9013
:106D3000F98A0D9808446188401AB8F80210401A80
:106D400000B20B90798B0C98081AE188401AB8F8B9
:106D50000210081A00B20A903846F5F7B9F9014650
:106D60000D98091A0C98081A00B209900B9800287F
:106D700004DB0A98002801DB00251BE00B980028A3
:106D800008DD0B9D3846F5F793FB0246501B00D5F6
:106D900000250FE00A9800280CDD0A98404205B251
:106DA0003846F5F7FDF9019001982844002800DAEB
:106DB000002500BF0F98012804D0022810D0032816
:106DC0003AD11BE0F98A0D9808440FFA80F96088DF
:106DD00028440FFA80FAA9EB0A00284405B22BE0F8
:106DE000798B0C98081A0FFA80F9E08828440FFA7A
:106DF00080FAA9EB0A00284405B21DE0099800EBCF
:106E0000D0714A10FB8A0D99194411440FFA81F987
:106E100000BFE1886288891A491C09B2084601EB63
:106E2000D071628802EB610129440FFA81FAA9EB63
:106E30000A00284405B200BF00BF00263846F5F717
:106E400023FB0890089818B1129800F1140400E090
:106E5000119C00213846F6F7A7FA0E9908440FFA5C
:106E600080FB00213846F6F748FB0E99084400B233
:106E70000790B88A58442188401AB8F80010401A80
:106E800000B20690398B0798081AA188401AB8F802
:106E90000010081A00B205900698002804DB059837
:106EA000002801DB00261DE0069800280ADD069E6A
:106EB0003846F5F703FA019001983044002800DDC8
:106EC00000260FE0059800280CDD0598404206B228
:106ED0003846F5F76BFA019001983044002800DA43
:106EE000002600BF3846F6F78EFEA0EB0B01079890
:106EF000081A00B204900898012804D002280FD084
:106F0000032838D11AE0B88A58440FFA80F920884B
:106F100030440FFA80FAA9EB0A00304406B22AE0A6
:106F2000398B0798081A0FFA80F9A08830440FFAB5
:106F300080FAA9EB0A00304406B21CE0049800EB8A
:106F4000D071BA8A5A4402EB61010FFA81F900BF8D
:106F5000A1882288891A491C09B2084601EBD07120
:106F6000228802EB610131440FFA81FAA9EB0A0091
:106F7000304406B200BF00BF29493846E7F730FA6F
:106F8000039028493846E7F72BFA0290039808B98E
:106F9000029850B100220A213846EEF797FE019080
:106FA0000198012800D096E600BF109800F001007B
:106FB00010B9002E00DA0026109800F0020010B977
:106FC000002E00DD0026109800F0040010B9002DFE
:106FD00000DA0025109800F0080010B9002D00DD3F
:106FE0000025B8F90010149808B9002000E03046D8
:106FF000084400B2A8F80000B8F90210149808B9C3
:10700000002000E02846084400B2A8F802002A4602
:1070100031463846149BF8F729F900BF5BE60000BB
:1070200081710308657103082DE9F04104460D469E
:10703000164615B90EB9BDE8F0812046F3F7E2FF18
:10704000A068008A284400B2A1680882A068408A2B
:10705000304401B2A06841820123324629462046CD
:10706000F7F7A8FA00220B212046EEF72FFE07467D
:10707000012F00D0DFE72046F7F7BFF900BFDAE7BE
:1070800010B5DAB1B0F91630B2F900401C44B0F9CD
:1070900032309C4204DA448EC38AE31A1BB2138056
:1070A000B0F91630B2F900401C44B0F936309C42B9
:1070B00004DDC48EC38AE31A1BB21380D9B1B0F9C0
:1070C0001430B1F900401C44B0F930309C4204DA6D
:1070D000048E838AE31A1BB20B80B0F91430B1F925
:1070E00000401C44B0F934309C4204DD848E838A15
:1070F000E31A1BB20B8010BD2DE9F0410546B5F92E
:1071000018400026F0F76AFE0746386890F81980A4
:1071100008E0301906B2C8F164006043642190FBB6
:10712000F1F004B2002CF4D13046BDE8F0812DE935
:10713000F0410546B5F91A400026F0F74FFE074624
:10714000386890F8198008E0301906B2C8F1640078
:107150006043642190FBF1F004B2002CF4D130467E
:10716000BDE8F08170B505460C462846F5F7AAF94A
:10717000204406B2002231462846FFF755FF70BD75
:1071800070B505460C462846F5F7A6F9204406B228
:10719000324600212846FFF747FF70BD2DE9FC412C
:1071A00005460C462046ECF7C9FE4FF480312846D0
:1071B000F5F7ACFEE070E07802280CDD4FF4803784
:1071C000202239462846F6F7F7FA009000980190F9
:1071D000BDF80400A0804FF480373122394628469C
:1071E000F6F7EAFA01900198C0B284F8220094F808
:1071F000220002281EDD00BF41F232023946284635
:10720000F6F7DAFA0190019800B22084B4F9200070
:1072100000280CDD00BF302239462846F6F7CCFAAC
:10722000009000980190BDF80400E08302E0002087
:1072300084F822004FF4803740F64502394628464C
:10724000F6F7BAFA01900198C0B284F8360094F8C3
:107250003600022829DD00BF4FF404623946284673
:10726000F6F7AAFA0190019800B2E085B4F92E0071
:10727000002817DD00BF40F6430239462846F6F7DE
:107280009BFA0190019800B2A08600BF44223946C3
:107290002846F6F791FA009000980190BDF8040096
:1072A000A08502E0002084F836004FF480312846A3
:1072B000F5F735FF0646FD2E0DDAE0787043001233
:1072C000E070E0787043001284F82200E0787043A8
:1072D000001284F83600E07828B994F8220010B93A
:1072E00094F8360040B14FF480312846F6F7C0FAE2
:1072F00020800120BDE8FC810020FBE72DE9F0475C
:1073000004460E4617463568D7F8008004F114008D
:1073100050F825004FF0FF3101FA08F100EA0109A9
:10732000B9F1000F16D1691C4FF0FF328A40206975
:1073300000EA020ABAF1000F02D10020BDE8F0878E
:10734000504603F099FA0546356004F1140050F8F0
:10735000259000BF00BFB9F1000F03D100BF00BFEF
:1073600000BFFEE700BF484603F086FA8046C7F834
:10737000008004F14C0000EBC51050F82800DDE758
:1073800070B504460D46264628B2A6F844002046AD
:10739000F7F733F870BD70B504460D46264629B29E
:1073A000462081532046F7F728F870BD70B5054692
:1073B0000C4621B22846F8F7FEFC70BD70B50546B4
:1073C0000C4621B22846F8F70FFD70BD70B5054692
:1073D0000C4621B22846F8F707FD70BD2DE9F04FA5
:1073E00085B00446894617464FEA690004904FEA83
:1073F0006900039009F0010010B90498401E049040
:107400006000F2F76FFC8346B846002631E0601E4C
:1074100038F8100000FB09F00090651E1FE0009A8C
:107420002BF815200021039A2A44A24203DA039A7A
:107430002A4438F81210009A521A0092049AAA1A92
:10744000521E002A02D5B8F8000004E0049AAA1AD5
:10745000521E38F81200009A024400926D1E002D50
:10746000DDDA620059464046F2F759FD08EB440860
:10747000761CA642CBDB4FF47F5002900298B0FB03
:10748000F9F001904FF0000A15E037F81A0000B942
:107490000FE037F81A100298814203D1019827F8BB
:1074A0001A0005E037F81A0090FBF9F027F81A00E7
:1074B00000BF0AF1010A04FB04F05045E5D800259D
:1074C00042E007EB4508B8F8001001FB09F0002680
:1074D0002AE0002801DA002300E083112BF816309F
:1074E000039BF31A002B02DCB8F8001005E0039BA5
:1074F000F31A03FB045337F81310401A049B334468
:107500005B1CA34207DA049B33445B1C03FB04535C
:1075100037F8132004E0631E03FB045337F81320ED
:107520001044761C08EB4408A642D2DB07EB450862
:10753000002606E03BF81610A8F80010761C08EBB1
:107540004408A642F6DB6D1CA542BADB5846F2F7AA
:1075500045FC05B0BDE8F08F2DE9FF4F8BB00D461F
:10756000144627460E983E1809A80B99E7F7E2FD46
:10757000204604EBD0714A100E991144491E04F0C4
:10758000010282F00102891A09B2ADF8281004EB59
:10759000D0714910491C09B2ADF826100B98E7F7D5
:1075A000BFFEBDF82810081A00B2ADF824000B98F1
:1075B000E7F727FEBDF82610084400B2ADF82A0010
:1075C000002309A903A80E9AECF7A2FB012F01D111
:1075D000012401E0781004B23046F2F783FB8146C3
:1075E000A846002002903BE031464846F2F75CFE98
:1075F00003A8009033B2DDE9020C02B20021484634
:10760000E0478346BBF1000F04D171004046F2F71A
:1076100014FE20E099F80010890191FBF4F1A8F81C
:107620000010012014E019F80020411E19F8011083
:107630008A4205D1411E38F8111028F8101006E0D2
:1076400019F80010890191FBF4F128F81010401C82
:10765000B042E8DB00BF08EB46080298401C0290ED
:107660000298B042C0DB4846F2F7B8FB03A8EBF73C
:10767000B3FF012C0FD12946002005E035F810207A
:10768000C2F387120A54401C06FB06F28242F5DC64
:107690000FB0BDE8F08F2A46214630B2FFF79EFEBC
:1076A00007F00100204404B2012C27DD4FF47F5085
:1076B00090FBF4F000904FF0000B15E035F81B0044
:1076C00000B90FE035F81B00FF2803D1009825F81A
:1076D0001B0006E035F81B00800190FBF4F025F854
:1076E0001B0000BF0BF1010B06FB06F05845E5D867
:1076F0002A46214630B2FFF771FE00BF01954FF0D8
:10770000000A06E015F81A10019800F80A100AF1AC
:10771000010A06FB06F05045F4DC00BFB8E770B57F
:1077200098B006460C4615460AA8ECF707FC00BFC1
:10773000FF2211461046E9F74DFE0090BDF80010FB
:1077400008460190BDF80400ADF82C0022460AA9B5
:107750003046ECF7D7FB02A8EBF7E4FB00202B4602
:10776000224602A900903046EBF728F818B070BD09
:10777000F0B591B0064635464FF4E027652239460C
:107780003046F6F719F81090109804465CB918497D
:107790003046E6F725FE5020405D20F00100401CF9
:1077A0005021485522E001A8E6F762FE294601A8CB
:1077B000E6F722FF0E4901A8E6F7E8FE214601A8F8
:1077C000E6F7FAFE00BF0E9400BF0022012101A8D7
:1077D000E6F708FF074901A8E6F7DCFE01A84FF627
:1077E000FF71818700BFE6F71BFF00BF11B0F0BD3E
:1077F000911001085BE501080EB5FE4890F82000E5
:1078000000F0010040B1FC48E9F73FFD0190FB4862
:10781000BDF80410018008E004211220F8F756FB9F
:107820000290F648BDF808100180F24890F8200058
:1078300000F0010048B105211220F8F747FB019044
:10784000EF48BDF80410018008E004211220F8F789
:1078500013FB0290EA48BDF808100180E54890F853
:10786000200000F0010040B1E648E9F70EFD01906C
:10787000E548BDF80410018006E0E9F7BEFF02907C
:10788000E148BDF808100180DA4890F8200000F0C7
:10789000010040B1DD48E9F7F8FC0190DC48BDF893
:1078A0000410018008E002211220F8F70FFB02907B
:1078B000D748BDF808100180002046215023D54A42
:1078C000CDE90010D449D548FAF794FE0020009085
:1078D0005023D04AD0490190D148FAF78BFED148C5
:1078E0000068D03001F058FECC49CE480068D03056
:1078F000FAF76BFECB480068D83001F04DFEC8495E
:10790000C8480068D830FAF760FEC64800680830FA
:1079100001F042FEB74890F8200000F0010028B1C5
:1079200002211220F8F7A8FA029003E01220F8F7DB
:10793000F9FA0290BB48029900680830FAF7B3FBE5
:1079400047F6FF71B74800680830FAF7AAFDA94862
:10795000C06807210190EAF754FA01460290B14845
:1079600000680830FAF789FCA248C0680521019038
:10797000EAF747FA01460290AA4800680830FAF789
:107980002EFE6621A74800680830FAF7B1FBA4492B
:10799000A44800680830FAF718FEA24800681030C2
:1079A00001F0FAFDFF219F4800681030FAF7A0FBB4
:1079B0009C48006801F0F0FDFF219A480068FAF742
:1079C00097FB8E4800880146029096480068FAF7B7
:1079D0006AFB8B4800880146029092480068FAF7DB
:1079E000BAFD91480078012806D18248C0680E216E
:1079F0000190EAF706FA10E08B480078022806D1D9
:107A00007C48C0680C210190EAF7FBF905E0794851
:107A1000C0680A210190EAF7F4F901460290814812
:107A20000068FAF782FC80480078012806D1714886
:107A3000C0680E210190EAF7E4F910E07A48007876
:107A4000022806D16B48C0680C210190EAF7D9F9E9
:107A500005E06848C0680A210190EAF7D2F90146BA
:107A6000029070480068FAF727FC6E4800681830EA
:107A700001F092FD6C480078012806D15D48C0688D
:107A80000C210190EAF7BDF905E05A48C0680821C9
:107A90000190EAF7B6F90146029062480068183092
:107AA000FAF7FFFCFF215F4800681830FAF720FB67
:107AB00055480088014602905A4800681830FAF785
:107AC000F2FA534800880146029056480068183080
:107AD000FAF718FB4748C06802210190EAF791F9CC
:107AE000014602904F4800681830FAF736FB012132
:107AF0004C4800681830FAF71CFB414800880146E2
:107B00000290484800681830FAF725FD464800788A
:107B1000012806D13748C06818210190EAF771F9A9
:107B200010E041480078022806D13248C06814218C
:107B30000190EAF766F905E02E48C068102101902F
:107B4000EAF75FF901460290364800681830FAF704
:107B500094FB35480078012806D12648C0680E21DC
:107B60000190EAF74EF910E02F480078022806D17C
:107B70002048C0680C210190EAF743F905E01D4850
:107B8000C0680A210190EAF73CF9014602902548B5
:107B900000681830FAF7C9FB23480078012806D19D
:107BA0001448C0680E210190EAF72BF910E01E4836
:107BB0000078022806D10F48C0680C210190EAF72E
:107BC00020F905E00B48C0680A210190EAF719F98D
:107BD00001460290134800681830FAF76DFB122036
:107BE000F8F7A0F9014602900E4800681830FAF73D
:107BF000E8FA1BE0480B00241A1715003601002490
:107C000038010024302B28003A01002437322F009D
:107C10003C0100242FE50108F08104086C0B0024CE
:107C2000800B00243001002434010024F848C0688F
:107C300001210190EAF7E5F801460290F548006855
:107C40001830FAF7CBFAF3480068A03001F0A4FC32
:107C5000EF480169EF480068A030FAF7E0FAEC4815
:107C6000C06803210190EAF7CCF801460290E94888
:107C70000068A030FAF7F6FAE548C06803210190E1
:107C8000EAF7BFF801460290E2480068A030FAF730
:107C9000DEFA7F21DF480068A030FAF7CDFADD4830
:107CA0000068A83001F078FCD948408A014602906B
:107CB000D8480068A830FAF7B2FAD548C06803215E
:107CC0000190EAF79EF801460290D2480068A83079
:107CD000FAF7C8FA7F21CF480068A830FAF7ACFA63
:107CE000CC480068203001F057FCCB4800780128D0
:107CF00006D1C748C06810210190EAF782F810E069
:107D0000C5480078022806D1C148C0680C210190FE
:107D1000EAF777F805E0BE48C06808210190EAF765
:107D200070F801460290BB4800682030FAF7B9FBB2
:107D3000FF21B84800682030FAF7DAF9B748008820
:107D400001460290B34800682030FAF7ACF9B04819
:107D500090F8200000F00100E8BB1220F8F7E2F8EC
:107D600001460290AB4800682030FAF7A4FB0020DF
:107D7000EAF772F900EB40005030A02190FBF1F0DF
:107D8000012809DD0020EAF767F900EB40005030D8
:107D9000A02190FBF1F000E0012000B2014602902A
:107DA0009C4800682030FAF7B4FB7F2199480068AE
:107DB0002030FAF798FB0020EAF74EF9502101EB4A
:107DC0008000A02190FBF1F001280BDD0020EAF7F4
:107DD00043F9502100E015E001EB8000A02190FB69
:107DE000F1F000E0012000B201908948C0680090E5
:107DF0000199EAF706F801460290864800682030AB
:107E0000FAF766FB864800880146029081480068C0
:107E10002030FAF7A0FB80480078012806D17C4882
:107E2000C06818210190E9F7ECFF10E07A4800786B
:107E3000022806D17648C06814210190E9F7E1FFD5
:107E400005E07348C06810210190E9F7DAFF0146A8
:107E50000290704800682030FAF745FA6E480078C2
:107E6000012806D16A48C0680E210190E9F7C9FFD0
:107E700010E069480078022806D16548C0680C21E6
:107E80000190E9F7BEFF05E06148C0680A21019052
:107E9000E9F7B7FF014602905E4800682030FAF724
:107EA0005AFA5B48C06805210190E9F7AAFF01462C
:107EB0000290584800682030FAF7FEF95448C0682C
:107EC00005210190E9F79DFF0146029051480068A5
:107ED0002030FAF72AFA53495348E9F7D4F95349BD
:107EE0005348E9F7D0F94B480068583001F054FB8B
:107EF0004D49484800685830FAF744F9232145486D
:107F000000685830FAF748F942480068603001F0DC
:107F100043FB47493F4800686030FAF733F97F2157
:107F20003C4800686030FAF737F93A480068C030DA
:107F300001F032FB012137480068C030FAF718F928
:107F4000012134480068C030FAF7F3F8314800687E
:107F5000803001F021FB30480078012806D12C4800
:107F6000C06818210190E9F74CFF10E02A4800781A
:107F7000022806D12648C06814210190E9F741FF84
:107F800005E02348C06810210190E9F73AFF014657
:107F90000290204800688030FAF76FF91E48007898
:107FA000012806D11A48C06818210190E9F729FF75
:107FB00010E019480078022806D11548C06814213D
:107FC0000190E9F71EFF05E01148C06810210190FB
:107FD000E9F717FF014602900E4800688030FAF773
:107FE000A4F90D480078012806D10948C068182175
:107FF0000190E9F706FF23E007480078022819D12D
:108000000348C06814210190E9F7FBFE18E0000066
:10801000480B002430010024340100243C010024DA
:10802000380100240F1101084001002481BE01081D
:1080300048010024FE48C06810210190E9F7E1FEE4
:1080400001460290FB4800688030FAF735F9F9489C
:108050000068783001F0A0FAF7480078012806D1CE
:10806000F348C0680E210190E9F7CBFE10E0F2481A
:108070000078022806D1EE48C0680C210190E9F78B
:10808000C0FE05E0EA48C0680A210190E9F7B9FEA0
:1080900001460290E74800687830FAF7EEF8E648C3
:1080A0000078012806D1E248C0680E210190E9F766
:1080B000A8FE10E0E0480078022806D1DC48C0683D
:1080C0000C210190E9F79DFE05E0D948C0680A211E
:1080D0000190E9F796FE01460290D6480068783094
:1080E000FAF7F5F8D3480068883001F055FAD0481F
:1080F000C0680A210190E9F784FE01460290CD484C
:1081000000688830FAF711F9C948C0680A2101905F
:10811000E9F777FE01460290C64800688830FAF712
:10812000CBF8C4480068903001F036FAC048C06807
:1081300014210190E9F765FE01460290BD480068F0
:108140009030FAF721FABB480068983001F024FA21
:108150000221B84800689830FAF7F2F9B54800688B
:10816000683001F019FA0021B24800686830FAF767
:1081700084F80021AF4800686830FAF7D6F800218B
:10818000AC4800686830FAF797F8AA480068703081
:1081900001F002FAA8480078012806D1A448C06876
:1081A00008210190E9F72DFE10E0A348007802288D
:1081B00006D19F48C06806210190E9F722FE05E03C
:1081C0009B48C06802210190E9F71BFE014602901E
:1081D000984800687030FAF750F8974800780128FE
:1081E00006D19348C06808210190E9F70AFE10E023
:1081F00091480078022806D18D48C0680621019078
:10820000E9F7FFFD05E08A48C06802210190E9F71F
:10821000F8FD01460290874800687030FAF785F84B
:1082200085480078012806D18148C068082101905E
:10823000E9F7E7FD10E080480078022806D17C4885
:10824000C06806210190E9F7DCFD05E07848C068C8
:1082500002210190E9F7D5FD0146029075480068BA
:108260007030FAF729F873480068283001F094F963
:108270006F4801696F4800682830F9F714FFE9F783
:10828000BCFA014602906B4800682830FAF763F99F
:10829000FF21684800682830F9F72AFF6548006820
:1082A000303001F079F96248016962480068303085
:1082B000F9F7F9FE5E4801695E4800683030FAF768
:1082C0004AF933215B4800683030F9F711FF59480B
:1082D0000068383001F060F95548408A0146029044
:1082E000544800683830F9F7DEFEE9F786FA0146AF
:1082F0000290504800683830FAF72DF9FF214D48B8
:1083000000683830F9F7F4FE4A480068403001F060
:1083100043F94748408A0146029046480068403089
:10832000F9F7C1FE4248408A014602904148006880
:108330004030FAF710F933213E4800684030F9F731
:10834000D7FE3C480068483001F026F93B480088D9
:1083500001460290374800684830F9F7A4FEFF2133
:10836000344800684830F9F7C3FE354800880146B4
:108370000290304800684830FAF7EDF82D48006860
:10838000503001F009F92F48008801460290294831
:1083900000685030F9F787FEFF212648006850300A
:1083A000F9F7A6FE26480088014602902148006899
:1083B0005030FAF7D0F81F480068B03001F0ECF800
:1083C00047F6FF711B480068B030FAF76AF81948A1
:1083D0000068B83001F0E0F8002116480068B830B5
:1083E000FAF75FF813480068C83001F0D5F8104874
:1083F000C06803210190E9F704FD014602900D4891
:108400000068C830FAF7D6F80948C068032101901F
:10841000E9F7F7FC0146029006480068C830FAF711
:10842000BEF804480068F03001F0B6F800480BE0F0
:10843000480B002430010024340100243C010024B6
:10844000380100243A0100240169FE480068F03038
:10845000F9F729FEFF21FB480068F030F9F748FEE4
:10846000F948C06806210190E9F7CBFC014602906B
:10847000F4480068F030F9F700FF47F6FF71F14863
:108480000068F030FAF70DF8EE480068E03001F0CF
:1084900083F8C821EB480068E030F9F7D8FDE948D7
:1084A0000068E83001F078F87821E6480068E830A4
:1084B000F9F7CDFDE348006800F5807001F06CF835
:1084C000E248008801460290DE48006800F58070AE
:1084D000F9F7C7FDDC48C0680F210190E9F791FC6E
:1084E00001460290D748006800F58070F9F7D0FD8A
:1084F0000121D448006800F58070F9F7BFFDD1482C
:10850000006800F5847001F047F8CF480169CD4854
:10851000006800F58470F9F7A4FDCA48006800F50A
:10852000987001F039F84FF48271C648006800F580
:108530009870F9F75EFEC348006800F59C7001F082
:108540002BF8C148C06803210190E9F75AFC0146A5
:108550000290BC48006800F59C70F9F78EFEBA489E
:10856000C06802210190E9F74CFC01460290B54831
:10857000006800F59C70F9F7F0FDB3480169B14857
:10858000006800F59C70F9F7BDFDB1480088014610
:108590000290AC48006800F59C70F9F784FDFF215B
:1085A000A848006800F59C70F9F7A2FDA94800787A
:1085B000012806D1A448C0680C210090E9F721FCED
:1085C00005E0A148C06808210090E9F71AFC029074
:1085D00000EBD070401000B201460190994800684D
:1085E00000F59C70F9F75DFF9648006800F5A070F3
:1085F00000F0D2FF98A19348006800F5A070F9F749
:108600006CFDE9F7FAF8014602908E48006800F523
:10861000A070F9F7A0FF8C48406901460290894894
:10862000006800F5A070F9F7A4FF8648006800F51F
:10863000A47000F0B1FF8448C06804210190E9F7FC
:10864000E0FB404200B2014602907E48006800F51F
:10865000A470F9F712FEE9F7D0F8014602907948C4
:10866000006800F5A470F9F71EFD7648006800F573
:10867000A87000F091FF01217248006800F5A87011
:10868000F9F7ACFD75480088014602906D48006816
:1086900000F5A870F9F795FD6A48006800F5947038
:1086A00000F07AFF00216748006800F59470F9F740
:1086B00040FD6548C0680A210190E9F7A2FB014628
:1086C00002906048006800F59470F9F7F5FD5F4886
:1086D0000088014602905B48006800F59470F9F745
:1086E00070FD5848006800F5887000F055FF564846
:1086F000C06803210190E9F784FB014602905148CC
:10870000006800F58870F9F769FD4F48C0680321DB
:108710000190E9F776FB014602904A48006800F5AF
:108720008870F9F7BEFE4848C06808210190E9F753
:1087300068FB014602904348006800F58870F9F72D
:10874000F3FE4148C06802210190E9F75AFB014657
:1087500002903C48006800F58870F9F7ADFD394893
:10876000006800F58C7000F017FF47F6FF71354880
:10877000006800F58C70F9F794FE3348C068082152
:108780000190E9F73EFB014602902E48006800F593
:108790008C70F9F7C9FE2C4801692A48006800F579
:1087A0008C70F9F780FCFF212648006800F58C707A
:1087B000F9F79EFC2348006800F5907000F0ECFE8D
:1087C0002148C06801210190E9F71BFB0146029096
:1087D0001C48006800F59070F9F700FD1F480088FC
:1087E000014602901748006800F59070F9F7E9FC1F
:1087F0001548C06802210190E9F703FB0146029089
:108800001048006800F59070F9F737FD1220F7F76F
:1088100089FB014602900B48006800F59070F9F75B
:108820009AFE0848006800F5D07000F0B5FE0021FF
:108830000448006800F5D070F9F71FFD00210148D9
:1088400000680DE030010024480B00243C010024A6
:108850003A01002434010024EF808C003801002408
:1088600000F5D070F9F733FD0021FE48006800F5EF
:10887000D070F9F716FE0121FA48006800F5D070B3
:10888000F9F776FC0021F748006800F5D070F9F799
:108890005AFCF448006800F5EC7000F07DFEF248E8
:1088A0000078012806D1F148C0680C210190E9F751
:1088B000A8FA05E0ED48C06808210190E9F7A1FA9F
:1088C00001460290E748006800F5EC70F9F7E9FD11
:1088D0000121E448006800F5EC70F9F749FCFF213C
:1088E000E048006800F5EC70F9F702FCE048008809
:1088F00001460290DB48006800F5EC70F9F7D3FB05
:10890000DC48008801460290D648006800F5EC700B
:10891000F9F721FED348006800F5D47000F03CFE62
:10892000D1480078012806D1D048C0680E210190B6
:10893000E9F767FA10E0CC480078022806D1CB4866
:10894000C0680C210190E9F75CFA05E0C748C068EF
:108950000A210190E9F755FA01460290C1480068E2
:1089600000F5D470F9F7BFFCBF480078012806D1A4
:10897000BE48C0680E210190E9F743FA10E0BA48FA
:108980000078022806D1B948C0680C210190E9F7A7
:1089900038FA05E0B548C0680A210190E9F731FAD4
:1089A00001460290AF48006800F5D470F9F7D3FC97
:1089B000AD480078012806D1AC48C0680E2101906E
:1089C000E9F71FFA10E0A8480078022806D1A74866
:1089D000C0680C210190E9F714FA05E0A348C068CB
:1089E0000A210190E9F70DFA014602909D480068BE
:1089F00000F5D470F9F76BFC9C48C0680121019028
:108A0000E9F7FFF9014602909648006800F5D47036
:108A1000F9F7A3FB19219348006800F5D470F9F722
:108A20007EFB94480088014602908E48006800F55D
:108A3000D470F9F767FB00218A48006800F5D4700C
:108A4000F9F781FB8748006800F5D87000F0A4FDB5
:108A500000218448006800F5D870F9F70EFC002169
:108A60008048006800F5D870F9F731FC7F48C0688D
:108A700001210190E9F7C5F90146029079480068A3
:108A800000F5D870F9F769FB19217648006800F500
:108A9000D870F9F744FB7748008801460290714886
:108AA000006800F5D870F9F72DFB08216D480068C3
:108AB00000F5D870F9F747FB6A48006800F5DC70EC
:108AC00000F06AFD00216748006800F5DC70F9F7E6
:108AD000D4FB00216348006800F5DC70F9F7F7FB70
:108AE0006048006800F5E47000F056FD5E480078CC
:108AF000012806D15D48C0680E210190E9F781F98F
:108B000010E059480078022806D15848C0680C2166
:108B10000190E9F776F905E05448C0680A21019010
:108B2000E9F76FF9014602904E48006800F5E470DD
:108B3000F9F7D9FB4C480078012806D14B48C068AA
:108B400008210190E9F75DF910E047480078022814
:108B500006D14648C06806210190E9F752F905E0C0
:108B60004248C06802210190E9F74BF901460290A2
:108B70003C48006800F5E470F9F7EDFB3A480078EE
:108B8000012806D13948C0680E210190E9F739F96A
:108B900010E035480078022806D13448C0680C211E
:108BA0000190E9F72EF905E03048C0680A210190EC
:108BB000E9F727F9014602902A48006800F5E470B9
:108BC000F9F785FB2748006800F5E87000F0E4FC41
:108BD00025480078012806D12448C0680821019062
:108BE000E9F70FF910E020480078022806D11F4865
:108BF000C06806210190E9F704F905E01B48C06848
:108C000002210190E9F7FDF801460290154800683D
:108C100000F5E870F9F767FB13480078012806D1E2
:108C20001248C06808210190E9F7EBF810E00E48FF
:108C30000078022806D10D48C06806210190E9F7A6
:108C4000E0F805E00948C06802210190E9F7D9F889
:108C5000014602900348006800F5E870F9F77BFBD5
:108C6000002109E03001002434010024480B0024D5
:108C70003A01002438010024FC48006800F5E8703F
:108C8000F9F731FC0021F948006800F5E870F9F7C0
:108C90002FFAF748008801460290F448006800F572
:108CA000E870F9F758FCF148006800F5E07000F052
:108CB00073FC0021ED48006800F5E070F9F713FB44
:108CC0000021EA48006800F5E070F9F700FBE7488A
:108CD000006800F5F07000F05FFC3321E3480068A5
:108CE00000F5F070F9F704FA1220F7F71BF90146C6
:108CF0000290DE48006800F5F070F9F7D4F9DB481F
:108D0000006800F5F47000F047FC0021D7480068C7
:108D100000F5F470F9F7ECF9D6480078012806D18F
:108D2000D548C06808210190E9F76BF810E0D148F8
:108D30000078022806D1D048C06806210190E9F7E2
:108D400060F805E0CC48C06802210190E9F759F8C5
:108D500001460290C548006800F5F470F9F7FBFA87
:108D6000C248006800F5B07000F016FCC248C06848
:108D700005210190E9F745F801460290BB480068DB
:108D800000F5B070F9F72AFAB94800880146029058
:108D9000B648006800F5B070F9F713FAB648C06835
:108DA00014210190E9F72DF801460290AF480068C0
:108DB00000F5B070F9F7B8FBAF48C0680F2101901B
:108DC000E9F71FF801460290A848006800F5B07066
:108DD000F9F795FAA548006800F5B47000F0DCFBDF
:108DE00047F6FF71A148006800F5B470F9F759FB28
:108DF0009F480088014602909C48006800F5B470C6
:108E0000F9F751F9FF219948006800F5B470F9F7B6
:108E10006FF99948C0680F210190E8F7F2FF014609
:108E200002909248006800F5B470F9F77DFB8F4816
:108E3000006800F5AC7000F0AFFB8F48C0680121FE
:108E40000190E8F7DEFF014602908848006800F5CF
:108E5000AC70F9F782F9894800880146029083488E
:108E6000006800F5AC70F9F74DF903217F48006800
:108E700000F5AC70F9F767F97C48006800F5B87048
:108E800000F08AFB7A480088014602907748006823
:108E900000F5B870F9F736F97748C06802210190FB
:108EA000E8F7AFFF014602907048006800F5B8701F
:108EB000F9F753F97048C06801210190E8F7A1FF64
:108EC000404200B2014602906848006800F5B87060
:108ED000F9F715FA04216548006800F5B870F9F74C
:108EE00032F94FF4C8716148006800F5B870F9F7BD
:108EF000AEF85E48006800F5BC7000F04DFB5E48BF
:108F000090F8200000F0010028B102211220F6F7AD
:108F1000B3FF029004E001211220F6F7D7FF029080
:108F200052480299006800F5BC70F9F714FB4F48ED
:108F3000006800F5C07000F02FFB4E480078012853
:108F400006D14D48C0680E210190E8F75AFF10E0A5
:108F500048480078022806D14748C0680C21019093
:108F6000E8F74FFF05E04448C0680A210190E8F7A0
:108F700048FF014602903D48006800F5C070F9F7CF
:108F80007CF93C480078012806D13B48C0680E2196
:108F90000090E8F736FF10E036480078022806D146
:108FA0003548C0680C210090E8F72BFF05E03248F7
:108FB000C0680A210090E8F724FF029000EBD0700F
:108FC000401000B2014601902848006800F5C070CA
:108FD000F9F77DF92548006800F5C47000F0DCFA67
:108FE0002548C06801210190E8F70BFF0146029077
:108FF0001E48006800F5C470F9F7AFF81F480088F4
:10900000014602901948006800F5C470F9F77AF833
:109010001B480088014602901448006800F5C4709F
:10902000F9F741F833211148006800F5C470F9F7E9
:109030005FF80E48006800F5C87000F0ADFA0D4802
:109040000078012806D10C48C0680E210190E8F78D
:10905000D8FE1DE007480078022813D10648C068F2
:109060000C210190E8F7CDFE12E000003001002451
:109070003801002434010024480B00243C01002462
:109080003A010024F848C0680A210190E8F7B9FEC7
:1090900001460290F548006800F5C870F9F723F919
:1090A000F3480078012806D1EF48C0680E210190EE
:1090B000E8F7A7FE10E0EE480078022806D1EA485B
:1090C000C0680C210190E8F79CFE05E0E648C06806
:1090D0000A210190E8F795FE01460290E3480068F6
:1090E00000F5C870F9F72CF9E1480078012806D19D
:1090F000DD48C06808210190E8F783FE10E0DC48F5
:109100000078022806D1D848C06806210190E8F707
:1091100078FE05E0D448C06802210190E8F771FEAE
:1091200001460290D148006800F5C870F9F7B9F817
:10913000CF480078012806D1CB48C0680E210190A5
:10914000E8F75FFE10E0CA480078022806D1C6485A
:10915000C0680C210190E8F754FE05E0C248C068E1
:109160000A210190E8F74DFE01460290BF480068D1
:1091700000F5C870F9F7ABF8BC48006800F5CC7092
:1091800000F00AFAB848C0680A210190E8F739FEF1
:1091900001460290B548006800F5CC70F8F778FFFA
:1091A000B248006800F5FC7000F0F6F9AE48C068FF
:1091B00004210190E8F725FE01460290AB480068C3
:1091C00000F5FC70F9F759F8A848006800F5F87048
:1091D00000F0E2F9642001900198002805DA019876
:1091E000C0F57A7040F4005002E0019840F400505D
:1091F00000B2014602909D48006800F5F870F9F74A
:1092000003F89A48006800F5007000F0C5F91220D4
:10921000F6F788FE014602909448006800F5007059
:10922000F8F741FF7F219148006800F50070F8F7DA
:109230005FFF8E48006800F5027000F0ADF9002174
:109240008A48006800F50270F9F763F988480078E9
:10925000032816D186480078012806D18248C068C4
:109260000C210090E8F7CDFD05E07F48C06808219B
:109270000090E8F7C6FD0290029800EBD070401015
:1092800010E07B480078012806D17748C0680C219F
:109290000090E8F7B6FD05E07348C068082100902B
:1092A000E8F7AFFD00B2014601907048006800F594
:1092B0000270F9F7F6F86D48006800F50E7000F0DE
:1092C0006BF9694801696948006800F50E70F8F7A4
:1092D00019FF6548C06802210190E8F792FD40003F
:1092E00000B2014602906148006800F50E70F8F780
:1092F00034FF01215D48006800F50E70F8F723FF88
:109300005A48006800F50C7000F046F95648C068ED
:1093100002210190E8F775FD404200B2014602903B
:109320005248006800F50C70F8F791FF4F4800684C
:1093300000F5047000F030F94D480078012806D19E
:109340004948C06818210190E8F75BFD10E04848E3
:109350000078022806D14448C06814210190E8F73B
:1093600050FD05E04048C06810210190E8F749FD34
:10937000014602903D48006800F50470F8F7B3FF1D
:1093800000213A48006800F50470F8F7E4FF002176
:109390003648006800F50470F8F799FF012133485A
:1093A000006800F50470F8F7E3FE3048006800F547
:1093B000067000F0F1F82C48C06801210190E8F730
:1093C00020FD014602902948006800F50670F8F774
:1093D000C4FE28480088014602902448006800F531
:1093E0000670F8F78FFE01212048006800F506702E
:1093F000F8F7A9FE1E480078012806D11A48C0686F
:109400000E210190E8F7FDFC10E0194800780228D1
:1094100006D11548C0680C210190E8F7F2FC05E080
:109420001148C0680A210190E8F7EBFC0146029060
:109430000E48006800F50670F8F71FFF0C4800782A
:10944000012806D10848C0680E210190E8F7D9FC30
:1094500018E00748007802280ED10348C0680C21A4
:109460000190E8F7CEFC0DE0480B00243001002409
:10947000340100243C0100244448C0680A210190C2
:10948000E8F7BFFC014602904148006800F506700D
:10949000F8F712FF3E48006800F5087000F07CF80D
:1094A0003C480078012806D13848C068182101904E
:1094B000E8F7A7FC10E037480078022806D13348C7
:1094C000C06814210190E8F79CFC05E02F48C068B3
:1094D00010210190E8F795FC014602902C480068A5
:1094E00000F50870F9F766F82948006800F5107073
:1094F00000F052F8FF212648006800F51070F8F7D8
:10950000F7FDE8F77AF9014602902148006800F576
:109510001070F8F7C8FD1220F6F704FD014602901E
:109520001B48006800F51070F8F7CAFD47F6FF7198
:109530001748006800F51070F8F7B3FF1348C068CB
:109540000F210190E8F75DFC014602901048006889
:1095500000F51070F8F7DDFFE8F74FF901460290CB
:109560000B48006800F51070F8F7A5FF0748C068C1
:1095700005210190E8F745FC014602900448006887
:1095800000F51070F8F7BAFF0EBD0000480B00247C
:10959000300100243401002410B504460548007849
:1095A00018B12046F8F73DFD02E02046F8F7F8FB39
:1095B00010BD00003E0100242DE9F04107460C4695
:1095C0002046F2F7D5FDB0B90022FE4801682046DA
:1095D000F1F76BFA4FF48032FA48016808312046FF
:1095E000F1F763FAF84AF748016810312046F1F7BD
:1095F0005CFABDE8F081F5492046F1F76BFE0028E2
:1096000076D02046F2F7B4FD0546F1492846F1F739
:1096100061FE00B1EDE72846F2F7AAFD0646EC49E7
:10962000F1F758FEB0B10022E648016880312046CB
:10963000F1F73BFA4FF48032E248016808312046E6
:10964000F1F733FAE04ADF48016810312046F1F7BC
:109650002CFACEE72046F2F744FDB0B92046F2F7E7
:1096600087FD0646DB49F1F735FE70B10022D5488B
:10967000016848312046F1F718FA0022D148016804
:1096800070312046F1F711FAB3E72046F2F729FDD1
:10969000012824D12046F2F76BFD0646CD49F1F7AB
:1096A00019FEE0B10022C74801682046F1F7FDF934
:1096B0000022C448016880312046F1F7F6F94FF4E2
:1096C0008032C048016808312046F1F7EEF9BE4A01
:1096D000BC48016810312046F1F7E7F989E72046D8
:1096E000F2F746FD0646BC49F1F7F4FD08B180E704
:1096F00017E00022B348016818312046F1F7D5F988
:109700004FF48032AF48016808312046F1F7CDF9B7
:10971000AD4AAC48016810312046F1F7C6F901F0B6
:109720002FB8AE492046F1F7D5FD002860D00022C1
:10973000A448016820312046F1F7B7F90022A1487A
:10974000016828312046F1F7B0F900229D480168F0
:10975000D0312046F1F7A9F920229A480168583102
:109760002046F1F7A2F9202296480168D831204618
:10977000F1F79BF9042293480168A0312046F1F7E4
:1097800094F920228F480168C8312046F1F78DF9FD
:1097900001228C48016838312046F1F786F9802291
:1097A0008848016860312046F1F77FF92046F2F7DA
:1097B000DFFC05468A49F1F78DFD40B92046F2F7F6
:1097C000D7FC05468749F1F785FD0028A7D0002280
:1097D0007C48016801F5E8712046F1F766F920221E
:1097E0007848016801F5F0712046F1F75EF996E7D7
:1097F0007D492046F1F76EFD40B1002271480168B5
:1098000001F5A8712046F1F750F988E7774920461D
:10981000F1F760FD00287DD02046F2F7A9FC05464F
:109820007349F1F757FDE0B300226648016801F57E
:10983000FC712046F1F739F900226248016888314D
:109840002046F1F732F94FF4A0225E48016820313A
:109850002046F1F72AF9674A5A48016858312046EC
:10986000F1F723F9634A60325648016860312046B7
:10987000F1F71BF95F4A1F3A524801682831204628
:10988000F1F713F95B4A1C3A4E4801683031204623
:10989000F1F70BF9574A183A4A4801684031204617
:1098A00000E002E0F1F701F9A3E62046F2F760FCE0
:1098B00005464749F1F70EFD68B3002241480168AB
:1098C00050312046F1F7F1F804223E480168A031FA
:1098D0002046F1F7EAF804223A48016801F50C71D4
:1098E0002046F1F7E2F8434A3648016858312046ED
:1098F000F1F7DBF83F4A1F3A324801683031204621
:10990000F1F7D3F83B4A1F3A2E48016801F50E7172
:10991000204601E0C4E01BE0F1F7C7F8354A1C3AE5
:1099200028480168A0312046F1F7BFF8314A183ABB
:1099300024480168A8312046F1F7B7F82D4A1C3AAF
:109940002048016801F50C712046F1F7AEF850E6A9
:109950002046F2F70DFC05461F49F1F7BBFC78B332
:1099600000221848016801F5C0712046F1F79DF802
:10997000042214480168A0312046F1F796F8082225
:1099800010480168A8312046F1F78FF84FF4A02263
:109990000C48016801F5C4712046F1F786F8154AB4
:1099A0000848016858312046F1F77FF8114A6032C3
:1099B0000448016860312046F1F777F80D4A1BE052
:1099C00029E00000300100244000010084800408E8
:1099D0003C88040890880408088204085CC00408D5
:1099E000788704085C87040820C1040878C004084C
:1099F000B0870408200005001C3AFE480168A03129
:109A00002046F1F752F8FC4AFA480168A83120468E
:109A1000F1F74BF8EDE50022F648016818312046D1
:109A2000F1F743F80422F3480168A0312046F1F72A
:109A30003CF80822EF480168A8312046F1F735F8D4
:109A40004FF4A022EB48016820312046F1F72DF8B1
:109A5000E94A7832E748016860312046F1F725F895
:109A6000E54A1832E348016858312046F1F71DF8FD
:109A7000E14AD21FDF48016828312046F1F715F886
:109A8000DD4A121FDB480168A0312046F1F70DF8CE
:109A9000D94AD8480168A8312046F1F706F83EE6D1
:109AA000D6492046F1F716FC60B30022D148016880
:109AB00030312046F0F7F9FF0022CE480168B0317E
:109AC0002046F0F7F2FF0422CA480168A031204680
:109AD000F0F7EBFF0822C7480168A8312046F0F7ED
:109AE000E4FF4FF40032C348016828312046F0F704
:109AF000DCFF4FF40032BF480168B0312046F0F778
:109B0000D4FF0CE6BE492046F1F7E4FBF0B3002297
:109B1000B848016830312046F0F7C7FF0022B54849
:109B20000168B0312046F0F7C0FF0422B148016857
:109B3000A0312046F0F7B9FF0822AE480168A831ED
:109B40002046F0F7B2FF4FF40032AA4801682831EE
:109B50002046F0F7AAFF4FF40032A6480168B03162
:109B60002046F0F7A2FF4FF44032A2480168F031DE
:109B70002046F0F79AFFA34A9E480168C831204664
:109B8000F0F793FF4FF440329A4800E00CE0016890
:109B9000D0312046F0F789FF9A4A96480168D831BB
:109BA0002046F0F782FFBAE597492046F1F792FB8D
:109BB000002862D000228F48016818312046F0F753
:109BC00074FF00228B48016868312046F0F76DFF72
:109BD000002288480168B8312046F0F766FF042269
:109BE00084480168A0312046F0F75FFF08228148D1
:109BF0000168A8312046F0F758FF4FF480327D48C5
:109C0000016808312046F0F750FF804A7948016822
:109C100010312046F0F749FF4FF4A0227548016843
:109C200050312046F0F741FF4FF4A02271480168FF
:109C300001F5AC712046F0F738FF4FF4A0226D48D3
:109C4000016880312046F0F730FF6B4A18326948CE
:109C5000016858312046F0F728FF674A121F65480F
:109C6000016828312046F0F720FF634A6148016807
:109C700038312046F0F719FF51E565492046F1F7E4
:109C800029FBE8B300225B48016888312046F0F7E1
:109C90000CFF042257480168A0312046F0F705FF69
:109CA0005C4A5448016860312046F0F7FEFE4FF4EC
:109CB00000325048016801F59C712046F0F7F5FE2E
:109CC000544A7F3A4B48016828312046F0F7EDFEB0
:109CD000504A7F3A4748016801F5A0712046F0F7E5
:109CE000E4FE4C4A603A4348016858312046F0F798
:109CF000DCFE484A603A3F480168C831204600E02F
:109D000012E0F0F7D2FE434A603A3A480168D8318F
:109D10002046F0F7CAFE4FF4003236480168D031D1
:109D20002046F0F7C2FEFAE43B492046F1F7D2FAAA
:109D3000002873D000222F48016848312046F0F7F0
:109D4000B4FE00222B480168B0312046F0F7ADFE8A
:109D5000002228480168E8312046F0F7A6FE80225C
:109D60002448016860312046F0F79FFE0422214814
:109D70000168A0312046F0F798FE264A7F3A1D4838
:109D8000016828312046F0F790FE4FF40032194860
:109D90000168B0312046F0F788FE1E4A1548016878
:109DA00060312046F0F781FE4FF4403211480168DF
:109DB000F0312046F0F779FE4FF440320D4801684B
:109DC00050312046F0F771FE4FF4403209480168E7
:109DD00001F5A4712046F0F768FE0A4A6032054892
:109DE000016860312046F0F760FE0A4A7F3A014878
:109DF000016814E0300100240800050040C0040898
:109E000074C1040820000300ACC104084000010034
:109E100094C004088000020090C104080CE0D8310E
:109E20002046F0F742FE4FF40032FA480168D8317C
:109E30002046F0F73AFE72E4F7492046F1F74AFA75
:109E4000F0B30022F348016818312046F0F72DFEE8
:109E50000022F048016878312046F0F726FE002203
:109E6000EC48016801F594712046F0F71EFE4FF4AE
:109E70008032E848016808312046F0F716FEE74ACC
:109E8000E448016810312046F0F70FFE4FF4A0229D
:109E9000E048016801F588712046F0F706FE4FF4AE
:109EA0000032DC48016801F58C712046F0F7FDFDB9
:109EB0004FF4C022D748016801F59071204600E0B8
:109EC0000BE0F0F7F2FD4FF4E022D248016801F513
:109ED00088712046F0F7E9FD21E4D1492046F1F7E9
:109EE000F9F990B30022CB48016818312046F0F709
:109EF000DCFD0022C7480168E0312046F0F7D5FDBF
:109F00000022C448016890312046F0F7CEFD0022BF
:109F1000C048016898312046F0F7C7FD0422BD48CB
:109F20000168A0312046F0F7C0FD0822B948016859
:109F3000A8312046F0F7B9FD4FF48022B5480168FA
:109F400028312046F0F7B1FD27E2FFE7B54920466A
:109F5000F1F7C0F9C8B30022AE48016818312046B5
:109F6000F0F7A3FD0022AB48016878312046F0F7F6
:109F70009CFD0022A7480168D0312046F0F795FDEE
:109F80002022A4480168D8312046F0F78EFD202217
:109F9000A048016858312046F0F787FD04229D480B
:109FA0000168A0312046F0F780FD08229948016839
:109FB000A8312046F0F779FD4FF40032954801684A
:109FC000D8312046F0F771FDDAE3FFE796492046E5
:109FD000F1F780F9F0B300228E480168183120466D
:109FE000F0F763FD00228B480168C0312046F0F78E
:109FF0005CFD00228748016890312046F0F755FD4E
:10A0000000228448016801F598712046F0F74DFD63
:10A010004FF480327F48016808312046F0F745FD53
:10A020007E4A7C48016810312046F0F73EFD4FF42F
:10A0300080227848016850312046F0F736FD7B4A8F
:10A040007448016828312046F0F72FFD774A1F3207
:10A05000704800E005E0016858312046F0F725FD22
:10A060008EE373492046F1F735F910B300226948B1
:10A07000016801F580712046F0F717FD4FF40032BA
:10A080006448016801F580712046F0F70EFD4FF439
:10A0900000326048016801F584712046F0F705FD43
:10A0A0004FF440325B480168F0312046F0F7FDFC88
:10A0B00066E360492046F1F70DF9D0B1002255481A
:10A0C000016801F580712046F0F7EFFC4FF4003293
:10A0D0005048016801F580712046F0F7E6FC4FF426
:10A0E00000324C48016801F584712046F0F7DDFC30
:10A0F00046E351492046F1F7EDF8B8B10022454852
:10A10000016818312046F0F7D0FC00224148016870
:10A11000B0312046F0F7C9FC4FF400323D480168E9
:10A1200001F5B4712046F0F7C0FC29E3434920460D
:10A13000F1F7D0F8E0B30022364801681831204624
:10A14000F0F7B3FC00223348016878312046F0F77D
:10A15000ACFC04222F480168A0312046F0F7A5FC92
:10A1600008222C480168A8312046F0F79EFC4FF4E5
:10A1700080322848016808312046F0F796FC274ACB
:10A180002448016810312046F0F78FFC2C4A214802
:10A19000016801F5B8712046F0F787FC4FF4002202
:10A1A0001C48016801F5BC712046F0F77EFCE7E22F
:10A1B000FFE724492046F1F78DF870B100221548D9
:10A1C000016818312046F0F770FC00221148016840
:10A1D00068312046F0F769FCD2E21B492046F1F7CE
:10A1E00079F840B100220B48016801F5C87120469A
:10A1F000F0F75BFCC4E215492046F1F76BF840B17B
:10A2000000220448016801F5C8712046F0F74DFCB2
:10A21000B6E21DE0300100245C8204084000010029
:10A220003CC10408B0C00408CCC00408010004000C
:10A2300024C004082088040894870408C8C10408BE
:10A2400002000700088204082482040840820408EF
:10A25000F6492046F1F73EF8F0B30022F4480168D1
:10A260002046F0F722FCF3480078012803D1F0489B
:10A270000068783002E0EE48006870300146002245
:10A280002046F0F712FC0422E9480168A03120467C
:10A29000F0F70BFC0822E6480168A8312046F0F7E9
:10A2A00004FC4FF4A022E248016820312046F0F778
:10A2B000FCFBE14ADE48016860312046F0F7F5FB1F
:10A2C0004FF4A022DA48016850312046F0F7EDFB48
:10A2D0004FF4A022D64800E026E0016801F50271A3
:10A2E0002046F0F7E2FBD44A603AD1480168583181
:10A2F0002046F0F7DAFBD04A7F3ACD480168483172
:10A300002046F0F7D2FBCC4A7C3AC948016830318C
:10A310002046F0F7CAFBC84A783AC5480168403180
:10A320002046F0F7C2FB2BE2C4492046F0F7D2FFEB
:10A33000F8B10022BE48016818312046F0F7B5FB9D
:10A340000022BB48016801F504712046F0F7ADFB1F
:10A350004FF48032B648016808312046F0F7A5FB7B
:10A36000B74AB348016810312046F0F79EFBFFF76B
:10A3700040B9B4492046F0F7ADFF78B10022AC48AF
:10A38000016848312046F0F790FB0022A848016898
:10A3900001F508712046F0F788FBF1E1AA49204653
:10A3A000F0F798FF68B30022A148016850312046B9
:10A3B000F0F77BFB00229E48016801F506712046FC
:10A3C000F0F773FB04229A48016828312046F0F721
:10A3D0006CFB04229648016801F508712046F0F7ED
:10A3E00064FB20229248016801F508712046F0F7CD
:10A3F0005CFB20228E48016858312046F0F755FB5F
:10A40000BEE192492046F0F765FF78B10022884806
:10A41000016818312046F0F748FB002284480168A3
:10A4200001F5D0712046F0F740FBA9E188492046AC
:10A43000F0F750FFB8B100227D48016801F5D871EE
:10A440002046F0F732FB4FF480327948016808313A
:10A450002046F0F72AFB7A4A7548016810312046F9
:10A46000F0F723FB8CE17B492046F0F733FFB8B1CE
:10A4700000226F48016801F5DC712046F0F715FBFA
:10A480004FF480326A48016808312046F0F70DFB2E
:10A490006B4A6748016810312046F0F706FB6FE110
:10A4A0006D492046F0F716FFF0B1002260480168C0
:10A4B00001F5D4712046F0F7F8FA20225C480168D3
:10A4C00001F5F0712046F0F7F0FA212258480168B2
:10A4D00030312046F0F7E9FA012255480168303161
:10A4E0002046F0F7E2FA4BE15C492046F0F7F2FE35
:10A4F00020B95B492046F0F7EDFE80B100224C48C0
:10A50000016801F5E4712046F0F7CFFA20224848AF
:10A51000016801F5F0712046F0F7C7FA30E15149C2
:10A520002046F0F7D7FEB8B100224148016801F596
:10A53000E0712046F0F7B9FA4FF480323C480168E8
:10A5400008312046F0F7B1FA3D4A39480168103128
:10A550002046F0F7AAFA13E143492046F0F7BAFE85
:10A5600040B100223248016801F5EC712046F0F755
:10A570009CFA05E13D492046F0F7ACFE40B10022CF
:10A580002B48016801F5F4712046F0F78EFAF7E0E8
:10A5900037492046F0F79EFE78B100222448016832
:10A5A00018312046F0F781FA00222148016801F5B0
:10A5B000F8712046F0F779FAD9E62E492046F0F7EF
:10A5C00089FE40B100221A48016801F50071204659
:10A5D000F0F76BFAD4E028492046F0F77BFE20B371
:10A5E00000221348016818312046F0F75EFA002275
:10A5F0000F48016878312046F0F757FA04220C48DA
:10A600000168A0312046F0F750FA08220848016896
:10A61000A8312046F0F749FA4FF4E02204480168D7
:10A6200028312046F0F741FAAAE027E09482040896
:10A630003001002434010024800005004486040811
:10A64000400001007C86040860860408988604089F
:10A650002487040840870408D08604087887040803
:10A660005C870408B4860408EC860408088704089C
:10A67000B0870408E8870408048804084149204694
:10A68000F0F728FEA8B100223F4801682046F0F705
:10A690000CFA4FF480323C48016808312046F0F74C
:10A6A00004FA3A4A3848016810312046F0F7FDF9BB
:10A6B00066E037492046F0F70DFE78B14FF480325E
:10A6C0003148016808312046F0F7EFF92F4A2E484B
:10A6D000016810312046F0F7E8F951E02D49204695
:10A6E000F0F7F8FD68B10022274801682046F0F72E
:10A6F000DCF900222448016868312046F0F7D5F9DA
:10A700003EE025492046F0F7E5FD38B100221E481D
:10A710000168C0312046F0F7C8F931E01F492046F2
:10A72000F0F7D8FDF8B100221748016801F5CC71A7
:10A730002046F0F7BAF9002213480168803120461C
:10A74000F0F7B3F94FF440320F480168503120461A
:10A75000F0F7ABF94FF440320B48016880312046E6
:10A76000F0F7A3F90CE00E492046F0F7B3FD38B13D
:10A7700000220548016801F510712046F0F795F9AF
:10A7800000BFF4E5588804083001002440000100AF
:10A79000748804083C8804089088040878820408B7
:10A7A000288604082DE9F14F88B00898EBF727FABE
:10A7B00007900898EBF784FA8046CDF81880079840
:10A7C0000A2856D14046F1F70EFC04464046F1F700
:10A7D000EBFB054605A94046F1F74CFDBDF9140019
:10A7E0000490BDF91690204604EBD0714A100499EC
:10A7F000114491FBF4F161430FFA81FA284605EB0D
:10A80000D07109EB610191FBF5F1694309B2039144
:10A810000F200290002721E039464046F1F743FB24
:10A8200006463046F3F7F8F901903046F3F717FA89
:10A8300000900198504510D10399009888420CD19E
:10A84000B3460698C0F824B09BF82400029000227A
:10A850001C214046EBF73AFA05E07F1C4046F1F731
:10A8600040FBB842D8D800BF40460299F4F7EAFF4F
:10A8700000BF09B0BDE8F08F0146C843401C01EAA3
:10A880000002B2FA82F0C0F12003581E7047014660
:10A8900021B1B1FA81F0C0F1200000E000200246B1
:10A8A000501E7047044A528812B20280024A9289AE
:10A8B00012B20A80704700009009002410B5D0F74A
:10A8C000CDFA10BD10B5D0F703FB0348007801287E
:10A8D00000D110BD0020FCE79009002470B50546AA
:10A8E0000C46FFF7EFFF30B108490948FFF7DAFFE0
:10A8F0000120A07301E00020A0730548B0F900001A
:10A9000020800248B0F90000608070BDBA000024C9
:10A91000B80000242DE9F04786B080460D46444635
:10A9200027680026D7E0F86800EBC6004068C0F34F
:10A93000406040B1F86800EBC600406820F07F40FE
:10A94000A168884200D0C5E0A08847284AD00EDC24
:10A9500034281ED006DC20283FD030283ED03328B3
:10A960007CD115E03B283CD0442877D138E06828DA
:10A9700010D004DC63281ED067286FD112E0A0F24B
:10A98000574060B3A0F580500238002866D10AE035
:10A9900000BF00BFFF2D02DAE068059001E02069EA
:10A9A00005906CE000BFFF2D02DAE068059001E041
:10A9B0002069059063E0E06810B9206905900BE01C
:10A9C000206910B9E068059006E0802D02DAE068A1
:10A9D000059001E02069059051E000BF00BF00BF75
:10A9E00000BF00BF002D03DCA089ADF8140033E0E8
:10A9F000FF2D03DB208AADF814002DE021690191C1
:10AA0000E168E8B2029100F1040C4FEAEC00BDF8F5
:10AA100008C04CEA0C4CDFF8D4A00CEA0A01BDF8DF
:10AA200004C04CEA0C4C0CEA0A02A2EB010C0CFB31
:10AA300000FC01EB5C1C0CEA0A0343EA134C1FFA0E
:10AA40008CFCCDF800C0BDF800A0D446CDF80CC0F9
:10AA5000BDF80C00ADF8140011E0FFE715B9E0688F
:10AA600005900BE0FF2D02D12069059006E0D4E9A6
:10AA70000310401A684301EB2020059000BF00BF7F
:10AA80004FF00109FA6852F83600A18804AAF7F7D6
:10AA900007F978B1DDE9041088420BD1BDF8140044
:10AAA000BDF81010884205D1DDE90410884201D1BB
:10AAB0004FF00009FA6852F83600A188059AF7F7B6
:10AAC00056FCB9F1000F04D0A288A1682068F4F701
:10AAD00059FA06E0761C788CC0F3C500B0423FF608
:10AAE00022AF00BF06B0BDE8F08700001FF8E00706
:10AAF0002DE9F05F8146D9F800402568B4F804A03C
:10AB00004FF0000B2D48D3F7DAF8064615E0A642C1
:10AB10000ED03068216888420AD1B068A1688842A6
:10AB200006D1B088A188884202D14FF0010B06E01F
:10AB300031462248D3F7DBF80646002EE7D100BFA6
:10AB4000BBF1000F38D100272FE0E86800EBC70009
:10AB50004068C0F3406038B3E86800EBC700406865
:10AB600020F07F40A16888421ED121461348D3F7C8
:10AB700025F92046EFF74AF9E86800EBC708514687
:10AB8000D8F80000F7F7C8F9E96851F83700F7F787
:10AB90000EF940B1D8F8040020F07F422846D8F8DA
:10ABA0000010F4F798FA05E07F1C688CC0F3C5002C
:10ABB000B842CAD800BF00BFBDE8F09FE80B002430
:10ABC0002DE9F04105462C68A068F5F726F9804686
:10ABD000A28841462068F2F7EFFDE060A6880020D9
:10ABE000A080234632464146206800F00DF8A6803A
:10ABF000A1682068E1F7E1F80746A1883868E268B3
:10AC0000F7F7B5FBBDE8F0812DE9F05F05460E468C
:10AC100090469A464FF0000B2848D3F775F8044643
:10AC200046E0544500D145E021462448D3F766F874
:10AC300081462068A8423AD1A068B04202D0B6F559
:10AC4000702F34D1A088404503D04FF6FF70804567
:10AC50002DD1002725E0E86800EBC7004068C0F36D
:10AC60004060E8B1B6F5702F07D0E86800EBC70088
:10AC7000406820F07F40B04212D1EA6852F83700B5
:10AC8000A188F7F749F900212046E3F7A9FB2146FF
:10AC90000A48D3F793F82046EFF7B8F84FF0010BC6
:10ACA0007F1C688CC0F3C500B842D4D800BF4C46A6
:10ACB000002CB6D100BF5846BDE8F09FE80B002439
:10ACC00070B505460C461748854201D116480470F8
:10ACD0002CB9052215492846CDF75EFF20E0012C4E
:10ACE00005D1052211492846CDF7FEF918E0022CBE
:10ACF00005D105220D492846CDF77CFF10E0032C35
:10AD000005D1052209492846CDF71FFA08E0042C91
:10AD100006D14FF47A73052204492846CDF7B2FED6
:10AD200070BD0000B40500244E0300244F0300242E
:10AD300010B50020F0F74EFC1D49086010211C489A
:10AD40000068F0F781FB1A480068EDF75BFC1949D1
:10AD5000086042F2D17117480068F5F713F842F223
:10AD6000D17114480068F4F7A0FC6FF00A01114893
:10AD70000068F5F720F804210E480068F5F734F86C
:10AD800009210C480068F4F73BFC0BA10948006856
:10AD9000EEF740FC00220A4906480068F4F7BEFFBF
:10ADA00000231A46074902480068EFF7E9FD10BD85
:10ADB000B8020024BC020024E4BDA0E5A5BD00004B
:10ADC00004D70408F9AD030810B50020F0F702FC21
:10ADD00007490860102106480068F0F735FB00239A
:10ADE0001A46044902480068EFF7CAFD10BD00008A
:10ADF000C802002425AE030838B504462046EAF709
:10AE0000FEFE0546072D08D1044800234FF4FA72D0
:10AE1000052100900248D3F795FD38BDC9AD030860
:10AE2000C802002438B504462046EAF7E8FE054685
:10AE3000072D08D1044800234FF4FA720621009030
:10AE40000248D3F77FFD38BD31AD0308B8020024B6
:10AE50003EB5E7F7FBF805460020F5F763F80290EA
:10AE60000520F5F75FF801900D4800230090284673
:10AE7000DDE90112F8F728FD044621462846E7F7E8
:10AE8000A9F9FFF755FFFFF79FFF0020F0F7A2FB9E
:10AE90000449086004480068E7F771F93EBD000006
:10AEA000D4BD0408B4020024B8020024024610886D
:10AEB0000B88C01A70472DE9F14F86B0ECF78EFF72
:10AEC0008346BBF1000F02D107B0BDE8F08F0698B2
:10AED000EAF795FE06460698EAF7F2FE80464446F3
:10AEE0005020005DC0F3400000B9EDE75846ECF794
:10AEF000CAFF022804D05846ECF7C5FF042800D149
:10AF0000E2E704A9606AF1F78DF803A95846ECF767
:10AF10007FFF02A95846ECF7BDFFBDF90C000028E1
:10AF200003DBBDF90E00002800DACDE7BDF80C0008
:10AF3000BDF81010401A00B2ADF80400BDF80E00C4
:10AF4000BDF81210401A00B2ADF80600606AF2F7C0
:10AF50005AFE8246656ABDF90400002803DA00271C
:10AF60004FF0010913E0BDF90400504504DB47F63A
:10AF7000FF774FF001090AE001A9606AEDF72CFCA8
:10AF800087B201A9606AEDF7BBFE80F0010994F871
:10AF90005C00C0F3400010B394F85C0000F00100C6
:10AFA000A8B9B9F1000F12D1012E10D167654FF683
:10AFB000FF70A06594F85C0020F00100401C84F84C
:10AFC0005C004FF440714046F0F73EFA16E094F80A
:10AFD0005C0000F0010018B1022E01D1A7650DE060
:10AFE00094F85C0000F0010040B1032E01D0082E5F
:10AFF00004D14FF440714046EFF70AFD94F85C002D
:10B0000000F0010008B9012E03D139464046F8F797
:10B01000AFFA94F85C0000F00100E8B3D4E9150140
:10B0200088420FD9E86BA16D884203D1286C616D0D
:10B0300088422AD0A06DE863606D28644046F3F72B
:10B04000DCF922E0D4E9150188420FD2E86B616D8A
:10B05000884203D1286CA16D884216D0606DE863E8
:10B06000A06D28644046F3F7C8F90EE04FF6FF7173
:10B07000E86B884202D1286C884206D04FF6FF70F8
:10B08000E86328644046F3F7B8F9032E01D0082E90
:10B0900007D194F85C0000E003E020F0010084F8A0
:10B0A0005C0000BF10E701460A69D1E901309860F1
:10B0B000D1E9010358605068884201D18868506026
:10B0C000002008611068401E106010687047000082
:10B0D000034B0360034B0B604FF4806313607047B6
:10B0E000D4DD002430DE0024034B0360034B0B60EF
:10B0F0004FF400631360704730EE00248CEE0024A0
:10B1000010B50120F8F788FC094800681421B0FB4D
:10B11000F1F201FB120020B9002005490860F8F7A0
:10B1200057FD03480068401C0149086010BD00003D
:10B130000000002400F1080141604FF0FF31816000
:10B1400000F10801C1600161002101607047002128
:10B150000161704710B502460B685C1C0CB91069A0
:10B1600007E002F1080000E04068446824689C425F
:10B17000FAD944684C604C68A160886041600A61FB
:10B180001468641C146010BD42684A6093688B6048
:10B19000936859609160086103685B1C03607047A5
:10B1A00000BF502080F31188BFF34F8FBFF36F8F24
:10B1B00000BF0E480068401C0C4908600846006843
:10B1C000012812D10A480068C0B208B9012000E085
:10B1D000002050B900BF502080F31188BFF34F8F7B
:10B1E000BFF36F8F00BF00BFFEE770473C03002432
:10B1F00004ED00E00D48006850B900BF502080F316
:10B200001188BFF34F8FBFF36F8F00BF00BFFEE702
:10B2100006480068401E054908600846006820B9D5
:10B22000002080F3118800BF00BF70473C0300245A
:10B2300070B506463546002E44D0083D2C462249BE
:10B2400060680968084008B1012000E0002050B99A
:10B2500000BF502080F31188BFF34F8FBFF36F8F73
:10B2600000BF00BFFEE7206808B9012000E0002011
:10B2700050B900BF502080F31188BFF34F8FBFF348
:10B280006F8F00BF00BFFEE70F4960680968084084
:10B29000C0B12068B0B90C49606809688843606033
:10B2A00000F07CF9094960680968084407490860AA
:10B2B0002046FAF70FFD06480068401C0449086064
:10B2C00001F058F870BD0000380300242803002462
:10B2D0003403002400204FF0E02108618861064813
:10B2E00000684FF47A71B0FBF1F0401E4FF0E0219E
:10B2F00048610720086170479800002470B5C5F7C1
:10B30000EDF80446102C16D304F1E02090F8F05329
:10B3100015480078854201DB012000E0002050B98B
:10B3200000BF502080F31188BFF34F8FBFF36F8FA2
:10B3300000BF00BFFEE70D48006800F4E0600C4964
:10B340000968884201D8012000E0002050B900BF00
:10B35000502080F31188BFF34F8FBFF36F8F00BF72
:10B3600000BFFEE770BD0000400300240CED00E0CC
:10B3700044030024024600200BE0084B53F8303011
:10B3800033B9064B43F8301003EBC0035A6002E0B8
:10B39000401C0828F1D300BF70470000B80F0024FC
:10B3A0002DE9F04105460E4617462C46FFF7F8FEFC
:10B3B00094F94400401C10B9002084F8440094F92A
:10B3C0004500401C10B9002084F84500FFF712FF2B
:10B3D000A06B28B93A46314604F1240000F062F827
:10B3E0002046FAF7C8FEBDE8F081000070B50446BB
:10B3F0000025D4B11248006808B9012000E00020FF
:10B4000050B900BF502080F31188BFF34F8FBFF3B6
:10B410006F8F00BF00BFFEE700F0C0F8002120469C
:10B42000FAF7D6F900F0A6FF05463DB94FF0805077
:10B4300004490860BFF34F8FBFF36F8F70BD0000EA
:10B440000403002404ED00E0034909680160034996
:10B450000968416070470000F4020024E002002403
:10B460000120014908607047F002002470B50446CD
:10B470000D4654B900BF502080F31188BFF34F8FA1
:10B48000BFF36F8F00BF00BFFEE7054801681831AA
:10B490002046FFF75FFE01212846FAF799F970BDB3
:10B4A000CC02002470B505460E46144655B900BFBF
:10B4B000502080F31188BFF34F8FBFF36F8F00BF11
:10B4C00000BFFEE70648016818312846FFF75CFE1A
:10B4D0000CB14FF0FF3621463046FAF779F970BDCE
:10B4E000CC02002410B586B000200590049003AA79
:10B4F00004A905A8FFF7ECFD0022DDE904101346BE
:10B50000CDE9002102901EA11F48039A00F076FDAC
:10B510001E4908600846006808B1012400E00024C4
:10B52000012C02D100F0A8FF0446012C15D100BF68
:10B53000502080F31188BFF34F8FBFF36F8F00BF90
:10B540004FF0FF30124908600120124908600020C6
:10B550001149086000F04AF910E0601C08B10120B0
:10B5600000E0002050B900BF502080F31188BFF3E5
:10B570004F8FBFF36F8F00BF00BFFEE706B010BD57
:10B5800049444C45000000005D5B030800030024B3
:10B59000FC020024E8020024E002002402480068C3
:10B5A000401C014908607047040300241E480068DD
:10B5B00018B101201D49086034E000201B490860D3
:10B5C0001B4801680CE051B900BF502080F311887E
:10B5D000BFF34F8FBFF36F8F00BF00BFFEE7491E61
:10B5E00001EB8100134A52F8200008B9012000E065
:10B5F00000200028E7D101EB81020E4B03EB820013
:10B6000042685268426000F108024368934202D1E6
:10B610004268526842604268D268074B1A60044828
:10B62000016000BF7047000004030024F002002402
:10B63000E4020024F80F0024CC0200242DE9F0419C
:10B6400005462846EAF73CFB06463046F0F790FDF3
:10B6500007463846E4F75AFF044601213046F0F722
:10B6600022FC804694F90200401E054951F8203022
:10B67000228804A14046EEF725F8BDE8F0810000DD
:10B680006C01002425642025730000002DE9F0479B
:10B6900005462846EAF714FB06463046F0F768FDF3
:10B6A00007463846E4F732FF044600213046F0F7FB
:10B6B000FAFB8046208840F2E772101A81B24046B9
:10B6C000EAF763FA01213046F0F7EDFB814694F981
:10B6D0000200401E81B24846EAF757FABDE8F087FB
:10B6E0002DE9F843814600BF00BF4C46B4F92E0057
:10B6F00010F5004F01D1BDE8F883A08D07B2A08DF1
:10B70000618D884203DAA08D00F5B47007B294F819
:10B710003400C0F3410000284FD0012802D0022895
:10B720005CD139E0618DC81900EBD07149100EB2BF
:10B73000B4F93010B4F93220881800EBD0714910F8
:10B740000FFA81F8B4F92E00404512DA0096638DA5
:10B75000B4F93010B4F92E004246EEF775FA05B28E
:10B76000A9B24846E3F749FCB1B24846E3F7F4FB17
:10B7700011E00097B4F93220B4F92E003346414667
:10B78000EEF762FA05B2B1B24846E3F736FCA9B269
:10B790004846E3F7E1FB24E00097638DB4F93220DB
:10B7A000B4F93010B4F92E00EEF74EFA05B2A28DBE
:10B7B000A9B24846E3F734FB13E00097638DB4F970
:10B7C0003220B4F93010B4F92E00EEF73DFA05B28C
:10B7D000AAB2618D4846E3F723FB02E000BF00BF39
:10B7E00089E700BFA58700BF85E700001CB5524868
:10B7F00000685249884201D0012000E0002050B981
:10B8000000BF502080F31188BFF34F8FBFF36F8FBD
:10B8100000BF00BFFEE7484800684849491E88420B
:10B8200001D0012000E0002050B900BF502080F37B
:10B830001188BFF34F8FBFF36F8F00BF00BFFEE7CC
:10B840003F49084600780190FF200A4610700846DC
:10B85000007800909DF8000000F0F0009DF80020B6
:10B86000904201D1012000E0002050B900BF5020DB
:10B8700080F31188BFF34F8FBFF36F8F00BF00BFFE
:10B88000FEE79DF8000000F050002E4A10700720DF
:10B890002D4A106009E02C480068401E2A4A1060BA
:10B8A0009DF800004006000E00909DF8000000F09A
:10B8B00080008028EFD024480068C0F107000428E9
:10B8C00001D1012000E0002050B900BF502080F3DA
:10B8D0001188BFF34F8FBFF36F8F00BF00BFFEE72C
:10B8E000194800680002184A10601046008800F4E9
:10B8F000E0601060124A019810700F482030006814
:10B9000040F470000C49203108600846006840F09F
:10B9100070400860FFF7DEFC00200C490860C4F7A7
:10B92000A5FD0B48006840F0404009490860C4F795
:10B9300089FD00201CBD000000ED00E071C20F4138
:10B9400000E400E040030024440300243C030024FE
:10B9500034EF00E010B500BF502080F31188BFF332
:10B960004F8FBFF36F8F00BF00F0BCFB18B14FF0DB
:10B9700080500449086000BF002080F3118800BF98
:10B9800010BD000004ED00E02DE9F84380460E46AE
:10B9900017461D46DDF82090B8F1000F01D00120B8
:10B9A00000E0002050B900BF502080F31188BFF3A1
:10B9B0004F8FBFF36F8F00BF00BFFEE70DB10120B7
:10B9C00000E0002050B900BF502080F31188BFF381
:10B9D0004F8FBFF36F8F00BF00BFFEE707B10EB1FF
:10B9E000012000E0002050B900BF502080F31188F2
:10B9F000BFF34F8FBFF36F8F00BF00BFFEE707B9E4
:10BA00000EB9012000E0002050B900BF502080F3A3
:10BA10001188BFF34F8FBFF36F8F00BF00BFFEE7EA
:10BA2000502000900098502801D1012000E0002013
:10BA300050B900BF502080F31188BFF34F8FBFF380
:10BA40006F8F00BF00BFFEE700BF2C464CB1012046
:10BA500084F846004B463A46314640460094FAF791
:10BA600091F82046BDE8F88370B505460E462C4691
:10BA700054B900BF502080F31188BFF34F8FBFF33C
:10BA80006F8F00BF00BFFEE7FFF78AFBD4E90F12FC
:10BA9000206801FB0200A0600020A06320686060B5
:10BAA000E06B401E226C216800FB0211E160FF2068
:10BAB00084F8440084F845009EB9206908B9012043
:10BAC00000E00020A8B904F1100000F007FC80B1EC
:10BAD0004FF0805009490860BFF34F8FBFF36F8F5D
:10BAE00007E004F11000FFF725FB04F12400FFF745
:10BAF00021FBFFF77FFB012070BD000004ED00E09B
:10BB00002DE9FF4383B0064688461D464FF00009E5
:10BB1000344654B900BF502080F31188BFF34F8FD3
:10BB2000BFF36F8F00BF00BFFEE7B8F1000F01D178
:10BB3000206C08B9012000E0002050B900BF50205F
:10BB400080F31188BFF34F8FBFF36F8F00BF00BF2B
:10BB5000FEE7022D02D1E06B012801D1012000E0B7
:10BB6000002050B900BF502080F31188BFF34F8FE1
:10BB7000BFF36F8F00BF00BFFEE700F09DFA08B96A
:10BB8000059808B9012000E0002050B900BF5020FE
:10BB900080F31188BFF34F8FBFF36F8F00BF00BFDB
:10BBA000FEE700BFFFF7FCFAA06BE16B884201D310
:10BBB000022D28D12A4641462046F9F716FF0746AE
:10BBC000606A08B9012000E0002068B904F124008F
:10BBD00000F084FB88B14FF0805032490860BFF319
:10BBE0004F8FBFF36F8F08E03FB14FF080502D496A
:10BBF0000860BFF34F8FBFF36F8FFFF7FBFA012091
:10BC000007B0BDE8F083059818B9FFF7F3FA0020F4
:10BC1000F6E7B9F1000F04D101A8FFF715FC4FF0CA
:10BC20000109FFF7E7FAFFF7B9FCFFF7B9FA94F952
:10BC30004400401C10B9002084F8440094F94500E9
:10BC4000401C10B9002084F84500FFF7D3FA05A97D
:10BC500001A800F05BF9F0B92046FAF7A8F8A0B106
:10BC600004F110000599FFF701FC2046FAF783FA6A
:10BC700000F080FB002895D14FF080500949086002
:10BC8000BFF34F8FBFF36F8F8CE72046FAF773FA3D
:10BC900000F070FB86E72046FAF76DFA00F06AFBC9
:10BCA0000020ADE704ED00E02DE9F84F07468A4695
:10BCB00090461E463C4654B900BF502080F3118880
:10BCC000BFF34F8FBFF36F8F00BF00BFFEE7BAF126
:10BCD000000F01D1206C08B9012000E0002050B90C
:10BCE00000BF502080F31188BFF34F8FBFF36F8FD9
:10BCF00000BF00BFFEE7022E02D1E06B012801D198
:10BD0000012000E0002050B900BF502080F31188CE
:10BD1000BFF34F8FBFF36F8F00BF00BFFEE7FFF78A
:10BD2000EDFA00BF5021EFF3118081F31188BFF3CA
:10BD30004F8FBFF36F8F00BF0546A06BE16B88424A
:10BD400001D3022E25D194F945B0A06B0090324664
:10BD500051462046F9F749FE0BF1010088B9606AA7
:10BD600008B9012000E0002050B904F1240000F0DF
:10BD7000B5FA28B1B8F1000F02D00120C8F80000D0
:10BD800004E00BF1010040B284F845004FF00109D6
:10BD900001E04FF0000900BF85F3118800BF48465D
:10BDA000BDE8F88F2DE9F74183B005460E464FF008
:10BDB00000082C4654B900BF502080F31188BFF30F
:10BDC0004F8FBFF36F8F00BF00BFFEE70EB9206C2F
:10BDD00008B9012000E0002050B900BF502080F3D6
:10BDE0001188BFF34F8FBFF36F8F00BF00BFFEE717
:10BDF00000F062F908B9059808B9012000E00020B8
:10BE000050B900BF502080F31188BFF34F8FBFF3AC
:10BE10006F8F00BF00BFFEE700BFFFF7C1F9A76B40
:10BE2000F7B131462046F9F7CBFD781EA0632069B3
:10BE300008B9012000E0002060B904F1100000F012
:10BE40004DFA38B14FF080502F490860BFF34F8F43
:10BE5000BFF36F8FFFF7CEF9012006B0BDE8F08188
:10BE6000059818B9FFF7C6F90020F6E7B8F1000FFA
:10BE700004D101A8FFF7E8FA4FF00108FFF7BAF97B
:10BE8000FFF78CFBFFF78CF994F94400401C10B9C4
:10BE9000002084F8440094F94500401C10B90020AB
:10BEA00084F84500FFF7A6F905A901A800F02EF8CF
:10BEB000F0B92046F9F76EFFA0B104F1240005990E
:10BEC000FFF7D4FA2046FAF756F900F053FA0028A3
:10BED000A3D14FF080500C490860BFF34F8FBFF3E0
:10BEE0006F8F9AE72046FAF746F900F043FA94E795
:10BEF0002046FAF740F900F03DFA2046F9F74AFFEC
:10BF000000288AD00020A8E704ED00E070B50546BF
:10BF10000C4655B900BF502080F31188BFF34F8FF6
:10BF2000BFF36F8F00BF00BFFEE754B900BF5020C2
:10BF300080F31188BFF34F8FBFF36F8F00BF00BF37
:10BF4000FEE7FFF72DF9124802686868131A2068A7
:10BF5000401C08B9002617E00E4928680968884285
:10BF600004D06868904201D801260DE0206898420C
:10BF700007D92068C01A20602846FFF765FA002616
:10BF800002E0002020600126FFF734F9304670BD42
:10BF9000E0020024F40200242DE9FF4F85B0804622
:10BFA00089461746DDE912ABB800FAF723F90646D1
:10BFB00056B15C20FAF71EF904460CB1266304E082
:10BFC0003046FFF735F900E000248CB1002084F8FA
:10BFD0005900CDE900ABCDE902403A46494640461A
:10BFE000089BF9F7E4FD2046F9F730FC012501E054
:10BFF0004FF0FF35284609B0BDE8F08F2DE9F04F2E
:10C0000085B00746884691469A46DDE90EB6109CF3
:10C010000EB1012000E0002050B900BF502080F395
:10C020001188BFF34F8FBFF36F8F00BF00BFFEE7D4
:10C030000CB1012000E0002050B900BF502080F377
:10C040001188BFF34F8FBFF36F8F00BF00BFFEE7B4
:10C050005C20039003985C2801D1012000E00020BF
:10C0600050B900BF502080F31188BFF34F8FBFF34A
:10C070006F8F00BF00BFFEE700BFB4B1AEB1254671
:10C080002C462E63022085F85900002004A953464F
:10C090004A46CDE900B1CDE9025041463846F9F7AC
:10C0A00086FD2846F9F7D2FB01E0002004900498B1
:10C0B00005B0BDE8F08F00000549096809B9012005
:10C0C00005E00449096809B9022000E00020704732
:10C0D000E8020024040300240149086870470000B6
:10C0E000E00200242DE9F0414FF0000847480068C5
:10C0F00000287DD146480068451C4548056015BBB1
:10C1000044480068006808B9012000E0002050B9E8
:10C1100000BF502080F31188BFF34F8FBFF36F8FA4
:10C1200000BF00BFFEE73B4807683B48006839494D
:10C1300008603948076039480068401C3749086082
:10C14000F9F76AFF00BF3648006885423BD300BF5D
:10C1500030480068006808B9012000E0002020B1E4
:10C160004FF0FF302E4908602CE02A480068C06874
:10C17000C4686668B54202D22948066022E0201DE4
:10C18000FEF791FFA06A18B104F11800FEF78BFFCB
:10C190002449E06A0968884202D92249E06A0860B5
:10C1A000E16A01EB8101204A02EB8100211DFEF7CB
:10C1B000EBFF1E49E06A0968C96A8842C8D34FF09C
:10C1C0000108C5E700BF19480068C06A00EB80009D
:10C1D000154951F82000012801D94FF001081448F1
:10C1E000006808B9FEF78CFF1248006818B100E03B
:10C1F00002E04FF0010806E00D480068401C0C49C1
:10C200000860FEF77DFF4046BDE8F081040300248E
:10C21000E0020024D0020024D4020024F40200240E
:10C22000FC020024E4020024F80F0024CC020024C5
:10C23000EC020024F002002470B505462C460026CE
:10C24000002D43D022480068844201D1012000E043
:10C25000002050B900BF502080F31188BFF34F8FEA
:10C26000BFF36F8F00BF00BFFEE7206D50B900BF66
:10C27000502080F31188BFF34F8FBFF36F8F00BF43
:10C2800000BFFEE7206D401E2065E16CE06A884239
:10C290001CD0206DD0B9201DFEF705FFE06CE062D8
:10C2A000E06AC0F13800A0610A49E06A0968884282
:10C2B00002D90849E06A0860E16A01EB8101064A97
:10C2C00002EB8100211DFEF75FFF0126304670BDA5
:10C2D000CC020024E4020024F80F002470B50646C6
:10C2E000F068C46854B900BF502080F31188BFF3D0
:10C2F0004F8FBFF36F8F00BF00BFFEE704F1180040
:10C30000FEF7D1FE15480068A0B9201DFEF7CBFE50
:10C310001349E06A0968884202D91149E06A086055
:10C32000E16A01EB81010F4A02EB8100211DFEF75A
:10C330002BFF04E004F118010B48FEF725FF0B4921
:10C34000E06A0968C96A884204D9012501200849C0
:10C35000086000E00025284670BD000004030024AA
:10C36000E4020024F80F002480140024CC020024EE
:10C37000F002002470B5002400263648006850B949
:10C3800000BF502080F31188BFF34F8FBFF36F8F32
:10C3900000BF00BFFEE7FEF703FF2E480068401E07
:10C3A0002C4908600846006800284ED12A480068D9
:10C3B00000284AD023E02948C068C46804F1180066
:10C3C000FEF771FE201DFEF76EFE2549E06A096842
:10C3D000884202D92249E06A0860E16A01EB8101E2
:10C3E000204A02EB8100211DFEF7CEFE1E49E06AC5
:10C3F0000968C96A884202D301201C4908601748AD
:10C40000006808B9012000E000200028D3D00CB15A
:10C41000F9F702FE1648056865B100BFFFF762FE36
:10C4200010B10120114908606D1E002DF6D10020C9
:10C430000F4908600D48006838B1012630070D49E2
:10C440000860BFF34F8FBFF36F8FFEF7D3FE304608
:10C4500070BD000004030024DC02002480140024CA
:10C46000E4020024F80F0024CC020024F00200248F
:10C47000EC02002404ED00E010B586B00024F9F7CA
:10C4800041FA16480068D0B100200590049003AA34
:10C4900004A905A8FEF728FE3722DDE904100023D1
:10C4A000CDE9002102900EA10F48039AFFF7A6FDE7
:10C4B0000E4908600846006800B1012400BF54B965
:10C4C00000BF502080F31188BFF34F8FBFF36F8FF1
:10C4D00000BF00BFFEE7204606B010BD10030024D9
:10C4E000546D7220537663005D61030814030024C9
:10C4F0002DE9FF4704460D4616461F46DDF83080FD
:10C500004FF0000954B900BF502080F31188BFF3E9
:10C510004F8FBFF36F8F00BF00BFFEE71448006866
:10C5200010B3009501960294062D15DAFFF7C4FDAD
:10C53000022808D10023424669460D480068FFF7EB
:10C54000DFFA814610E000231A4669460848006871
:10C55000FFF7D6FA814607E000233A4669460448C9
:10C560000068FFF7A1FB8146484604B0BDE8F087AC
:10C57000100300242DE9F84304462046E9F7A0FB08
:10C5800007462046E9F79FFB80463846E9F76CF8F6
:10C5900005464046E3F7BAFF06463068009040F291
:10C5A000E770401B80B2ADF800009DF90220BDF895
:10C5B00000104046E3F7B2FFBDE8F88310B500294C
:10C5C0000AD00878002807D005487844C4F770FAE4
:10C5D000002801D0002010BD0248784410BD0000A2
:10C5E000761701006E17010010B500290AD00878EF
:10C5F000002807D005487844C4F75AFA002801D02B
:10C60000002010BD0248784410BD000066170100EC
:10C610005E1701004FF04070E1EE100A7047C4F75A
:10C62000FFBBC4F7C7BE000034D8040800000000F8
:10C6300000000000000000000000000000500000AA
:10C6400028000000000000000000000020D80408BE
:10C6500000000000000000000000000000000000DA
:10C66000000400002800000000000000000000009E
:10C670004CD804080000000000000000000000008A
:10C680000000000000020000280000000000000080
:10C690000000000040D80408000000000000000076
:10C6A0000000000000000000000200001800000070
:10C6B000000000000000000000000000000020005A
:10C6C000FE0322022202FE032000200000000000E0
:10C6D000D6D00000000000000000000000000000B4
:10C6E00000000000000000000000000000006000EA
:10C6F000FF07040188005000780087070000000051
:10C70000CEC4000000000000000000000000000097
:10C7100000000000000000000000000000006000B9
:10C72000FE07F801C000FE072000380000000000EE
:10C73000D7D600000000000000000000000000004C
:10C7400000000000000000000000000088008400DD
:10C75000F407C601A6019402EC0584000000000065
:10C76000CCE5000000000000000000000000000018
:10C7700000000000000000000000000000000000B9
:10C7800000000000000000000000000000000000A9
:10C790000000000000000000000000000000000099
:10C7A0000000000000000000000000000000000089
:10C7B0000000000000000000000000000000000079
:10C7C0000000000000000000000000000000000069
:10C7D0000000000000000000000000000000000059
:10C7E0000000000000000000000000000000000049
:10C7F0000000000000000000000000000000000039
:10C800000000000000000000000000000000000028
:10C810000000000000000000000000000000000018
:10C820000000000000000000000000000000000008
:10C8300000000000000000000000000000000000F8
:10C8400000000000000000000000000000000000E8
:10C8500000000000000000000000000000000000D8
:10C8600000000000000000000000000000000000C8
:10C8700000000000000000000000000000000000B8
:10C8800000000000000000000000000000000000A8
:10C890000000000000000000000000000000000098
:10C8A0000000000000000000000000000000000088
:10C8B0000000000000000000000000000000000078
:10C8C0000000000000000000000000000000000068
:10C8D0000000000000000000000000000000000058
:10C8E0000000000000000000000000000000000048
:10C8F0000000000000000000000000000000000038
:10C900000000000000000000000000000000000027
:10C910000000000000000000000000000000000017
:10C920000000000000000000000000000000000007
:10C9300000000000000000000000000000000000F7
:10C9400000000000000000000000000000000000E7
:10C9500000000000000000000000000000000000D7
:10C9600000000000000000000000000000000000C7
:10C9700000000000000000000000000000000000B7
:10C9800000000000000000000000000000000000A7
:10C990000000000000000000000000000000000097
:10C9A0000000000000000000000000000000000087
:10C9B0000000000000000000000000000000000077
:10C9C0000000000000000000000000000000000067
:10C9D0000000000000000000000000000000000057
:10C9E0000000000000000000000000000000000047
:10C9F0000000000000000000000000000000000037
:10CA00000000000000000000000000000000000026
:10CA10000000000000000000000000000000000016
:10CA20000000000000000000000000000000000006
:10CA300000000000000000000000000000000000F6
:10CA400000000000000000000000000000000000E6
:10CA500000000000000000000000000000000000D6
:10CA600000000000000000000000000000000000C6
:10CA700000000000000000000000000000000000B6
:10CA800000000000000000000000000000000000A6
:10CA90000000000000000000000000000000000096
:10CAA0000000000000000000000000000000000086
:10CAB0000000000000000000000000000000000076
:10CAC0000000000000000000000000000000000066
:10CAD0000000000000000000000000000000000056
:10CAE0000000000000000000000000000000000046
:10CAF0000000000000000000000000000000000036
:10CB00000000000000000000000000000000000025
:10CB10000000000000000000000000000000000015
:10CB20000000000000000000000000000000000005
:10CB300000000000000000000000000000000000F5
:10CB400000000000000000000000000000000000E5
:10CB500000000000000000000000000000000000D5
:10CB600000000000000000000000000000000000C5
:10CB700040004000FE1F42104210FE1F42104000C5
:10CB80004000000000000000D6D0000000000000BF
:10CB90000000000000000000000000000000000095
:10CBA0000000000000000000000000000000400045
:10CBB0008000FF3F0804080410022001C00038076D
:10CBC0000738000000000000CEC400000000000094
:10CBD0000000000000000000000000000000000055
:10CBE0000000000000000000000000000000400005
:10CBF0008000FE1F0210F8070003FF1F8000800066
:10CC0000F000000000000000D7D600000000000087
:10CC10000000000000000000000000000000000014
:10CC20000000000000000000000000000000000004
:10CC300008010C01F41F8603470365053409CC176E
:10CC40000401000000000000CCE50000000000002E
:10CC500000000000000000000000000000000000D4
:10CC600000000000000000000000000000000000C4
:10CC70000000000000001800000000000000180084
:10CC80000000000000000000A3BA00000000000047
:10CC90000000000000000000000000000000000094
:10CCA0000000000000000000000000000000000084
:10CCB0000000000000000000000000000000000074
:10CCC0000000000000000000000000000000000064
:10CCD0000000000000000000000000000000000054
:10CCE0000000000000000000000000000000000044
:10CCF0000000000000000000000000000000000034
:10CD00000000000000000000000000000000000023
:10CD10000000000000000000000000000000000013
:10CD20000000000000000000000000000000000003
:10CD300000000000000000000000000000000000F3
:10CD400000000000000000000000000000000000E3
:10CD500000000000000000000000000000000000D3
:10CD600000000000000000000000000000000000C3
:10CD700000000000000000000000000000000000B3
:10CD800000000000000000000000000000000000A3
:10CD90000000000000000000000000000000000093
:10CDA0000000000000000000000000000000000083
:10CDB0000000000000000000000000000000000073
:10CDC0000000000000000000000000000000000063
:10CDD0000000000000000000000000000000000053
:10CDE0000000000000000000000000000000000043
:10CDF0000000000000000000000000000000000033
:10CE00000000000000000000000000000000000022
:10CE10000000000000000000000000000000000012
:10CE20000000000000000000000000000000000002
:10CE300000000000000000000000000000000000F2
:10CE400000000000000000000000000000000000E2
:10CE500000000000000000000000000000000000D2
:10CE600000000000000000000000000000000000C2
:10CE700000000000000000000000000000000000B2
:10CE800000000000000000000000000000000000A2
:10CE90000000000000000000000000000000000092
:10CEA0000000000000000000000000000000000082
:10CEB0000000000000000000000000000000000072
:10CEC0000000000000000000000000000000000062
:10CED0000000000000000000000000000000000052
:10CEE0000000000000000000000000000000000042
:10CEF0000000000000000000000000000000000032
:10CF00000000000000000000000000000000000021
:10CF10000000000000000000000000000000000011
:10CF20000000000000000000000000000000000001
:10CF300000000000000000000000000000000000F1
:10CF400000000000000000000000000000000000E1
:10CF500000000000000000000000000000000000D1
:10CF600000000000000000000000000000000000C1
:10CF700000000000000000000000000000000000B1
:10CF800000000000000000000000000000000000A1
:10CF90000000000000000000000000000000000091
:10CFA0000000000000000000000000000000000081
:10CFB0000000000000000000000000000000000071
:10CFC0000000000000000000000000000000000061
:10CFD0000000000000000000000000000000000051
:10CFE0000000000000000000000000000000000041
:10CFF0000000000000000000000000000000000031
:10D000000000000000000000000000000000000020
:10D010000000000000000000000000000000000010
:10D020000000000000000000000000000000000000
:10D0300000000000000000000000000000000000F0
:10D0400000000000000000000000000000000000E0
:10D0500000000000000000000000000000000000D0
:10D0600000000000000000000000000000000000C0
:10D0700000000000000000000000000000000000B0
:10D0800000000000000000000000000000000000A0
:10D090000000000000000000000000000000000090
:10D0A0000000000000000000000000000000000080
:10D0B0000000000000000000000000000000000070
:10D0C0000000000000000000000000000000000060
:10D0D0000000000000000000000000000000000050
:10D0E0000000000000000000000000000000000040
:10D0F0000000000000000000000000000000000030
:10D10000000000000000000000000000000000001F
:10D11000000000000000000000000000000000000F
:10D1200000000000000000000000000000000000FF
:10D1300000000000000000000000000000000000EF
:10D1400000000000000000000000000000000000DF
:10D1500000000000000000000000000000000000CF
:10D1600000000000000000000000000000000000BF
:10D1700000000000000000000000000000000000AF
:10D18000000000000000000000000000000000009F
:10D19000000000000000000000000000000000008F
:10D1A000000000000000000000000000000000007F
:10D1B00000000000000000000200000200FCFF016F
:10D1C000040201040201040201040201FCFF010443
:10D1D0000201000200000200000200000000000046
:10D1E00000000000D6D00000000000000000000099
:10D1F000000000000000000000000000000000002F
:10D20000000000000000000000000000000000001E
:10D21000000000000000000000000000000000000E
:10D2200000000000000000000000000000000000FE
:10D230000300000400FFFF07104000104000202002
:10D2400000401000800C00000700800D0078F00006
:10D25000070007000000000000000000CEC400002E
:10D2600000000000000000000000000000000000BE
:10D2700000000000000000000000000000000000AE
:10D28000000000000000000000000000000000009E
:10D29000000000000000000000000000000000008E
:10D2A00000000000000000000300000600FEFF0375
:10D2B000020002F87F00003000000C00FFFF0700B2
:10D2C0000200000200000200E00300000000000075
:10D2D00000000000D7D600000000000000000000A1
:10D2E000000000000000000000000000000000003E
:10D2F000000000000000000000000000000000002E
:10D30000000000000000000000000000000000001D
:10D3100000000000000000000000000000000020ED
:10D320000800100800F0FF03081C000C2A000E2A59
:10D33000000A490088C900C8FF01680803380806C8
:10D34000080800000000000000000000CCE500001C
:10D3500000000000000000000000000000000000CD
:10D3600000000000000000000000000000000000BD
:10D3700000000000000000000000000000000000AD
:10D38000000000000000000000000000000000009D
:10D39000000000000000000000000000000000008D
:10D3A000000000000000000000000000000000007D
:10D3B000000000000000000000000000000000006D
:10D3C000000000000000000000000000000000005D
:10D3D000000000000000000000000000000000004D
:10D3E000000000000000000000000000000000003D
:10D3F000000000000000000000000000000000002D
:10D40000000000000000000000000000000000001C
:10D41000000000000000000000000000000000000C
:10D4200000000000000000000000000000000000FC
:10D4300000000000000000000000000000000000EC
:10D4400000000000000000000000000000000000DC
:10D4500000000000000000000000000000000000CC
:10D4600000000000000000000000000000000000BC
:10D4700000000000000000000000000000000000AC
:10D48000000000000000000000000000000000009C
:10D49000000000000000000000000000000000008C
:10D4A000000000000000000000000000000000007C
:10D4B000000000000000000000000000000000006C
:10D4C000000000000000000000000000000000005C
:10D4D000000000000000000000000000000000004C
:10D4E000000000000000000000000000000000003C
:10D4F000000000000000000000000000000000002C
:10D50000000000000000000000000000000000001B
:10D51000000000000000000000000000000000000B
:10D5200000000000000000000000000000000000FB
:10D5300000000000000000000000000000000000EB
:10D5400000000000000000000000000000000000DB
:10D5500000000000000000000000000000000000CB
:10D5600000000000000000000000000000000000BB
:10D5700000000000000000000000000000000000AB
:10D58000000000000000000000000000000000009B
:10D59000000000000000000000000000000000008B
:10D5A000000000000000000000000000000000007B
:10D5B000000000000000000000000000000000006B
:10D5C000000000000000000000000000000000005B
:10D5D000000000000000000000000000000000004B
:10D5E000000000000000000000000000000000003B
:10D5F000000000000000000000000000000000002B
:10D60000000000000000000000000000000000001A
:10D61000000000000000000000000000000000000A
:10D6200000000000000000000000000000000000FA
:10D6300000000000000000000000000000000000EA
:10D6400000000000000000000000000000000000DA
:10D6500000000000000000000000000000000000CA
:10D6600000001C00003800006000FFFFFF60000C9D
:10D6700060000CC00006C0000680010300830100AA
:10D68000C700006C0000380000EE00C0830778007F
:10D690003C0600E000000000000000000000000068
:10D6A000CEC40000000000000000000000000000E8
:10D6B000000000000000000000000000000000006A
:10D6C000000000000000000000000000000000005A
:10D6D000000000000000000000000000000000004A
:10D6E000000000000000000000000000000000003A
:10D6F00000000000001800001800001800FEFFFFE6
:10D70000003C00007E0000DB00809900C018016032
:10D71000180230180C1C18180E1870E2FF47001879
:10D7200000001800001800001800000000000000B1
:10D73000B1BE00000000000000000000000000007A
:10D7400000000000000000000000000000000000D9
:10D7500000000000000000000000000000000000C9
:10D7600000000000000000000000000000000000B9
:10D7700000000000000000000000000000000000A9
:10D7800000000000000000F8FF3F180030180030D3
:10D79000F8FF3F180030180030F8FF3F1800300441
:10D7A000C62008C63018C63830C61820C60800C6BD
:10D7B00000FEFFFF0000000000000000000000006D
:10D7C000CFD40000000000000000000000000000B6
:10D7D0000000000000000000000000000000000049
:10D7E0000000000000000000000000000000000039
:10D7F0000000000000000000000000000000000029
:10D800000000000000000000000000000000000018
:10D8100000000000000000FCFF7F0000000000008E
:10D82000000000000000FFFFFF0030002030043047
:10D83000300C3830181830300C30600630C00230F0
:10D8400080003000801F0000000000000000000089
:10D85000CABE000000000000000000000000000040
:10D8600000000000000000000000000000000000B8
:10D8700000000000000000000000000000000000A8
:10D880000000000000000000000000000000000098
:10D890000000000000000000000000000000000088
:10D8A0000000000000000000000000000000000078
:10D8B0000000000000000000000000000000000068
:10D8C0000000000000000000000000E00000600018
:10D8D0000060000030000030000000000000000088
:10D8E000A3AC0000000000000000000000000000E9
:10D8F0000000000000000000000000000000000028
:10D900000000000000000000000000000000000017
:10D910000000000000000000000000000000000007
:10D9200000000000000000000000000000000000F7
:10D9300000000000000000FFFFFF00000C00000CD2
:10D9400000000CF83F0C18300C18300C18300C1874
:10D95000300C18300CF83F0C18000C00000C0000C4
:10D960000C00000C00F007000000000000000000A8
:10D97000BFC900000000000000000000000000001F
:10D980000000000000000000000000000000000097
:10D990000000000000000000000000000000000087
:10D9A0000000000000000000000000000000000077
:10D9B0000000000000000000000000000000000067
:10D9C00000000000000000F8FF3F18003018003091
:10D9D000F8FF3F180030180030F8FF3F18003004FF
:10D9E000C62008C63018C63830C61820C60800C67B
:10D9F00000FEFFFF0000000000000000000000002B
:10DA0000CFD4000000000000000000000000000073
:10DA10000000000000000000000000000000000006
:10DA200000000000000000000000000000000000F6
:10DA300000000000000000000000000000000000E6
:10DA400000000000000000000000000000000000D6
:10DA500000000000000000FCFF7F0000000000004C
:10DA6000000000000000FFFFFF0030002030043005
:10DA7000300C3830181830300C30600630C00230AE
:10DA800080003000801F0000000000000000000047
:10DA9000CABE0000000000000000000000000000FE
:10DAA0000000000000000000000000000000000076
:10DAB0000000000000000000000000000000000066
:10DAC0000000000000000000000000000000000056
:10DAD0000000000000000000000000000000000046
:10DAE00000000000001800001800001800001800D6
:10DAF000FCFF7F0C18600C18600C18600C18600C90
:10DB00001860FCFF7F0C1860001800001800001857
:10DB100000001800001800000000000000000000D5
:10DB2000D6D000000000000000000000000000004F
:10DB300000000000000000000000000000000000E5
:10DB400000000000000000000000000000000000D5
:10DB500000000000000000000000000000000000C5
:10DB600000000000000000000000000000000000B5
:10DB700000001C00003800006000FFFFFF60000C88
:10DB800060000CC00006C000068001030083010095
:10DB9000C700006C0000380000EE00C0830778006A
:10DBA0003C0600E000000000000000000000000053
:10DBB000CEC40000000000000000000000000000D3
:10DBC0000000000000000000000000000000000055
:10DBD0000000000000000000000000000000000045
:10DBE0000000000000000000000000000000000035
:10DBF0000000000000000000000000000000000025
:10DC000000000000000000C007007F000060E0FF8F
:10DC10006060C0FF6FC07060C07060C0F861C0F825
:10DC200063C06C66C0666CC06360C06160C060E069
:10DC3000FF6060C06060C0000000000000000000E5
:10DC4000BACD00000000000000000000000000004D
:10DC500000000000000000000000000000000000C4
:10DC600000000000000000000000000000000000B4
:10DC700000000000000000000000000000000000A4
:10DC80000000000000000000000000000000000094
:10DC900000000800001800003000FEFFFF0600C072
:10DCA0000600C0E0FF0F00000700800100E0000058
:10DCB0003000FFFFFF003000003000003000003077
:10DCC00000801F00000000000000000000000000B5
:10DCD000D7D6000000000000000000000000000097
:10DCE0000000000000000000000000000000000034
:10DCF0000000000000000000000000000000000024
:10DD00000000000000000000000000000000000013
:10DD10000000000000000000000000000000000003
:10DD20000020800130C000F8DFFFC8600684710C5D
:10DD300002390801100060000C70000CB8FFFF3CB5
:10DD4000000C36040C320C0C30180C30100C300067
:10DD50000C30000C30E00700000000000000000064
:10DD6000B7FB000000000000000000000000000001
:10DD700000000000000000000000000000000000A3
:10DD80000000000000000000000000000000000093
:10DD90000000000000000000000000000000000083
:10DDA0000000000000000000000000000000000073
:10DDB00000000000C0300060E000F0FFFF386000AD
:10DDC000F6FFFF336000F0FFFF306000F0FFFF3030
:10DDD0000000003000003000FEFFFF00FE01803137
:10DDE000077030380F30C000000000000000000055
:10DDF000BCAF0000000000000000000000000000B8
:10DE00000000000000000000000000000000000012
:10DE10000000000000000000000000000000000002
:10DE200000000000000000000000000000000000F2
:10DE300000000000000000000000000000000000E2
:10DE400000000000000000F8FF7F1830601830600C
:10DE5000183060183060F8FF7F1830601830601894
:10DE60003060183060F8FF7F1C30600C30600C3080
:10DE70006006306002303F0000000000000000003B
:10DE8000D3C30000000000000000000000000000FC
:10DE90000000000000000000000000000000000082
:10DEA0000000000000000000000000000000000072
:10DEB0000000000000000000000000000000000062
:10DEC0000000000000000000000000000000000052
:10DED00000000000000800001800003000F8FF7F7C
:10DEE000180060180060180060180060F8FF7F18C4
:10DEF00000601800001800000C00000C0000060074
:10DF00000006000003000000000000000000000008
:10DF1000BBA700000000000000000000000000009F
:10DF200000000000000000000000000000000000F1
:10DF300000000000000000000000000000000000E1
:10DF400000000000000000000000000000000000D1
:10DF500000000000000000000000000000000000C1
:10DF600000000000000000FFFFFF00000C00000C9C
:10DF700000000CF83F0C18300C18300C18300C183E
:10DF8000300C18300CF83F0C18000C00000C00008E
:10DF90000C00000C00F00700000000000000000072
:10DFA000BFC90000000000000000000000000000E9
:10DFB0000000000000000000000000000000000061
:10DFC0000000000000000000000000000000000051
:10DFD0000000000000000000000000000000000041
:10DFE0000000000000000000000000000000000031
:10DFF0000000000030000030F87F301860FF1B6028
:10E0000030F87F381860381860FC1860B6F97F3631
:10E010009A013318C330183330180E30181D30D819
:10E0200039307CE03008C000000000000000000033
:10E03000B8F900000000000000000000000000002F
:10E0400000000000000000000000000000000000D0
:10E0500000000000000000000000000000000000C0
:10E0600000000000000000000000000000000000B0
:10E0700000000000000000000000000000000000A0
:10E080000000000030000030FE7F300660FE0660B9
:10E0900030FE7F30066330060330FEFFB0060378A3
:10E0A000060336060330FA7F301B60301B60B01960
:10E0B00060B0F97FDE186000000000000000000082
:10E0C000BEDD0000000000000000000000000000B5
:10E0D0000000000000000000000000000000000040
:10E0E0000000000000000000000000000000000030
:10E0F0000000000000000000000000000000000020
:10E10000000000000000000000000000000000000F
:10E1100000000000000000FCFF7F001800FEFFFF71
:10E120000618C0F6DBDF001800F0DB1F000000FF60
:10E13000FFFF001800001800FCFF3F0CC6300CC6A3
:10E14000300CC6300CC6300C001E00000000000071
:10E15000D0E8000000000000000000000000000007
:10E1600000000000000000000000000000000000AF
:10E17000000000000000000000000000000000009F
:10E18000000000000000000000000000000000008F
:10E19000000000000000000000000000000000007F
:10E1A0000000000000300700301C003000FEFFFFC0
:10E1B00000300008300010306030703060F01840DF
:10E1C000B00C00BC03003307E0300C1830180630E8
:10E1D000600030C0801F0000000000000000000050
:10E1E000C7F3000000000000000000000000000075
:10E1F000000000000000000000000000000000001F
:10E20000000000000000000000000000000000000E
:10E2100000000000000000000000000000000000FE
:10E2200000000000000000000000000000000000EE
:10E2300000000000000030000030FE03300003301A
:10E2400002FBFF0C0130983130B06130E0E030C0AB
:10E25000C030E08130B003301803300C02300600CB
:10E260003003C01F0000000000000000000000009C
:10E27000B6D4000000000000000000000000000014
:10E28000000000000000000000000000000000008E
:10E29000000000000000000000000000000000007E
:10E2A000000000000000000000000000000000006E
:10E2B000000000000000000000000000000000005E
:10E2C00000000800001800003000FEFFFF0600C03C
:10E2D0000600C0E0FF0F00000700800100E0000022
:10E2E0003000FFFFFF003000003000003000003041
:10E2F00000801F000000000000000000000000007F
:10E30000D7D6000000000000000000000000000060
:10E3100000000000000000000000000000000000FD
:10E3200000000000000000000000000000000000ED
:10E3300000000000000000000000000000000000DD
:10E3400000000000000000000000000000000000CD
:10E350000000000000300000E000F8FFFF1830006F
:10E36000181800D8FFFF18060018860118830198B6
:10E37000FFFF1880011880010C8001ECFFFF048072
:10E380000106800103800100000000000000000081
:10E39000BFE20000000000000000000000000000DC
:10E3A000000000000000000000000000000000006D
:10E3B000000000000000000000000000000000005D
:10E3C000000000000000000000000000000000004D
:10E3D000000000000000000000000000000000003D
:10E3E0000000000008180C18180C30180C20FFFF53
:10E3F00000180C00180C3E180C30180CB0FFFF3041
:10E40000180C30180C301C0C300C0C30060C7C0234
:10E410000CCE000004FFFF00000000000000000020
:10E42000BDF8000000000000000000000000000037
:10E4300000000000000000000000000000000000DC
:10E4400000000000000000000000000000000000CC
:10E4500000000000000000000000000000000000BC
:10E4600000000000000000000000000000000000AC
:10E470000000000040000060F8FF300000180000BD
:10E48000860000C3000060000030FEFF38000C3C36
:10E49000000C36000C33000C30000C30000C300047
:10E4A0000C30000C30F007000000000000000000FD
:10E4B000D0D00000000000000000000000000000BC
:10E4C000000000000000000000000000000000004C
:10E4D000000000000000000000000000000000003C
:10E4E000000000000000000000000000000000002C
:10E4F000000000000000000000000000000000001C
:10E500000000000018181818300C18FFFF1883C1FD
:10E510007F9BD918B3C71883C118FFFF18000018D4
:10E52000FE7F180660180660D8FE7F3C0660030672
:10E530006000FE7F00066000000000000000000098
:10E54000D4F6000000000000000000000000000001
:10E5500000000000000000000000000000000000BB
:10E5600000000000000000000000000000000000AB
:10E57000000000000000000000000000000000009B
:10E58000000000000000000000000000000000008B
:10E590000000000006000038FE7F20C00000C00020
:10E5A00000600083FF7F1E3003101806000E0C80F1
:10E5B0006330D86060186C1B0C66360C63668C6325
:10E5C000CC066000063C00000000000000000000D7
:10E5D000CCED000000000000000000000000000082
:10E5E000000000000000000000000000000000002B
:10E5F000000000000000000000000000000000001B
:10E60000000000000000000000000000000000000A
:10E6100000000000000000000000000000000000FA
:10E6200000000000000000C007007F000060E0FF65
:10E630006060C0FF6FC07060C07060C0F861C0F8FB
:10E6400063C06C66C0666CC06360C06160C060E03F
:10E65000FF6060C06060C0000000000000000000BB
:10E66000BACD000000000000000000000000000023
:10E67000000000000000000000000000000000009A
:10E68000000000000000000000000000000000008A
:10E69000000000000000000000000000000000007A
:10E6A000000000000000000000000000000000006A
:10E6B000000000000000C0FCFCC0CCCCCCCCCCCC1A
:10E6C000CCCCCCCCCCCCCCCCCCCCCCCCFFFFCFCC21
:10E6D000CCCCCCCCCCCCCCCCCCCCCCCCCCC0C6C692
:10E6E000C0FEC6C003FB7C0000000000000000006C
:10E6F000C9BE000000000000000000000000000093
:10E700000000000000000000000000000000000009
:10E7100000000000000000000000000000000000F9
:10E7200000000000000000000000000000000000E9
:10E7300000000000000000000000000000000000D9
:10E74000000000000000160400260C004698FFFFA1
:10E7500090010680FD068001C6800166B0F966B8AA
:10E76000D93698D93498D91CCCF88CCC188E660040
:10E770009B20C0F110C0E00000000000000000007D
:10E78000BCF50000000000000000000000000000D8
:10E790000000000000000000000000000000000079
:10E7A0000000000000000000000000000000000069
:10E7B0000000000000000000000000000000000059
:10E7C0000000000000000000000000000000000049
:10E7D0000000000060C00070C00030C00030C00009
:10E7E00098FFFF18F0031CD0021ED8061BCC04199A
:10E7F000C60C18C61898C330D8FCEF78C08018C073
:10E800000018C00018C00000000000000000000058
:10E81000CCE5000000000000000000000000000047
:10E8200000000000000000000000000000000000E8
:10E8300000000000000000000000000000000000D8
:10E8400000000000000000000000000000000000C8
:10E8500000000000000000000000000000000000B8
:10E8600000000000000000000000000000000000A8
:10E870000000000000000000000000000000000098
:10E880000000000000000000000000000000000088
:10E890000000000000000000000000000000000078
:10E8A0000000000000000000000000000000000068
:10E8B0000000000000000000000000000000000058
:10E8C0000000000000000000000000000000000048
:10E8D0000000000000000000000000000000000038
:10E8E0000000000000000000000000000000000028
:10E8F0000000000000000000000000000000000018
:10E900000000000000000000000000000000000007
:10E9100000000000000000000000000000000000F7
:10E9200000000000000000000000000000000000E7
:10E9300000000000000000000000000000000000D7
:10E9400000000000000000000000000000000000C7
:10E9500000000000000000000000000000000000B7
:10E9600000000000000000000000000000000000A7
:10E970000000000000000000000000000000000097
:10E980000000000000000000000000000000000087
:10E990000000000000000000000000000000000077
:10E9A0000000000000000000000000000000000067
:10E9B0000000000000000000000000000000000057
:10E9C0000000000000000000000000000000000047
:10E9D0000000000000000000000000000000000037
:10E9E0000000000000000000000000000000000027
:10E9F0000000000000000000000000000000000017
:10EA00000000000000000000000000000000000006
:10EA100000000000000000000000000000000000F6
:10EA200000000000000000000000000000000000E6
:10EA300000000000000000000000000000000000D6
:10EA400000000000000000000000000000000000C6
:10EA500000000000000000000000000000000000B6
:10EA600000000000000000000000000000000000A6
:10EA70000000000000000000000000000000000096
:10EA80000000000000000000000000000000000086
:10EA90000000000000000000000000000000000076
:10EAA0000000000000000000000000000000000066
:10EAB0000000000000000000000000000000000056
:10EAC0000000000000000000000000000000000046
:10EAD0000000000000000000000000000000000036
:10EAE0000000000000000000000000000000000026
:10EAF0000000000000000000000000000000000016
:10EB00000000000000000000000000000000000005
:10EB100000000000000000000000000000000000F5
:10EB200000000000000000000000000000000000E5
:10EB300000000000000000000000000000000000D5
:10EB400000000000000000000000000000000000C5
:10EB500000000000000000000000000000000000B5
:10EB600000000000000000000000000000000000A5
:10EB70000000000000000000000000000000000095
:10EB80000000000000000000000000000000000085
:10EB90000000000000000000000000000000000075
:10EBA0000000000000000000000000000000000065
:10EBB0000000000000000000000000000000000055
:10EBC0000000000000000000000000000000000045
:10EBD0000000000000000000000000000000000035
:10EBE0000000000000000000000000000000000025
:10EBF0000000000000000000000000000000000015
:10EC00000000000000000000000000000000000004
:10EC100000000000000000000000000000000000F4
:10EC200000000000000000000000000000000000E4
:10EC300000000000000000000000000000000000D4
:10EC400000000000000000000000000000000000C4
:10EC500000000000000000000000000000000000B4
:10EC600000000000000000000000000000000000A4
:10EC70000000000000000000000000000000000094
:10EC80000000000000000000000000000000000084
:10EC90000000000000000000000000000000000074
:10ECA0000000000000000000000000000000000064
:10ECB0000000000000000000000000000000000054
:10ECC0000000000000000000000000000000000044
:10ECD0000000000000000000000000000000000034
:10ECE0000000000000000000000000000000000024
:10ECF0000000000000000000000000000000000014
:10ED00000000000000000000000000000000000003
:10ED100000000000000000000000000000000000F3
:10ED200000000000000000000000000000000000E3
:10ED300000000000000000000000000000000000D3
:10ED400000000000000000000000000000000000C3
:10ED500000000000000000000000000000000000B3
:10ED600000000000000000000000000000000000A3
:10ED70000000000000000000000000000000000093
:10ED80000000000000000000000000000000000083
:10ED90000000000000000000000000000000000073
:10EDA0000000000000000000000000000000000063
:10EDB0000000000000000000000000000000000053
:10EDC0000000000000000000000000000000000043
:10EDD0000000000000000000000000000000000033
:10EDE0000000000000000000000000000000000023
:10EDF0000000000000000000000000000000000013
:10EE00000000000000000000000000000000000002
:10EE100000000000000000000000000000000000F2
:10EE200000000000000000000000000000000000E2
:10EE300000000000000000000000000000000000D2
:10EE400000000000000000000000000000000000C2
:10EE500000000000000000000000000000000000B2
:10EE600000000000000000000000000000000000A2
:10EE70000000000000000000000000000000000092
:10EE80000000000000000000000000000000000082
:10EE90000000000000000000000000000000000072
:10EEA0000000000000000000000000000000000062
:10EEB0000000000000000000000000000000000052
:10EEC0000000000000000000000000000000000042
:10EED0000000000000000000000000000000000032
:10EEE0000000000000000000000000000000000022
:10EEF0000000000000000000000000000000000012
:10EF00000000000000000000000000000000000001
:10EF100000000000000000000000000000000000F1
:10EF200000000000000000000000000000000000E1
:10EF300000000000000000000000000000000000D1
:10EF400000000000000000000000000000000000C1
:10EF500000000000000000000000000000000000B1
:10EF600000000000000000000000000000000000A1
:10EF70000000000000000000000000000000000091
:10EF80000000000000000000000000000000000081
:10EF90000000000000000000000000000000000071
:10EFA0000000000000000000000000000000000061
:10EFB0000000000000000000000000000000000051
:10EFC0000000000000000000000000000000000041
:10EFD0000000000000000000000000000000000031
:10EFE0000000000000000000000000000000000021
:10EFF0000000000000000000000000000000000011
:10F000000000000000000000000000000000000000
:10F0100000000000000000000000000000000000F0
:10F0200000000000000000000000000000000000E0
:10F0300000000000000000000000000000000000D0
:10F0400000000000000000000000000000000000C0
:10F0500000000000000000000000000000000000B0
:10F0600000000000000000000000000000000000A0
:10F070000000000000000000000000000000000090
:10F080000000000000000000000000000000000080
:10F090000000000000000000000000000000000070
:10F0A0000000000000000000000000000000000060
:10F0B0000000000000000000000000000000000050
:10F0C0000000000000000000000000000000000040
:10F0D0000000000000000000000000000000000030
:10F0E0000000000000000000000000000000000020
:10F0F0000000000000000000000000000000000010
:10F1000000000000000000000000000000000000FF
:10F1100000000000000000000000000000000000EF
:10F1200000000000000000000000000000000000DF
:10F1300000000000000000000000000000000000CF
:10F1400000000000000000000000000000000000BF
:10F1500000000000000000000000000000000000AF
:10F16000000000000000000000000000000000009F
:10F17000000000000000000000000000000000008F
:10F18000000000000000000000000000000000007F
:10F19000000000000000000000000000000000006F
:10F1A000000000000000000000000000000000005F
:10F1B000000000000000000000000000000000004F
:10F1C000000000000000000000000000000000003F
:10F1D000000000000000000000000000000000002F
:10F1E000000000000000000000000000000000001F
:10F1F000000000000000000000000000000000000F
:10F2000000000000000000000000000000000000FE
:10F2100000000000000000000000000000000000EE
:10F2200000000000000000000000000000000000DE
:10F2300000000000000000000000000000000000CE
:10F2400000000000000000000000000000000000BE
:10F2500000000000000000000000000000000000AE
:10F26000000000000000000000000000000000009E
:10F27000000000000000000000000000000000008E
:10F2800000000000000000000000000000C00000BE
:10F2900000C0000000C00000FCFFFF1FFCFFFF1FBC
:10F2A0000CC000180CC000180CC000180CC00018CE
:10F2B000FCFFFF1FFCFFFF1F0CC000180CC0001854
:10F2C0000CC000180CC00018FCFFFF1FFCFFFF1F44
:10F2D0000CC000800CC0008000C0008000C000C0D6
:10F2E00000C001C00080FFFF0000FF3F00000000E1
:10F2F0000000000000000000B5E700000000000072
:10F3000000000000000000000000000000000000FD
:10F3100000000000000000000000000000000000ED
:10F3200000000000000000000000000000000000DD
:10F3300000000000000000000000000000000000CD
:10F3400000000000000000000000000000000000BD
:10F3500000000000000000000000000000000000AD
:10F36000000000000000000000000000000000009D
:10F37000000000000000000000000000000000008D
:10F3800000000000000000000000000000800000FD
:10F3900000C0010000800300FCFFFF7FFCFFFF7F37
:10F3A0000C0000600C183060003EF800800FE00791
:10F3B000F083031FFCC0077C18F00C30003C780081
:10F3C0000007C001E001001FFCFFFFFFDFFFFF6738
:10F3D000C6000006C0000006C0000006C00000060F
:10F3E000C0FFFF07C0FFFF07C000000600000000CD
:10F3F0000000000000000000C8DD00000000000068
:10F4000000000000000000000000000000000000FC
:10F4100000000000000000000000000000000000EC
:10F4200000000000000000000000000000000000DC
:10F4300000000000000000000000000000000000CC
:10F4400000000000000000000000000000000000BC
:10F4500000000000000000000000000000000000AC
:10F46000000000000000000000000000000000009C
:10F47000000000000000000000000000000000008C
:10F4800000000000000000000000000080010003F8
:10F49000C0000003E03F0003301800031C0C000311
:10F4A0000E06FCFFFEFFFCFF0CC30CC30CC30CC319
:10F4B0000CC30CC30CC30CC3FCFF0CC30CC30CC3A8
:10F4C0000CC3FCFF0CC3FCFFFCFF0C030CC30003CC
:10F4D0000CC300230CC300630CC300C306C300FFAE
:10F4E00006C3FEFF07FEFE80027E00000000000053
:10F4F0000000000000000000B4A5000000000000B3
:10F5000000000000000000000000000000000000FB
:10F5100000000000000000000000000000000000EB
:10F5200000000000000000000000000000000000DB
:10F5300000000000000000000000000000000000CB
:10F5400000000000000000000000000000000000BB
:10F5500000000000000000000000000000000000AB
:10F56000000000000000000000000000000000009B
:10F57000000000000000000000000000000000008B
:10F580000000000000000000000000006000030315
:10F590006000030360F8FFFF60F8FFFF60000303F3
:10F5A000FE070000FEE7FF3F60E0FF3F60600030C5
:10F5B00060E0FF3F60E0FF3FE0670030F867003049
:10F5C0007EE0FF3F66E0FF3F60603030600030006B
:10F5D00060FCFFFF60FCFFFF60007C006000CE016C
:10F5E00060E0071F7EFE00FC3E1C00E00000000003
:10F5F0000000000000000000C3FE0000000000004A
:10F6000000000000000000000000000000000000FA
:10F6100000000000000000000000000000000000EA
:10F6200000000000000000000000000000000000DA
:10F6300000000000000000000000000000000000CA
:10F6400000000000000000000000000000000000BA
:10F6500000000000000000000000000000000000AA
:10F66000000000000000000000000000000000009A
:10F67000000000000000000000000000000000008A
:10F68000000000000000000000000000000000007A
:10F690000C0000C01EFE1FC078FE1FC6F00618C674
:10F6A000600618C600C618C602C618C60EC618C61A
:10F6B0001CC618C638C618C610C618C600C618C656
:10F6C00000C618C610C618C630C618C6186618C6B2
:10F6D000186000C618F001C00CB807C00C1E0EC0A0
:10F6E0008E0F38C0C60330FEC000007E0000000050
:10F6F0000000000000000000B2E200000000000076
:10F7000000000000000000000000000000000000F9
:10F7100000000000000000000000000000000000E9
:10F7200000000000000000000000000000000000D9
:10F7300000000000000000000000000000000000C9
:10F7400000000000000000000000000000000000B9
:10F7500000000000000000000000000000000000A9
:10F760000000000000000000000000000000000099
:10F770000000000000000000000000000000000089
:10F780000000000000000000000000000000C000B9
:10F790000800C00C3C00C07C7000C030E000C0001D
:10F7A000C0FCFFFF00FCFFFF0000C0003E00C000E7
:10F7B0003E00C0003000C00030FCDF0030FC9F0184
:10F7C000308081013080810130808101308481016D
:10F7D00030878183B0870183F0813987F0E03F86ED
:10F7E00078FE07CE101C00FC000000700000000036
:10F7F0000000000000000000CAD40000000000006B
:10F8000000000000000000000000000000000000F8
:10F8100000000000000000000000000000000000E8
:10F8200000000000000000000000000000000000D8
:10F8300000000000000000000000000000000000C8
:10F8400000000000000000000000000000000000B8
:10F8500000000000000000000000000000000000A8
:10F860000000000000000000000000000000000098
:10F870000000000000000000000000000000000088
:10F880000000000000000000000000000000200058
:10F89000600070006000E0006000C00060F0FFFFEA
:10F8A000FFF7FFFFFF07180060000C10700003381F
:10F8B0007080011E70C1FF0FF8F3FF8768EFC1C1B0
:10F8C0006C04F0F06600783867001E1C6380070F38
:10F8D00060E08303607CE00F6018783C60001F7874
:10F8E00060E007F060F801C06030008000000000B8
:10F8F0000000000000000000BACB00000000000083
:10F9000000000000000000000000000000000000F7
:10F9100000000000000000000000000000000000E7
:10F9200000000000000000000000000000000000D7
:10F9300000000000000000000000000000000000C7
:10F9400000000000000000000000000000000000B7
:10F9500000000000000000000000000000000000A7
:10F960000000000000000000000000000000000097
:10F970000000000000000000000000000000000087
:10F980000000000000000000000000000000000077
:10F9900000000100000003000000060000000E004F
:10F9A00000001C00000C3800000C1008600C001C4B
:10F9B000700C0038300C0030300C0060380C00E067
:10F9C000180C00C01C0C00800C0C00800E0C0008F1
:10F9D000040C0018000C0018000C000C001C000E99
:10F9E00000F8FF0700F0FF03000000000000000027
:10F9F0000000000000000000D0C400000000000073
:10FA000000000000000000000000000000000000F6
:10FA100000000000000000000000000000000000E6
:10FA200000000000000000000000000000000000D6
:10FA300000000000000000000000000000000000C6
:10FA400000000000000000000000000000000000B6
:10FA500000000000000000000000000000000000A6
:10FA60000000000000000000000000000000000096
:10FA70000000000000000000000000000000000086
:10FA8000000000000000000000000000C0000000B6
:10FA9000C00000F8C0C0FFFFC0C0FF0FC0C0000022
:10FAA000FEDF0000FEDF0000C0C00000E0C0FFFF7E
:10FAB000E0C3FFFFE0C718C0D0CE1860D8CC1860F4
:10FAC000D8C83070CCC07030CEC06018C6E0C01C42
:10FAD000C060C00FC0608007C070C00FC038F83C65
:10FAE000C01C3EF8C0DE0FE0C084018000000000B2
:10FAF0000000000000000000B0E500000000000071
:10FB000000000000000000000000000000000000F5
:10FB100000000000000000000000000000000000E5
:10FB200000000000000000000000000000000000D5
:10FB300000000000000000000000000000000000C5
:10FB400000000000000000000000000000000000B5
:10FB500000000000000000000000000000000000A5
:10FB60000000000000000000000000000000000095
:10FB70000000000000000000000000000000000085
:10FB80000000000000000000000000000000000075
:10FB900000000060FCFFCF60FCFFCF60C0C0C06011
:10FBA000C0C0C060C0C0C060FEFFDF60FEFFDF609D
:10FBB000C0C0C060E0C0C06060C0006030C0006015
:10FBC00038C0807F1800833F00000300F0FFFF3F34
:10FBD000F0FFFF3F000003000000030000000300EF
:10FBE000FEFFFFFFFEFFFFFF00000000000000001F
:10FBF0000000000000000000D0CD00000000000068
:10FC000000000000000000000000000000000000F4
:10FC100000000000000000000000000000000000E4
:10FC200000000000000000000000000000000000D4
:10FC300000000000000000000000000000000000C4
:10FC400000000000000000000000000000000000B4
:10FC500000000000000000000000000000000000A4
:10FC60000000000000000000000000000000000094
:10FC70000000000000000000000000000000000084
:10FC80000000000000000000000000000000000074
:10FC900000000000C0FFFF1FC0FFFF1FC0000018D2
:10FCA000C0000018C0000018C0FFFF1FC0FFFF1FEA
:10FCB000C000001800000000FEFFFFFFFEFFFFFF76
:10FCC000000300008001000080FFFF1F80FFFF1F76
:10FCD0000000001800000018000000080000000CE0
:10FCE00000E0FF0700E0FF0300000000000000004C
:10FCF0000000000000000000BAC500000000000085
:10FD000000000000000000000000000000000000F3
:10FD100000000000000000000000000000000000E3
:10FD200000000000000000000000000000000000D3
:10FD300000000000000000000000000000000000C3
:10FD400000000000000000000000000000000000B3
:10FD500000000000000000000000000000000000A3
:10FD60000000000000000000000000000000000093
:10FD70000000000000000000000000000000000083
:10FD80000000000000000000000000000000000073
:10FD900000000000F0FFFF7FF0FFFF7F30000060F9
:10FDA00030000060F0FFFF7FF0FFFF7F3030C06168
:10FDB0003060C00130406000B0FFFF7FB0FFFF7FC8
:10FDC000306080013060800130608001F0FFFFFF13
:10FDD000F8FFFFFF186080011C6080010C3080017B
:10FDE0000E188001070E800102068001000000004D
:10FDF0000000000000000000C6C10000000000007C
:10FE000000000000000000000000000000000000F2
:10FE100000000000000000000000000000000000E2
:10FE200000000000000000000000000000000000D2
:10FE300000000000000000000000000000000000C2
:10FE400000000000000000000000000000000000B2
:10FE500000000000000000000000000000000000A2
:10FE60000000000000000000000000000000000092
:10FE70000000000000000000000000000000000082
:10FE80000000000000000000000000000000000072
:10FE90000018600000186000FEFFFFFF00186000FF
:10FEA00000000000E0FFFF0F6000000CE0FFFF0F0C
:10FEB0006000000C6000000CE0FFFF0F6030000CE1
:10FEC000000C0000FEFFFFFF80038301C000031F42
:10FED000F0FFFFFFCC0003C6C2000306C00003060C
:10FEE000C000F307C000F30300000300000000009F
:10FEF0000000000000000000C4BB00000000000083
:10FF000000000000000000000000000000000000F1
:10FF100000000000000000000000000000000000E1
:10FF200000000000000000000000000000000000D1
:10FF300000000000000000000000000000000000C1
:10FF400000000000000000000000000000000000B1
:10FF500000000000000000000000000000000000A1
:10FF60000000000000000000000000000000000091
:10FF70000000000000000000000000000000000081
:10FF80000000000000000000000000000000000071
:10FF90000000080000081C00001C3800000E700063
:10FFA0000007E0008003C001C0018003F000000FE3
:10FFB0007800003E3E0000F80F0000E0E6FFFF87FB
:10FFC000E0FFFF070018000700180007001C0007EB
:10FFD000000C0007000E000300070003C0038003AD
:10FFE000F0E1FF017EE0FF001C00000000000000C7
:10FFF0000000000000000000B7D600000000000074
:020000040804EE
:1000000000000000000000000000000000000000F0
:1000100000000000000000000000000000000000E0
:1000200000000000000000000000000000000000D0
:1000300000000000000000000000000000000000C0
:1000400000000000000000000000000000000000B0
:1000500000000000000000000000000000000000A0
:100060000000000000000000000000000000000090
:100070000000000000000000000000000000000080
:100080000000000000000000000000002000060644
:10009000E000060EE001061CFE0FF6FFFE0FF6FF65
:1000A000000006000C6446400C66C660086386309B
:1000B00080610618FF6FF6FFFF3FF6FF6030060C09
:1000C0006030060C6000060CFE0FF7FFFE0FF3FF1A
:1000D0006000030C6080010C30C0010C38E0000CA3
:1000E0001C70000C0F3C000C0618000C00000000F7
:1000F0000000000000000000B1E600000000000069
:1001000000000000000000000000000000000000EF
:1001100000000000000000000000000000000000DF
:1001200000000000000000000000000000000000CF
:1001300000000000000000000000000000000000BF
:1001400000000000000000000000000000000000AF
:10015000000000000000000000000000000000009F
:10016000000000000000000000000000000000008F
:10017000000000000000000000000000000000007F
:10018000000000000000000000000100000003006B
:1001900000000600FEFFFFFFFEFFFFFF00800300E0
:1001A00018C001403CE020F070383878E0FD1F1E98
:1001B00080F8070C0002230480C7601EE071E0781D
:1001C0007CFCFFE11EF8FFC30400030100000300F4
:1001D000FEFFFFFFFEFFFFFF000003000000030023
:1001E0000000030000000300000003000000000006
:1001F0000000000000000000C2CA00000000000073
:1002000000000000000000000000000000000000EE
:1002100000000000000000000000000000000000DE
:1002200000000000000000000000000000000000CE
:1002300000000000000000000000000000000000BE
:1002400000000000000000000000000000000000AE
:10025000000000000000000000000000000000009E
:10026000000000000000000000000000000000008E
:10027000000000000000000000000000000000007E
:10028000000000000000000000000000000000006E
:10029000000000000000000000000000000000005E
:1002A000000000000000000080030000C003000008
:1002B00080010000000000000000000000000000BD
:1002C000000000000000000000000000000000002E
:1002D0000000000080030000C00300008003000055
:1002E000000000000000000000000000000000000E
:1002F0000000000000000000A3BA000000000000A1
:1003000000000000000000000000000000000000ED
:1003100000000000000000000000000000000000DD
:1003200000000000000000000000000000000000CD
:1003300000000000000000000000000000000000BD
:1003400000000000000000000000000000000000AD
:10035000000000000000000000000000000000009D
:10036000000000000000000000000000000000008D
:10037000000000000000000000000000000000007D
:10038000000000000000000000000000000000006D
:10039000000000000000000000000000000000005D
:1003A000000000000000000000000000000000004D
:1003B000000000000000000000000000000000003D
:1003C000000000000000000000000000000000002D
:1003D000000000000000000000000000000000001D
:1003E000000000000000000000000000000000000D
:1003F00000000000000000000000000000000000FD
:1004000000000000000000000000000000000000EC
:1004100000000000000000000000000000000000DC
:1004200000000000000000000000000000000000CC
:1004300000000000000000000000000000000000BC
:1004400000000000000000000000000000000000AC
:10045000000000000000000000000000000000009C
:10046000000000000000000000000000000000008C
:10047000000000000000000000000000000000007C
:10048000000000000000000000000000000000006C
:10049000000000000000000000000000000000005C
:1004A000000000000000000000000000000000004C
:1004B000000000000000000000000000000000003C
:1004C000000000000000000000000000000000002C
:1004D000000000000000000000000000000000001C
:1004E000000000000000000000000000000000000C
:1004F00000000000000000000000000000000000FC
:1005000000000000000000000000000000000000EB
:1005100000000000000000000000000000000000DB
:1005200000000000000000000000000000000000CB
:1005300000000000000000000000000000000000BB
:1005400000000000000000000000000000000000AB
:10055000000000000000000000000000000000009B
:10056000000000000000000000000000000000008B
:10057000000000000000000000000000000000007B
:10058000000000000000000000000000000000006B
:10059000000000000000000000000000000000005B
:1005A000000000000000000000000000000000004B
:1005B000000000000000000000000000000000003B
:1005C000000000000000000000000000000000002B
:1005D000000000000000000000000000000000001B
:1005E000000000000000000000000000000000000B
:1005F00000000000000000000000000000000000FB
:1006000000000000000000000000000000000000EA
:1006100000000000000000000000000000000000DA
:1006200000000000000000000000000000000000CA
:1006300000000000000000000000000000000000BA
:1006400000000000000000000000000000000000AA
:10065000000000000000000000000000000000009A
:10066000000000000000000000000000000000008A
:10067000000000000000000000000000000000007A
:10068000000000000000000000000000000000006A
:10069000000000000000000000000000000000005A
:1006A000000000000000000000000000000000004A
:1006B000000000000000000000000000000000003A
:1006C000000000000000000000000000000000002A
:1006D000000000000000000000000000000000001A
:1006E000000000000000000000000000000000000A
:1006F00000000000000000000000000000000000FA
:1007000000000000000000000000000000000000E9
:1007100000000000000000000000000000000000D9
:1007200000000000000000000000000000000000C9
:1007300000000000000000000000000000000000B9
:1007400000000000000000000000000000000000A9
:100750000000000000000000000000000000000099
:100760000000000000000000000000000000000089
:100770000000000000000000000000000000000079
:100780000000000000000000000000000000000069
:100790000000000000000000000000000000000059
:1007A0000000000000000000000000000000000049
:1007B0000000000000000000000000000000000039
:1007C0000000000000000000000000000000000029
:1007D0000000000000000000000000000000000019
:1007E0000000000000000000000000000000000009
:1007F00000000000000000000000000000000000F9
:1008000000000000000000000000000000000000E8
:1008100000000000000000000000000000000000D8
:1008200000000000000000000000000000000000C8
:1008300000000000000000000000000000000000B8
:1008400000000000000000000000000000000000A8
:100850000000000000000000000000000000000098
:100860000000000000000000000000000000000088
:100870000000000000000000000000000000000078
:100880000000000000000000000000000000000068
:100890000000000000000000000000000000000058
:1008A0000000000000000000000000000000000048
:1008B0000000000000000000000000000000000038
:1008C0000000000000000000000000000000000028
:1008D0000000000000000000000000000000000018
:1008E0000000000000000000000000000000000008
:1008F00000000000000000000000000000000000F8
:1009000000000000000000000000000000000000E7
:1009100000000000000000000000000000000000D7
:1009200000000000000000000000000000000000C7
:1009300000000000000000000000000000000000B7
:1009400000000000000000000000000000000000A7
:100950000000000000000000000000000000000097
:100960000000000000000000000000000000000087
:100970000000000000000000000000000000000077
:100980000000000000000000000000000000000067
:100990000000000000000000000000000000000057
:1009A0000000000000000000000000000000000047
:1009B0000000000000000000000000000000000037
:1009C0000000000000000000000000000000000027
:1009D0000000000000000000000000000000000017
:1009E0000000000000000000000000000000000007
:1009F00000000000000000000000000000000000F7
:100A000000000000000000000000000000000000E6
:100A100000000000000000000000000000000000D6
:100A200000000000000000000000000000000000C6
:100A300000000000000000000000000000000000B6
:100A400000000000000000000000000000000000A6
:100A50000000000000000000000000000000000096
:100A60000000000000000000000000000000000086
:100A70000000000000000000000000000000000076
:100A80000000000000000000000000000000000066
:100A90000000000000000000000000000000000056
:100AA0000000000000000000000000000000000046
:100AB0000000000000000000000000000000000036
:100AC0000000000000000000000000000000000026
:100AD0000000000000000000000000000000000016
:100AE0000000000000000000000000000000000006
:100AF00000000000000000000000000000000000F6
:100B000000000000000000000000000000000000E5
:100B100000000000000000000000000000000000D5
:100B200000000000000000000000000000000000C5
:100B300000000000000000000000000000000000B5
:100B400000000000000000000000000000000000A5
:100B50000000000000000000000000000000000095
:100B60000000000000000000000000000000000085
:100B70000000000000000000000000000000000075
:100B80000000000000000000000000000000000065
:100B90000000000000000000000000000000000055
:100BA0000000000000000000000000000000000045
:100BB0000000000000000000000000000000000035
:100BC0000000000000000000000000000000000025
:100BD0000000000000000000000000000000000015
:100BE0000000000000000000000000000000000005
:100BF00000000000000000000000000000000000F5
:100C000000000000000000000000000000000000E4
:100C100000000000000000000000000000000000D4
:100C200000000000000000000000000000000000C4
:100C300000000000000000000000000000000000B4
:100C400000000000000000000000000000000000A4
:100C50000000000000000000000000000000000094
:100C60000000000000000000000000000000000084
:100C70000000000000000000000000000000000074
:100C80000000000000000000000000000000000064
:100C90000000000000000000000000000000000054
:100CA0000000000000000000000000000000000044
:100CB0000000000000000000000000000000000034
:100CC0000000000000000000000000000000000024
:100CD0000000000000000000000000000000000014
:100CE0000000000000000000000000000000000004
:100CF00000000000000000000000000000000000F4
:100D000000000000000000000000000000000000E3
:100D100000000000000000000000000000000000D3
:100D200000000000000000000000000000000000C3
:100D300000000000000000000000000000000000B3
:100D400000000000000000000000000000000000A3
:100D50000000000000000000000000000000000093
:100D60000000000000000000000000000000000083
:100D70000000000000000000000000000000000073
:100D80000000000000000000000000000000000063
:100D90000000000000000000000000000000000053
:100DA0000000000000000000000000000000000043
:100DB0000000000000000000000000000000000033
:100DC0000000000000000000000000000000000023
:100DD0000000000000000000000000000000000013
:100DE0000000000000000000000000000000000003
:100DF00000000000000000000000000000000000F3
:100E000000000000000000000000000000000000E2
:100E100000000000000000000000000000000000D2
:100E200000000000000000000000000000000000C2
:100E300000000000000000000000000000000000B2
:100E400000000000000000000000000000000000A2
:100E50000000000000000000000000000000000092
:100E60000000000000000000000000000000000082
:100E70000000000000000000000000000000000072
:100E80000000000000000000000000000000000062
:100E90000000000000000000000000000000000052
:100EA0000000000000000000000000000000000042
:100EB0000000000000000000000000000000000032
:100EC0000000000000000000000000000000000022
:100ED0000000000000000000000000000000000012
:100EE0000000000000000000000000000000000002
:100EF00000000000000000000000000000000000F2
:100F000000000000000000000000000000000000E1
:100F100000000000000000000000000000000000D1
:100F200000000000000000000000000000000000C1
:100F300000000000000000000000000000000000B1
:100F400000000000000000000000000000000000A1
:100F50000000000000000000000000000000000091
:100F60000000000000000000000000000000000081
:100F70000000000000000000000000000000000071
:100F80000000000000000000000000000000000061
:100F90000000000000000000000000000000000051
:100FA0000000000000000000000000000000000041
:100FB0000000000000000000000000000000000031
:100FC0000000000000000000000000000000000021
:100FD0000000000000000000000000000000000011
:100FE0000000000000000000000000000000000001
:100FF00000000000000000000000000000000000F1
:1010000000000000000000000000000000000000E0
:1010100000000000000000000000000000000000D0
:1010200000000000000000000000000000000000C0
:1010300000000000000000000000000000000000B0
:1010400000000000000000000000000000000000A0
:101050000000000000000000000000000000000090
:101060000000000000000000000000000000000080
:101070000000000000000000000000000000000070
:101080000000000000000000000000000000000060
:101090000000000000000000000000000000000050
:1010A0000000000000000000000000000000000040
:1010B0000000000000000000000000000000000030
:1010C0000000000000000000000000000000000020
:1010D0000000000000000000000000000000000010
:1010E0000000000000000000000000000000000000
:1010F00000000000000000000000000000000000F0
:1011000000000000000000000000000000000000DF
:1011100000000000000000000000000000000000CF
:1011200000000000000000000000000000000000BF
:1011300000000000000000000000000000000000AF
:10114000000000000000000000000000000000009F
:10115000000000000000000000000000000000008F
:10116000000000000000000000000000000000007F
:10117000000000000000000000000000000000006F
:10118000000000000000000000000000000000005F
:10119000000000000000000000000000000000004F
:1011A000000000000000000000000000000000003F
:1011B000000000000000000000000000000000002F
:1011C000000000000000000000000000000000001F
:1011D000000000000000000000000000000000000F
:1011E00000000000000000000000000000000000FF
:1011F00000000000000000000000000000000000EF
:1012000000000000000000000000000000000000DE
:1012100000000000000000000000000000000000CE
:1012200000000000000000000000000000000000BE
:1012300000000000000000000000000000000000AE
:10124000000000000000000000000000000000009E
:10125000000000000000000000000000000000008E
:10126000000000000000000000000000000000007E
:10127000000000000000000000000000000000006E
:10128000000000000000000000000000000000005E
:10129000000000000000000000000000000000004E
:1012A000000000000000000000000000000000003E
:1012B000000000000000000000000000000000002E
:1012C000000000000000000000000000000000001E
:1012D000000000000000000000000000000000000E
:1012E00000000000000000000000000000000000FE
:1012F00000000000000000000000000000000000EE
:1013000000000000000000000000000000000000DD
:1013100000000000000000000000000000000000CD
:1013200000000000000000000000000000000000BD
:1013300000000000000000000000000000000000AD
:10134000000000000000000000000000000000009D
:10135000000000000000000000000000000000008D
:10136000000000000000000000000000000000007D
:10137000000000000000000000000000000000006D
:10138000000000000000000000000000000000005D
:10139000000000000000000000000000000000004D
:1013A000000000000000000000000000000000003D
:1013B000000000000000000000000000000000002D
:1013C000000000000000000000000000000000001D
:1013D000000000000000000000000000000000000D
:1013E00000000000000000000000000000000000FD
:1013F00000000000000000000000000000000000ED
:1014000000000000000000000000000000000000DC
:1014100000000000000000000000000000000000CC
:1014200000000000000000000000000000000000BC
:1014300000000000000000000000000000000000AC
:10144000000000000000000000000000000000009C
:10145000000000000000000000000000000000008C
:10146000000000000000000000000000000000007C
:10147000000000000000000000000000000000006C
:10148000000000000000000000000000000000005C
:10149000000000000000000000000000000000004C
:1014A000000000000000000000000000000000003C
:1014B000000000000000000000000000000000002C
:1014C000000000000000000000000000000000001C
:1014D000000000000000000000000000000000000C
:1014E00000000000000000000000000000000000FC
:1014F00000000000000000000000000000000000EC
:1015000000000000000000000000000000000000DB
:1015100000000000000000000000000000000000CB
:1015200000000000000000000000000000000000BB
:1015300000000000000000000000000000000000AB
:10154000000000000000000000000000000000009B
:10155000000000000000000000000000000000008B
:10156000000000000000000000000000000000007B
:10157000000000000000000000000000000000006B
:10158000000000000000000000000000000000005B
:10159000000000000000000000000000000000004B
:1015A000000000000000000000000000000000003B
:1015B000000000000000000000000000000000002B
:1015C000000000000000000000000000000000001B
:1015D000000000000000000000000000000000000B
:1015E00000000000000000000000000000000000FB
:1015F00000000000000000000000000000000000EB
:1016000000000000000000000000000000000000DA
:1016100000000000000000000000000000000000CA
:1016200000000000000000000000000000000000BA
:1016300000000000000000000000000000000000AA
:10164000000000000000000000000000000000009A
:10165000000000000000000000000000000000008A
:10166000000000000000000000000000000000007A
:10167000000000000000000000000000000000006A
:10168000000000000000000000000000000000005A
:10169000000000000000000000000000000000004A
:1016A000000000000000000000000000000000003A
:1016B000000000000000000000000000000000002A
:1016C000000000000000000000000000000000001A
:1016D000000000000000000000000000000000000A
:1016E00000000000000000000000000000000000FA
:1016F00000000000000000000000000000000000EA
:1017000000000000000000000000000000000000D9
:1017100000000000000000000000000000000000C9
:1017200000000000000000000000000000000000B9
:1017300000000000000000000000000000000000A9
:101740000000000000000000000000000000000099
:101750000000000000000000000000000000000089
:101760000000000000000000000000000000000079
:101770000000000000000000000000000000000069
:101780000000000000000000000000000000000059
:101790000000000000000000000000000000000049
:1017A0000000000000000000000000000000000039
:1017B0000000000000000000000000000000000029
:1017C0000000000000000000000000000000000019
:1017D0000000000000000000000000000000000009
:1017E00000000000000000000000000000000000F9
:1017F00000000000000000000000000000000000E9
:1018000000000000000000000000000000000000D8
:1018100000000000000000000000000000000000C8
:1018200000000000000000000000000000000000B8
:1018300000000000000000000000000000000000A8
:101840000000000000000000000000000000000098
:101850000000000000000000000000000000000088
:101860000000000000000000000000000000000078
:101870000000000000000000000000000000000068
:101880000000000000000000000000000000000058
:101890000000000000000000000000000000000048
:1018A0000000000000000000000000000000000038
:1018B0000000000000000000000000000000000028
:1018C0000000000000000000000000000000000018
:1018D0000000000000000000000000000000000008
:1018E00000000000000000000000000000000000F8
:1018F00000000000000000000000000000000000E8
:1019000000000000000000000000000000000000D7
:1019100000000000000000000000000000000000C7
:1019200000000000000000000000000000000000B7
:1019300000000000000000000000000000000000A7
:101940000000000000000000000000000000000097
:101950000000000000000000000000000000000087
:101960000000000000000000000000000000000077
:101970000000000000000000000000000000000067
:101980000000000000000000000000000000000057
:101990000000000000000000000000000000000047
:1019A0000000000000000000000000000000000037
:1019B0000000000000000000000000000000000027
:1019C0000000000000000000000000000000000017
:1019D0000000000000000000000000000000000007
:1019E00000000000000000000000000000000000F7
:1019F00000000000000000000000000000000000E7
:101A000000000000000000000000000000000000D6
:101A100000000000000000000000000000000000C6
:101A200000000000000000000000000000000000B6
:101A300000000000000000000000000000000000A6
:101A40000000000000000000000000000000000096
:101A50000000000000000000000000000000000086
:101A60000000000000000000000000000000000076
:101A70000000000000000000000000000000000066
:101A80000000000000000000000000000000000056
:101A90000000000000000000000000000000000046
:101AA0000000000000000000000000000000000036
:101AB0000000000000000000000000000000000026
:101AC0000000000000000000000000000000000016
:101AD0000000000000000000000000000000000006
:101AE00000000000000000000000000000000000F6
:101AF00000000000000000000000000000000000E6
:101B000000000000000000000000000000000000D5
:101B100000000000000000000000000000000000C5
:101B200000000000000000000000000000000000B5
:101B300000000000000000000000000000000000A5
:101B40000000000000000000000000000000000095
:101B50000000000000000000000000000000000085
:101B60000000000000000000000000000000000075
:101B70000000000000000000000000000000000065
:101B80000000000000000000000000000000000055
:101B90000000000000000000000000000000000045
:101BA0000000000000000000000000000000000035
:101BB0000000000000000000000000000000000025
:101BC0000000000000000000000000000000000015
:101BD0000000000000000000000000000000000005
:101BE00000000000000000000000000000000000F5
:101BF00000000000000000000000000000000000E5
:101C000000000000000000000000000000000000D4
:101C100000000000000000000000000000000000C4
:101C200000000000000000000000000000000000B4
:101C300000000000000000000000000000000000A4
:101C40000000000000000000000000000000000094
:101C50000000000000000000000000000000000084
:101C60000000000000000000000000000000000074
:101C70000000000000000000000000000000000064
:101C80000000000000000000000000000000000054
:101C90000000000000000000000000000000000044
:101CA0000000000000000000000000000000000034
:101CB0000000000000000000000000000000000024
:101CC0000000000000000000000000000000000014
:101CD0000000000000000000000000000000000004
:101CE00000000000000000000000000000000000F4
:101CF00000000000000000000000000000000000E4
:101D000000000000000000000000000000000000D3
:101D100000000000000000000000000000000000C3
:101D200000000000000000000000000000000000B3
:101D300000000000000000000000000000000000A3
:101D40000000000000000000000000000000000093
:101D50000000000000000000000000000000000083
:101D60000000000000000000000000000000000073
:101D70000000000000000000000000000000000063
:101D80000000000000000000000000000000000053
:101D90000000000000000000000000000000000043
:101DA0000000000000000000000000000000000033
:101DB0000000000000000000000000000000000023
:101DC0000000000000000000000000000000000013
:101DD0000000000000000000000000000000000003
:101DE00000000000000000000000000000000000F3
:101DF00000000000000000000000000000000000E3
:101E000000000000000000000000000000000000D2
:101E100000000000000000000000000000000000C2
:101E200000000000000000000000000000000000B2
:101E300000000000000000000000000000000000A2
:101E40000000000000000000000000000000000092
:101E50000000000000000000000000000000000082
:101E60000000000000000000000000000000000072
:101E70000000000000000000000000000000000062
:101E80000000000000000000000000000000000052
:101E90000000000000000000000000000000000042
:101EA0000000000000000000000000000000000032
:101EB0000000000000000000000000000000000022
:101EC0000000000000000000000000000000000012
:101ED0000000000000000000000000000000000002
:101EE00000000000000000000000000000000000F2
:101EF00000000000000000000000000000000000E2
:101F000000000000000000000000000000000000D1
:101F100000000000000000000000000000000000C1
:101F200000000000000000000000000000000000B1
:101F300000000000000000000000000000000000A1
:101F40000000000000000000000000000000000091
:101F50000000000000000000000000000000000081
:101F60000000000000000000000000000000000071
:101F70000000000000000000000000000000000061
:101F80000000000000000000000000000000000051
:101F90000000000000000000000000000000000041
:101FA0000000000000000000000000000000000031
:101FB0000000000000000000000000000000000021
:101FC0000000000000000000000000000000000011
:101FD0000000000000000000000000000000000001
:101FE00000000000000000000000000000000000F1
:101FF00000000000000000000000000000000000E1
:1020000000000000000000000000000000000000D0
:1020100000000000000000000000000000000000C0
:1020200000000000000000000000000000000000B0
:1020300000000000000000000000000000000000A0
:102040000000000000000000000000000000000090
:102050000000000000000000000000000000000080
:102060000000000000000000000000000000000070
:102070000000000000000000000000000000000060
:102080000000000000000000000000000000000050
:102090000000000000000000000000000000000040
:1020A0000000000000000000000000000000000030
:1020B0000000000000000000000000000000000020
:1020C0000000000000000000000000000000000010
:1020D0000000000000000000000000000000000000
:1020E00000000000000000000000000000000000F0
:1020F00000000000000000000000000000000000E0
:1021000000000000000000000000000000000000CF
:1021100000000000000000000000000000000000BF
:1021200000000000000000000000000000000000AF
:10213000000000000000000000000000000000009F
:10214000000000000000000000000000000000008F
:10215000000000000000000000000000000000007F
:10216000000000000000000000000000000000006F
:10217000000000000000000000000000000000005F
:10218000000000000000000000000000000000004F
:10219000000000000000000000000000000000003F
:1021A000000000000000000000000000000000002F
:1021B000000000000000000000000000000000001F
:1021C000000000000000000000000000000000000F
:1021D00000000000000000000000000000000000FF
:1021E00000000000000000000000000000000000EF
:1021F00000000000000000000000000000000000DF
:1022000000000000000000000000000000000000CE
:1022100000000000000000000000000000000000BE
:1022200000000000000000000000000000000000AE
:10223000000000000000000000000000000000009E
:10224000000000000000000000000000000000008E
:10225000000000000000000000000000000000007E
:10226000000000000000000000000000000000006E
:10227000000000000000000000000000000000005E
:10228000000000000000000000000000000000004E
:10229000000000000000000000000000000000003E
:1022A000000000000000000000000000000000002E
:1022B000000000000000000000000000000000001E
:1022C000000000000000000000000000000000000E
:1022D00000000000000000000000000000000000FE
:1022E00000000000000000000000000000000000EE
:1022F00000000000000000000000000000000000DE
:1023000000000000000000000000000000000000CD
:1023100000000000000000000000000000000000BD
:1023200000000000000000000000000000000000AD
:10233000000000000000000000000000000000009D
:10234000000000000000000000000000000000008D
:10235000000000000000000000000000000000007D
:10236000000000000000000000000000000000006D
:10237000000000000000000000000000000000005D
:10238000000000000000000000000000000000004D
:10239000000000000000000000000000000000003D
:1023A000000000000000000000000000000000002D
:1023B000000000000000000000000000000000001D
:1023C000000000000000000000000000000000000D
:1023D00000000000000000000000000000000000FD
:1023E00000000000000000000000000000000000ED
:1023F00000000000000000000000000000000000DD
:1024000000000000000000000000000000000000CC
:1024100000000000000000000000000000000000BC
:1024200000000000000000000000000000000000AC
:10243000000000000000000000000000000000009C
:10244000000000000000000000000000000000008C
:10245000000000000000000000000000000000007C
:10246000000000000000000000000000000000006C
:10247000000000000000000000000000000000005C
:10248000000000000000000000000000000000004C
:10249000000000000000000000000000000000003C
:1024A000000000000000000000000000000000002C
:1024B000000000000000000000000000000000001C
:1024C000000000000000000000000000000000000C
:1024D00000000000000000000000000000000000FC
:1024E00000000000000000000000000000000000EC
:1024F00000000000000000000000000000000000DC
:1025000000000000000000000000000000000000CB
:1025100000000000000000000000000000000000BB
:1025200000000000000000000000000000000000AB
:10253000000000000000000000000000000000009B
:10254000000000000000000000000000000000008B
:10255000000000000000000000000000000000007B
:10256000000000000000000000000000000000006B
:10257000000000000000000000000000000000005B
:10258000000000000000000000000000000000004B
:10259000000000000000000000000000000000003B
:1025A000000000000000000000000000000000002B
:1025B000000000000000000000000000000000001B
:1025C000000000000000000000000000000000000B
:1025D00000000000000000000000000000000000FB
:1025E00000000000000000000000000000000000EB
:1025F00000000000000000000000000000000000DB
:1026000000000000000000000000000000000000CA
:1026100000000000000000000000000000000000BA
:1026200000000000000000000000000000000000AA
:10263000000000000000000000000000000000009A
:10264000000000000000000000000000000000008A
:10265000000000000000000000000000000000007A
:10266000000000000000000000000000000000006A
:10267000000000000000000000000000000000005A
:10268000000000000000000000000000000000004A
:10269000000000000000000000000000000000003A
:1026A000000000000000000000000000000000002A
:1026B000000000000000000000000000000000001A
:1026C000000000000000000000000000000000000A
:1026D00000000000000000000000000000000000FA
:1026E00000000000000000000000000000000000EA
:1026F00000000000000000000000000000000000DA
:1027000000000000000000000000000000000000C9
:1027100000000000000000000000000000000000B9
:1027200000000000000000000000000000000000A9
:102730000000000000000000000000000000000099
:102740000000000000000000000000000000000089
:102750000000000000000000000000000000000079
:102760000000000000000000000000000000000069
:102770000000000000000000000000000000000059
:102780000000000000000000000000000000000049
:102790000000000000000000000000000000000039
:1027A0000000000000000000000000000000000029
:1027B0000000000000000000000000000000000019
:1027C0000000000000000000000000000000000009
:1027D00000000000000000000000000000000000F9
:1027E00000000000000000000000000000000000E9
:1027F00000000000000000000000000000000000D9
:1028000000000000000000000000000000000000C8
:1028100000000000000000000000000000000000B8
:1028200000000000000000000000000000000000A8
:102830000000000000000000000000000000000098
:102840000000000000000000000000000000000088
:102850000000000000000000000000000000000078
:102860000000000000000000000000000000000068
:102870000000000000000000000000000000000058
:102880000000000000000000000000000000000048
:102890000000000000000000000000000000000038
:1028A0000000000000000000000000000000000028
:1028B0000000000000000000000000000000000018
:1028C0000000000000000000000000000000000008
:1028D00000000000000000000000000000000000F8
:1028E00000000000000000000000000000000000E8
:1028F00000000000000000000000000000000000D8
:1029000000000000000000000000000000000000C7
:1029100000000000000000000000000000000000B7
:1029200000000000000000000000000000000000A7
:102930000000000000000000000000000000000097
:102940000000000000000000000000000000000087
:102950000000000000000000000000000000000077
:102960000000000000000000000000000000000067
:102970000000000000000000000000000000000057
:102980000000000000000000000000000000000047
:102990000000000000000000000000000000000037
:1029A0000000000000000000000000000000000027
:1029B0000000000000000000000000000000000017
:1029C0000000000000000000000000000000000007
:1029D00000000000000000000000000000000000F7
:1029E00000000000000000000000000000000000E7
:1029F00000000000000000000000000000000000D7
:102A000000000000000000000000000000000000C6
:102A100000000000000000000000000000000000B6
:102A200000000000000000000000000000000000A6
:102A30000000000000000000000000000000000096
:102A40000000000000000000000000000000000086
:102A50000000000000000000000000000000000076
:102A60000000000000000000000000000000000066
:102A70000000000000000000000000000000000056
:102A80000000000000000000000000000000000046
:102A90000000000000000000000000000000000036
:102AA0000000000000000000000000000000000026
:102AB0000000000000000000000000000000000016
:102AC0000000000000000000000000000000000006
:102AD00000000000000000000000000000000000F6
:102AE00000000000000000000000000000000000E6
:102AF00000000000000000000000000000000000D6
:102B000000000000000000000000000000000000C5
:102B100000000000000000000000000000000000B5
:102B200000000000000000000000000000000000A5
:102B30000000000000000000000000000000000095
:102B40000000000000000000000000000000000085
:102B50000000000000000000000000000000000075
:102B60000000000000000000000000000000000065
:102B70000000000000000000000000000000000055
:102B80000000000000000000000000000000000045
:102B90000000000000000000000000000000000035
:102BA0000000000000000000000000000000000025
:102BB0000000000000000000000000000000000015
:102BC0000000000000000000000000000000000005
:102BD00000000000000000000000000000000000F5
:102BE00000000000000000000000000000000000E5
:102BF00000000000000000000000000000000000D5
:102C000000000000000000000000000000000000C4
:102C100000000000000000000000000000000000B4
:102C200000000000000000000000000000000000A4
:102C30000000000000000000000000000000000094
:102C40000000000000000000000000000000000084
:102C50000000000000000000000000000000000074
:102C60000000000000000000000000000000000064
:102C70000000000000000000000000000000000054
:102C80000000000000000000000000000000000044
:102C90000000000000000000000000000000000034
:102CA0000000000000000000000000000000000024
:102CB0000000000000000000000000000000000014
:102CC0000000000000000000000000000000000004
:102CD00000000000000000000000000000000000F4
:102CE00000000000000000000000000000000000E4
:102CF00000000000000000000000000000000000D4
:102D000000000000000000000000000000000000C3
:102D100000000000000000000000000000000000B3
:102D200000000000000000000000000000000000A3
:102D30000000000000000000000000000000000093
:102D40000000000000000000000000000000000083
:102D50000000000000000000000000000000000073
:102D60000000000000000000000000000000000063
:102D70000000000000000000000000000000000053
:102D80000000000000000000000000000000000043
:102D90000000000000000000000000000000000033
:102DA0000000000000000000000000000000000023
:102DB0000000000000000000000000000000000013
:102DC0000000000000000000000000000000000003
:102DD00000000000000000000000000000000000F3
:102DE00000000000000000000000000000000000E3
:102DF00000000000000000000000000000000000D3
:102E000000000000000000000000000000000000C2
:102E100000000000000000000000000000000000B2
:102E200000000000000000000000000000000000A2
:102E30000000000000000000000000000000000092
:102E40000000000000000000000000000000000082
:102E50000000000000000000000000000000000072
:102E60000000000000000000000000000000000062
:102E70000000000000000000000000000000000052
:102E80000000000000000000000000000000000042
:102E90000000000000000000000000000000000032
:102EA0000000000000000000000000000000000022
:102EB0000000000000000000000000000000000012
:102EC0000000000000000000000000000000000002
:102ED00000000000000000000000000000000000F2
:102EE00000000000000000000000000000000000E2
:102EF00000000000000000000000000000000000D2
:102F000000000000000000000000000000000000C1
:102F100000000000000000000000000000000000B1
:102F200000000000000000000000000000000000A1
:102F30000000000000000000000000000000000091
:102F40000000000000000000000000000000000081
:102F50000000000000000000000000000000000071
:102F60000000000000000000000000000000000061
:102F70000000000000000000000000000000000051
:102F80000000000000000000000000000000000041
:102F90000000000000000000000000000000000031
:102FA0000000000000000000000000000000000021
:102FB0000000000000000000000000000000000011
:102FC0000000000000000000000000000000000001
:102FD00000000000000000000000000000000000F1
:102FE00000000000000000000000000000000000E1
:102FF00000000000000000000000000000000000D1
:1030000000000000000000000000000000000000C0
:1030100000000000000000000000000000000000B0
:1030200000000000000000000000000000000000A0
:103030000000000000000000000000000000000090
:103040000000000000000000000000000000000080
:103050000000000000000000000000000000000070
:103060000000000000000000000000000000000060
:103070000000000000000000000000000000000050
:103080000000000000000000000000000000000040
:103090000000000000000000000000000000000030
:1030A0000000000000000000000000000000000020
:1030B0000000000000000000000000000000000010
:1030C0000000000000000000000000000000000000
:1030D00000000000000000000000000000000000F0
:1030E00000000000000000000000000000000000E0
:1030F00000000000000000000000000000000000D0
:1031000000000000000000000000000000000000BF
:1031100000000000000000000000000000000000AF
:10312000000000000000000000000000000000009F
:10313000000000000000000000000000000000008F
:10314000000000000000000000000000000000007F
:10315000000000000000000000000000000000006F
:10316000000000000000000000000000000000005F
:10317000000000000000000000000000000000004F
:10318000000000000000000000000000000000003F
:10319000000000000000000000000000000000002F
:1031A000000000000000000000000000000000001F
:1031B000000000000000000000000000000000000F
:1031C00000000000000000000000000000000000FF
:1031D00000000000000000000000000000000000EF
:1031E00000000000000000000000000000000000DF
:1031F00000000000000000000000000000000000CF
:1032000000000000000000000000000000000000BE
:1032100000000000000000000000000000000000AE
:10322000000000000000000000000000000000009E
:10323000000000000000000000000000000000008E
:10324000000000000000000000000000000000007E
:10325000000000000000000000000000000000006E
:10326000000000000000000000000000000000005E
:10327000000000000000000000000000000000004E
:10328000000000000000000000000000000000003E
:10329000000000000000000000000000000000002E
:1032A000000000000000000000000000000000001E
:1032B000000000000000000000000000000000000E
:1032C00000000000000000000000000000000000FE
:1032D00000000000000000000000000000000000EE
:1032E00000000000000000000000000000000000DE
:1032F00000000000000000000000000000000000CE
:1033000000000000000000000000000000000000BD
:1033100000000000000000000000000000000000AD
:10332000000000000000000000000000000000009D
:10333000000000000000000000000000000000008D
:10334000000000000000000000000000000000007D
:10335000000000000000000000000000000000006D
:10336000000000000000000000000000000000005D
:10337000000000000000000000000000000000004D
:10338000000000000000000000000000000000003D
:10339000000000000000000000000000000000002D
:1033A000000000000000000000000000000000001D
:1033B000000000000000000000000000000000000D
:1033C00000000000000000000000000000000000FD
:1033D00000000000000000000000000000000000ED
:1033E00000000000000000000000000000000000DD
:1033F00000000000000000000000000000000000CD
:1034000000000000000000000000000000000000BC
:1034100000000000000000000000000000000000AC
:10342000000000000000000000000000000000009C
:10343000000000000000000000000000000000008C
:10344000000000000000000000000000000000007C
:10345000000000000000000000000000000000006C
:10346000000000000000000000000000000000005C
:10347000000000000000000000000000000000004C
:10348000000000000000000000000000000000003C
:10349000000000000000000000000000000000002C
:1034A000000000000000000000000000000000001C
:1034B000000000000000000000000000000000000C
:1034C00000000000000000000000000000000000FC
:1034D00000000000000000000000000000000000EC
:1034E00000000000000000000000000000000000DC
:1034F00000000000000000000000000000000000CC
:1035000000000000000000000000000000000000BB
:1035100000000000000000000000000000000000AB
:10352000000000000000000000000000000000009B
:10353000000000000000000000000000000000008B
:10354000000000000000000000000000000000007B
:10355000000000000000000000000000000000006B
:10356000000000000000000000000000000000005B
:10357000000000000000000000000000000000004B
:10358000000000000000000000000000000000003B
:10359000000000000000000000000000000000002B
:1035A000000000000000000000000000000000001B
:1035B000000000000000000000000000000000000B
:1035C00000000000000000000000000000000000FB
:1035D00000000000000000000000000000000000EB
:1035E00000000000000000000000000000000000DB
:1035F00000000000000000000000000000000000CB
:1036000000000000000000000000000000000000BA
:1036100000000000000000000000000000000000AA
:10362000000000000000000000000000000000009A
:10363000000000000000000000000000000000008A
:10364000000000000000000000000000000000007A
:10365000000000000000000000000000000000006A
:10366000000000000000000000000000000000005A
:10367000000000000000000000000000000000004A
:10368000000000000000000000000000000000003A
:10369000000000000000000000000000000000002A
:1036A000000000000000000000000000000000001A
:1036B000000000000000000000000000000000000A
:1036C00000000000000000000000000000000000FA
:1036D00000000000000000000000000000000000EA
:1036E00000000000000000000000000000000000DA
:1036F00000000000000000000000000000000000CA
:1037000000000000000000000000000000000000B9
:1037100000000000000000000000000000000000A9
:103720000000000000000000000000000000000099
:103730000000000000000000000000000000000089
:103740000000000000000000000000000000000079
:103750000000000000000000000000000000000069
:103760000000000000000000000000000000000059
:103770000000000000000000000000000000000049
:103780000000000000000000000000000000000039
:103790000000000000000000000000000000000029
:1037A0000000000000000000000000000000000019
:1037B0000000000000000000000000000000000009
:1037C00000000000000000000000000000000000F9
:1037D00000000000000000000000000000000000E9
:1037E00000000000000000000000000000000000D9
:1037F00000000000000000000000000000000000C9
:1038000000000000000000000000000000000000B8
:1038100000000000000000000000000000000000A8
:103820000000000000000000000000000000000098
:103830000000000000000000000000000000000088
:103840000000000000000000000000000000000078
:103850000000000000000000000000000000000068
:103860000000000000000000000000000000000058
:103870000000000000000000000000000000000048
:103880000000000000000000000000000000000038
:103890000000000000000000000000000000000028
:1038A0000000000000000000000000000000000018
:1038B0000000000000000000000000000000000008
:1038C00000000000000000000000000000000000F8
:1038D00000000000000000000000000000000000E8
:1038E00000000000000000000000000000000000D8
:1038F00000000000000000000000000000000000C8
:1039000000000000000000000000000000000000B7
:1039100000000000000000000000000000000000A7
:103920000000000000000000000000000000000097
:103930000000000000000000000000000000000087
:103940000000000000000000000000000000000077
:103950000000000000000000000000000000000067
:103960000000000000000000000000000000000057
:103970000000000000000000000000000000000047
:103980000000000000000000000000000000000037
:103990000000000000000000000000000000000027
:1039A0000000000000000000000000000000000017
:1039B0000000000000000000000000000000000007
:1039C00000000000000000000000000000000000F7
:1039D00000000000000000000000000000000000E7
:1039E00000000000000000000000000000000000D7
:1039F00000000000000000000000000000000000C7
:103A000000000000000000000000000000000000B6
:103A100000000000000000000000000000000000A6
:103A20000000000000000000000000000000000096
:103A30000000000000000000000000000000000086
:103A40000000000000000000000000000000000076
:103A50000000000000000000000000000000000066
:103A60000000000000000000000000000000000056
:103A70000000000000000000000000000000000046
:103A80000000000000000000000000000000000036
:103A90000000000000000000000000000000000026
:103AA0000000000000000000000000000000000016
:103AB0000000000000000000000000000000000006
:103AC00000000000000000000000000000000000F6
:103AD00000000000000000000000000000000000E6
:103AE00000000000000000000000000000000000D6
:103AF00000000000000000000000000000000000C6
:103B000000000000000000000000000000000000B5
:103B100000000000000000000000000000000000A5
:103B20000000000000000000000000000000000095
:103B30000000000000000000000000000000000085
:103B40000000000000000000000000000000000075
:103B50000000000000000000000000000000000065
:103B60000000000000000000000000000000000055
:103B70000000000000000000000000000000000045
:103B80000000000000000000000000000000000035
:103B90000000000000000000000000000000000025
:103BA0000000000000000000000000000000000015
:103BB0000000000000000000000000000000000005
:103BC00000000000000000000000000000000000F5
:103BD00000000000000000000000000000000000E5
:103BE00000000000000000000000000000000000D5
:103BF00000000000000000000000000000000000C5
:103C000000000000000000000000000000000000B4
:103C100000000000000000000000000000000000A4
:103C20000000000000000000000000000000000094
:103C30000000000000000000000000000000000084
:103C40000000000000000000000000000000000074
:103C50000000000000000000000000000000000064
:103C60000000000000000000000000000000000054
:103C70000000000000000000000000000000000044
:103C80000000000000000000000000000000000034
:103C90000000000000000000000000000000000024
:103CA0000000000000000000000000000000000014
:103CB0000000000000000000000000000000000004
:103CC00000000000000000000000000000000000F4
:103CD00000000000000000000000000000000000E4
:103CE00000000000000000000000000000000000D4
:103CF00000000000000000000000000000000000C4
:103D000000000000000000000000000000000000B3
:103D100000000000000000000000000000000000A3
:103D20000000000000000000000000000000000093
:103D30000000000000000000000000000000000083
:103D40000000000000000000000000000000000073
:103D50000000000000000000000000000000000063
:103D60000000000000000000000000000000000053
:103D70000000000000000000000000000000000043
:103D80000000000000000000000000000000000033
:103D90000000000000000000000000000000000023
:103DA0000000000000000000000000000000000013
:103DB0000000000000000000000000000000000003
:103DC00000000000C003C003C003C003C003C00361
:103DD00080038001800180018001800180018001D9
:103DE00080010000000000008001C003C0038001CA
:103DF000000000000000000000000000C018E01CEF
:103E0000E01C700E300618038C01840000000000D6
:103E100000000000000000000000000000000000A2
:103E20000000000000000000000000000000000092
:103E30000000000000000000000000000000000082
:103E40000000000020102010201020102010FE7F05
:103E5000FE7FFE7F100810081008100810081008D8
:103E6000FE7FFE7FFE7F180C080408040804080487
:103E70000000000000000000000000000000000042
:103E800080008000C003B00C90189818981C981CF3
:103E9000B800B000F000E000C0038007800F800C85
:103EA000801C80189C189C188C188C0C9806E003B9
:103EB0008000800080000000000000000000000082
:103EC000000000001C083608220463046302630239
:103ED0006302630163012201B61C9C3640224063E9
:103EE0004063206320631063106310220836081CAF
:103EF00000000000000000000000000000000000C2
:103F000000000000F00098008C018C018C018C01F5
:103F10008C00CC005C0038001C3E3C083208730862
:103F20006304E304C3048303834306678C3E781C65
:103F30000000000000000000000000001C003C0029
:103F40003C003000300010000C00060000000000B3
:103F50000000000000000000000000000000000061
:103F60000000000000000000000000000000000051
:103F700000000000000000000000000000400020E1
:103F800000100018000C00040006000200030003EB
:103F90008001800180018001800180018001800119
:103FA000800100030003000200060004000C00185A
:103FB000001000200040000000000000020004008B
:103FC000080018003000200060004000C000C00061
:103FD00080018001800180018001800180018001D9
:103FE0008001C000C000C000600020003000180048
:103FF00008000400020000000000000000000000B3
:1040000000000000000000000003800380030C6338
:104010001C713839600D80038003600D38391C71C4
:104020008C6180038003800300000000000000001A
:104030000000000000000000000000000000000080
:10404000000000000000000000000001000100016D
:104050000001000100010001FC7F000100010001DE
:10406000000100010001000100000000000000004C
:104070000000000000000000000000000000000040
:104080000000000000000000000000000000000030
:104090000000000000000000000000000000000020
:1040A00000000000000000001C003C003C0030004C
:1040B000300010000C0006000000000000000000AE
:1040C00000000000000000000000000000000000F0
:1040D0000000000000000000FE7F00000000000063
:1040E00000000000000000000000000000000000D0
:1040F00000000000000000000000000000000000C0
:1041000000000000000000000000000000000000AF
:10411000000000000000000000000000000000009F
:10412000000000000000000018003C003C001800E7
:10413000000000000000000000000000000000403F
:10414000006000200030001000180008000C00047F
:10415000000600020003000180018000C000400052
:104160006000200030001000180008000C0004005F
:104170000600020000000000000000000000000037
:1041800000000000C0036004300C18181818181044
:104190000C300C300C300C300C300C300C300C303F
:1041A0000C300C30181018181818300C6004C003AC
:1041B00000000000000000000000000000000000FF
:1041C0000000000000018001F801800180018001F1
:1041D00080018001800180018001800180018001D7
:1041E000800180018001800180018001C003F81FEF
:1041F00000000000000000000000000000000000BF
:1042000000000000E007101C0818043004300C30D7
:104210000C30003000180018000C0006000380016C
:10422000C00040002020102008200430FC1FFC1F8C
:10423000000000000000000000000000000000007E
:1042400000000000E00318060C0C0C180C180C18E9
:1042500000180018000C0006C003000E0018001023
:10426000003000300C300C300C100C18180CE0032F
:10427000000000000000000000000000000000003E
:104280000000000000060006000700078006800608
:104290004006200620061006100608060C06040636
:1042A0000206FE3F00060006000600060006C03FAC
:1042B00000000000000000000000000000000000FE
:1042C00000000000F03FF03F080008000800080070
:1042D00008000800C807280C181808100030003023
:1042E000003000300C300C3004180418180CE003B7
:1042F00000000000000000000000000000000000BE
:10430000000000008007601830181018180008001E
:1043100008000C00CC076C0C1C181C100C300C3066
:104320000C300C300C30183018103018700CC007DE
:10433000000000000000000000000000000000007D
:1043400000000000F83FF83F08100C0804080404BF
:104350000004000200020002000100018000800051
:1043600080008000C000C000C000C000C000C000CD
:10437000000000000000000000000000000000003D
:1043800000000000E007300C18180C300C300C3026
:104390001C301C107818F004E003180F0C1E0C1CC5
:1043A000063806300630063006300C18180CE003CC
:1043B00000000000000000000000000000000000FD
:1043C00000000000E00318040C080C18061006306A
:1043D00006300630063006300E380C341836F03110
:1043E00000300018001800080C0C0C060C03F0013B
:1043F00000000000000000000000000000000000BD
:1044000000000000000000000000000000000000AC
:1044100000008001C003C003800100000000000014
:1044200000000000000000008001C003C003800104
:10443000000000000000000000000000000000007C
:10444000000000000000000000000000000000006C
:1044500000000000C001C001C00100000000000019
:1044600000000000000000000000C001C001C00109
:104470008001C000C000000000000000000000003B
:1044800000000000002000100008000400020001ED
:1044900080004000200010000800080010002000EC
:1044A000400080000001000200040008001000200D
:1044B00000000000000000000000000000000000FC
:1044C00000000000000000000000000000000000EC
:1044D0000000FE7F00000000000000000000FE7FE2
:1044E00000000000000000000000000000000000CC
:1044F00000000000000000000000000000000000BC
:1045000000000000040008001000200040008000AF
:104510000001000200040008001000100008000460
:10452000000200018000400020001000080004008C
:10453000000000000000000000000000000000007B
:1045400000000000C0073018183008600C601C60C4
:104550001C601C6000300018000E00030001000108
:1045600000010001000000008001C003C0038001C1
:10457000000000000000000000000000000000003B
:1045800000000000C0076008301018200C2B8C4D74
:10459000844CC64CC64466446644664466466626F9
:1045A00066266417CC0C0C40082018303018C00761
:1045B00000000000000000000000000000000000FB
:1045C00000000000C001C001C001C00120032003A1
:1045D0002003200330021006100610061004F80F06
:1045E000080C080C080C04180418041806381F7C62
:1045F00000000000000000000000000000000000BB
:1046000000000000FE07181C181818301830183069
:10461000183018301818180CF80718181830182007
:104620001860186018601860186018301818FE0FAD
:10463000000000000000000000000000000000007A
:1046400000000000C0076038103018600C400C40BB
:104650000C00060006000600060006000600060024
:10466000060006000C400C40082018103008C00757
:10467000000000000000000000000000000000003A
:1046800000000000FE03180E18181810183018301B
:10469000186018601860186018601860186018605A
:1046A0001860182018301830181818181806FE034B
:1046B00000000000000000000000000000000000FA
:1046C00000000000FE3F1830182018401840180065
:1046D000180018081808180CF80F180C18081808F3
:1046E0001800180018001840184018201830FE3F15
:1046F00000000000000000000000000000000000BA
:1047000000000000FE3F183818201840184018001C
:10471000180018081808180CF80F180C18081808B2
:1047200018081800180018001800180018007E005B
:104730000000000000000000000000000000000079
:1047400000000000C003300C100818180C100C10EA
:10475000040006000600060006000600067E061895
:10476000061804180C180C18081818183004E00360
:104770000000000000000000000000000000000039
:10478000000000003FFC0C300C300C300C300C30C2
:104790000C300C300C300C30FC3F0C300C300C303A
:1047A0000C300C300C300C300C300C300C303FFC2A
:1047B00000000000000000000000000000000000F9
:1047C00000000000F81F800180018001800180014D
:1047D00080018001800180018001800180018001D1
:1047E0008001800180018001800180018001F81F2B
:1047F00000000000000000000000000000000000B9
:1048000000000000E07F000600060006000600062B
:104810000006000600060006000600060006000668
:104820000006000600060006000600060006000658
:104830000E060E038E01FC000000000000000000C8
:10484000000000007E3E180C18041806180218011B
:10485000180198009800D800B801B801180318038F
:1048600018061806180C180C180C181818187E7C46
:104870000000000000000000000000000000000038
:10488000000000007E001800180018001800180032
:104890001800180018001800180018001800180058
:1048A0001800180018001840184018201830FE3F53
:1048B00000000000000000000000000000000000F8
:1048C000000000000FF01C381C381C381C381C3449
:1048D0003434343434343432343264326432643212
:1048E00064314431C431C431C430C43084308FFCAD
:1048F00000000000000000000000000000000000B8
:10490000000000000FF81C201C20342034206420FC
:104910006420C420C4208421842104230423042689
:104920000426042C042C04380438043004301F20DE
:104930000000000000000000000000000000000077
:1049400000000000C003300C181808100C300C30A8
:104950000620066006600660066006600660066067
:10496000066004600C300C3008101818300CC003BE
:104970000000000000000000000000000000000037
:1049800000000000FE0F181818301860186018603A
:1049900018601860186018301818F8071800180008
:1049A00018001800180018001800180018007E00E1
:1049B00000000000000000000000000000000000F7
:1049C00000000000C003300C181808100C300C3028
:1049D00006600660066006600660066006600660A7
:1049E00006600660E4211C331C36181E300EC0071A
:1049F000004C003C003800000000000000000000F7
:104A000000000000FE07181C181818301830183065
:104A1000183018301818180CF8071803180318065F
:104A200018061806180C180C180C181818187E7888
:104A30000000000000000000000000000000000076
:104A400000000000F013181E0C18061806100610BF
:104A500006000E003C00F800E003800F001E001866
:104A6000003802300230063004300C181C0CE40709
:104A70000000000000000000000000000000000036
:104A800000000000FC3F8C21846182418241800152
:104A9000800180018001800180018001800180010E
:104AA0008001800180018001800180018001E00798
:104AB00000000000000000000000000000000000F6
:104AC000000000003F7C0C100C100C100C100C109F
:104AD0000C100C100C100C100C100C100C100C10F6
:104AE0000C100C100C100C100C1018083804E003FB
:104AF00000000000000000000000000000000000B6
:104B0000000000003E7818301810181018103008F7
:104B1000300830083008300460046004600460022B
:104B2000C002C002C002C00180018001800080007C
:104B30000000000000000000000000000000000075
:104B400000000000CFF386618621842104210C231C
:104B50008C238C238C138C138813481258165816E8
:104B6000580E380E300E300E300C30041004100485
:104B70000000000000000000000000000000000035
:104B8000000000003E7C1810180830083004600453
:104B90006002C002C00180018001800180034003E7
:104BA00040062006200E100C100C181808383E7C09
:104BB00000000000000000000000000000000000F5
:104BC000000000007E7C1C10181018083008300807
:104BD000300460046004C002C002C0018001800192
:104BE0008001800180018001800180018001E00757
:104BF00000000000000000000000000000000000B5
:104C000000000000F87F383018300C180418000C31
:104C1000000600060003000380018001C000C00000
:104C2000600060003000184018600C200C38FE3F17
:104C30000000000000000000000000000000C03F75
:104C4000C000C000C000C000C000C000C000C00064
:104C5000C000C000C000C000C000C000C000C00054
:104C6000C000C000C000C000C000C000C000C00044
:104C7000C000C03F00000000000000000000000075
:104C800000001800180010003000200060006000D4
:104C90004000C0008000800180010001000300028C
:104CA00000060006000C000C000C00180018003074
:104CB0000030003000600000000000000000FC0335
:104CC00000030003000300030003000300030003CC
:104CD00000030003000300030003000300030003BC
:104CE00000030003000300030003000300030003AC
:104CF0000003FC030000000000000000C003C00728
:104D00006004100800000000000000000000000027
:104D10000000000000000000000000000000000093
:104D20000000000000000000000000000000000083
:104D30000000000000000000000000000000000073
:104D40000000000000000000000000000000000063
:104D50000000000000000000000000000000000053
:104D60000000000000000000000000000000000043
:104D7000000000000000FFFF000000007800C000FD
:104D80000001000000000000000000000000000022
:104D90000000000000000000000000000000000013
:104DA0000000000000000000000000000000000003
:104DB00000000000000000000000000000000000F3
:104DC00000000000000000000000000000000000E3
:104DD0000000E007180C0C180C180C18001CE01B45
:104DE00038180C1806180618061806980C9EF87144
:104DF00000000000000000000000000000000000B3
:104E0000000010001E0018001800180018001800FC
:104E100018009807581C38183830183018301830D7
:104E2000183018301830183018103818380CC807D7
:104E30000000000000000000000000000000000072
:104E40000000000000000000000000000000000062
:104E50000000C0077008301818180C180C000C005F
:104E60000C000C000C000C20182018103008C00793
:104E70000000000000000000000000000000000032
:104E800000000010001E001800180018001800187C
:104E90000018E01B301C181818180C180C180C18E7
:104EA0000C180C180C180C180818181C307AE0098B
:104EB00000000000000000000000000000000000F2
:104EC00000000000000000000000000000000000E2
:104ED0000000C003300C101818100C300C300C30CF
:104EE000FC3F0C000C000C00182018107018C007B4
:104EF00000000000000000000000000000000000B2
:104F000000000000003E80618060C060C000C00002
:104F1000C000FC1FC000C000C000C000C000C00036
:104F2000C000C000C000C000C000C000C000F80F3A
:104F30000000000000000000000000000000000071
:104F40000000000000000000000000000000000061
:104F50000000C077306C101818181818181810189E
:104F6000300CF00718001800F803F01F18380C3048
:104F70000C300C301818E0070000000000000000A2
:104F8000000010001E00180018001800180018007B
:104F900018009807580C38181818181818181818E6
:104FA00018181818181818181818181818187E7EB5
:104FB00000000000000000000000000000000000F1
:104FC000000000008001C00380010000000000001C
:104FD0000001F801800180018001800180018001D1
:104FE0008001800180018001800180018001F81F23
:104FF00000000000000000000000000000000000B1
:1050000000000000001C001E000C0000000000005A
:105010000008C00F000C000C000C000C000C000C71
:10502000000C000C000C000C000C000C000C000C20
:10503000000C18061802F00100000000000000003B
:10504000000010001E0018001800180018001800BA
:105050001800183E180C1804180218019801D801FD
:10506000780338031806180C180C181818387E7CAA
:105070000000000000000000000000000000000030
:1050800000000001F80180018001800180018001A1
:105090008001800180018001800180018001800108
:1050A0008001800180018001800180018001F81F62
:1050B00000000000000000000000000000000000F0
:1050C00000000000000000000000000000000000E0
:1050D0000400F73C8E638661866186618661866125
:1050E0008661866186618661866186618661CFF3AD
:1050F00000000000000000000000000000000000B0
:10510000000000000000000000000000000000009F
:10511000000090075E0C381818181818181818187E
:1051200018181818181818181818181818187E7E33
:10513000000000000000000000000000000000006F
:10514000000000000000000000000000000000005F
:105150000000C003300C1018181808300C300C3048
:105160000C300C300C300C3018181818300CC003F0
:10517000000000000000000000000000000000002F
:10518000000000000000000000000000000000001F
:10519000000090075E0C38181810183018301830BE
:1051A000183018301830183018183818780C98073C
:1051B0001800180018007E00000000000000000029
:1051C00000000000000000000000000000000000DF
:1051D0000000C013301E181C18180C180C180C18DE
:1051E0000C180C180C180C180818181C301EE01994
:1051F000001800180018007E0000000000000000E9
:10520000000000000000000000000000000000009E
:10521000000060387E666061E001E00060006000D0
:105220006000600060006000600060006000FE07D9
:10523000000000000000000000000000000000006E
:10524000000000000000000000000000000000005E
:105250000000C02760383030302030207000E0037C
:10526000800F001E00380830083018303818C80F7A
:10527000000000000000000000000000000000002E
:105280000000000000000000800080008000C000DE
:10529000E000FC1FC000C000C000C000C000C00093
:1052A000C000C000C000C000C020C0208011000F9E
:1052B00000000000000000000000000000000000EE
:1052C00000000000000000000000000000000000DE
:1052D00010101E1E18181818181818181818181852
:1052E00018181818181818181818181C307AE00907
:1052F00000000000000000000000000000000000AE
:10530000000000000000000000000000000000009D
:1053100000003E7C1830181018183008300820049F
:1053200060046004C002C002C003800180018000EC
:10533000000000000000000000000000000000006D
:10534000000000000000000000000000000000005D
:105350000000DFF3866184218C218C218C1388135B
:1053600058135812580E700E300E300C30042004B2
:10537000000000000000000000000000000000002D
:10538000000000000000000000000000000000001D
:1053900000007C3E300870086004C002C00280013A
:1053A0008001800340062006200C101818183E7E4D
:1053B00000000000000000000000000000000000ED
:1053C00000000000000000000000000000000000DD
:1053D00000003E7C181818081008300820046004EB
:1053E00060044002C00280028001800180008000D1
:1053F000800040007C003C00000000000000000035
:10540000000000000000000000000000000000009C
:105410000000FC1F0C1C0C0C040604070003800198
:10542000C001C00060007020302018300C18FC1F34
:105430000000000000000000000000000030000834
:10544000000400040004000400040004000400043C
:1054500000040004000400038001000200040004B2
:10546000000400040004000400040004000400041C
:1054700000040008003000000001000100010001EC
:105480000001000100010001000100010001000114
:105490000001000100010001000100010001000104
:1054A00000010001000100010001000100010001F4
:1054B00000010001000100010000000018002000B0
:1054C00040004000400040004000400040004000DC
:1054D0004000400040008001000380004000400088
:1054E00040004000400040004000400040004000BC
:1054F000400020001800000000007800C400824135
:1055000002410027001C0000000000000000000015
:10551000000000000000000000000000000000008B
:10552000000000000000000000000000000000007B
:10553000000000000000000000000000000000006B
:10554000000000000000000000000000000000005B
:10555000000000000000000000000000000000004B
:10556000000000000000000000000000000000003B
:10557000600060006000600060006000600040004B
:1055800020002000200000000000000060006000FB
:1055900060000000000000000000000060066006DF
:1055A0003003980188004400000000000000000063
:1055B00000000000000000000000000000000000EB
:1055C00000000000000000000000000000000000DB
:1055D0001002100210021002FE07FE070802080166
:1055E000080108010801FE07FE0704010401040187
:1055F0000401000000000000000000000000400066
:105600004000F00158034C03CC034C0058007000DC
:10561000E000C001C00140034C035C034C0348019F
:10562000F00040004000000000000000000000000A
:105630000E010A01910091009100510051003A00C1
:10564000AE03A002500450044804480448048402F5
:1056500084030000000000000000000000000000C3
:1056600038006C006C006C006C006C002C0098071B
:105670001C011A01330133016301E300C308C609A9
:105680003C07000000000000000000000C001C00AF
:1056900010001000080004000000000000000000DE
:1056A00000000000000000000000000000000000FA
:1056B00000000000000000000000000000040002E4
:1056C00000018000800040004000200020002000F9
:1056D00020002000200020004000400080008000CA
:1056E00000010002000400000000000002000400AD
:1056F0000800100010002000200040004000400082
:105700004000400040004000200020001000100039
:10571000080004000200000000000000000000007B
:10572000000000004000C0004000460C4E0FD001B9
:10573000F0015E0F460C40004000400000000000F9
:105740000000000000000000000000000000000059
:105750000000000000004000400040004000400009
:10576000FE0F4000400040004000400000000000EC
:105770000000000000000000000000000000000029
:105780000000000000000000000000000000000019
:105790000000000000000000000000000C001C00E1
:1057A00010001000080004000000000000000000CD
:1057B00000000000000000000000000000000000E9
:1057C000FE070000000000000000000000000000D4
:1057D00000000000000000000000000000000000C9
:1057E00000000000000000000000000000000000B9
:1057F0000000000000000000000000001C001C0071
:105800001C00000000000000000000000004000672
:105810000002000300010001800080004000400001
:1058200060002000200010001000080008000C009C
:10583000040006000200000000000000000000005C
:105840000000F00098010C030C030606060606068D
:10585000060606060606060606060C030C03980155
:10586000F000000000000000000000000000000048
:10587000000040007C00600060006000600060008C
:105880006000600060006000600060006000600018
:10589000FC03000000000000000000000000000009
:1058A0000000F80084010203060306030003000160
:1058B0008001C000600020001000080204020602FF
:1058C000FE030000000000000000000000000000D7
:1058D00000007800C6008601860180018001C000BA
:1058E0007000800100010003000306030603860127
:1058F000F8000000000000000000000000000000B0
:10590000000080018001C001A001A0019001880178
:10591000880184018201FE0F8001800180018001E5
:10592000E007000000000000000000000000000090
:105930000000FC0304000400040004000400F40060
:105940008C010403000300030603060382018401A3
:10595000F80000000000000000000000000000004F
:105960000000E00118030C030C0004000600E6012F
:1059700016030E0606060606060604060C021803A3
:10598000F000000000000000000000000000000027
:105990000000F8070C060402040100010001800069
:1059A0008000400040004000600060006000600037
:1059B0006000000000000000000000000000000087
:1059C0000000F8010C030606060606060C021C037E
:1059D000F000C8010C0306060606060606060C03C0
:1059E000F0010000000000000000000000000000C6
:1059F0000000F0000C010C0306020606060606066F
:105A000006078C0678060006000300030C018C01D3
:105A1000780000000000000000000000000000000E
:105A2000000000000000000000000000E000E000B6
:105A3000E00000000000000000000000E000E000C6
:105A4000E000000000000000000000000000000076
:105A50000000000000000000000000006000600086
:105A600000000000000000000000000000006000D6
:105A70006000400020002000000000000000000046
:105A80000004000200018000400020001000080017
:105A90000400080010002000400080000001000207
:105AA00000040000000000000000000000000000F2
:105AB000000000000000000000000000FE070000E1
:105AC00000000000FE0700000000000000000000D1
:105AD00000000000000000000000000000000000C6
:105AE00004000800100020004000800000010002B7
:105AF00000040002000180004000200010000800A7
:105B00000400000000000000000000000000000091
:105B10000000E0031806040C040C0C0C0C0C00072D
:105B2000800140004000400000000000E000E00074
:105B3000E000000000000000000000000000000085
:105B4000E00018030C02CC0564056605A605B60442
:105B5000B604B604B604B602E4010C040C02180341
:105B6000F000000000000000000000000000000045
:105B70000000600060005000D0009000900088009D
:105B800088010801F801040304030402020202066A
:105B90000F0F0000000000000000000000000000E7
:105BA0000000FE008C030C030C030C030C038C019F
:105BB000FC000C030C020C060C060C060C060C0375
:105BC000FE010000000000000000000000000000D6
:105BD0000000E00318030C060C0404040600060091
:105BE000060006000600060006040C040C0218035A
:105BF000F0000000000000000000000000000000B5
:105C000000007F008C010C030C030C060C060C0634
:105C10000C060C060C060C060C060C030C038C017F
:105C20007F000000000000000000000000000000F5
:105C30000000FF0306030604060406008600860033
:105C4000FE008600860086000600060406040602A2
:105C5000FF03000000000000000000000000000042
:105C60000000FF0306030604060406008600860003
:105C7000FE0086008600860006000600060006007C
:105C80001F000000000000000000000000000000F5
:105C90000000F00018010C020C02040206000600CD
:105CA00006000600C60F060306030C030C031803C8
:105CB000F0000000000000000000000000000000F4
:105CC00000000F0F0606060606060606060606066E
:105CD000FE0706060606060606060606060606066B
:105CE0000F0F000000000000000000000000000096
:105CF0000000FC0360006000600060006000600065
:105D00006000600060006000600060006000600093
:105D1000FC03000000000000000000000000000084
:105D20000000F807C000C000C000C000C000C000F4
:105D3000C000C000C000C000C000C000C000C00063
:105D4000C000C60066003C0000000000000000002B
:105D50000000CF038601C60046002600160036006C
:105D60002E006E004600C60086008601060106036E
:105D70008F0700000000000000000000000000008D
:105D800000001F00060006000600060006000600D0
:105D900006000600060006000600060406040602C9
:105DA000FF030000000000000000000000000000F1
:105DB00000000707860386038E038E034E034E03FF
:105DC0004A035A035A033A033203320332031203DB
:105DD0008707000000000000000000000000000035
:105DE00000008E0F0C021C021C02340234026402FA
:105DF00064024402C402840284038403040304038F
:105E00001F02000000000000000000000000000071
:105E10000000F00098010C030C02060606060606B8
:105E2000060606060606060606060C020C03980180
:105E3000F000000000000000000000000000000072
:105E40000000FF000603060606060606060606060E
:105E50008603FE0006000600060006000600060097
:105E60001F00000000000000000000000000000013
:105E70000000F00098010C030C0206060606060658
:105E8000060606060606060676064C02CC039801B0
:105E9000F000800700030000000000000000000088
:105EA0000000FF01060306060606060606060603B0
:105EB000FE004600C60086008601060306030606AD
:105EC0000F0E0000000000000000000000000000B5
:105ED0000000F8020C030602060206000E003C0059
:105EE000F800E003800300070206020606060C0322
:105EF000F0010000000000000000000000000000B1
:105F00000000FE0762046108610860006000600034
:105F10006000600060006000600060006000600081
:105F2000F801000000000000000000000000000078
:105F300000001E070C020C020C020C020C020C02E8
:105F40000C020C020C020C020C020C020C021801D6
:105F5000F000000000000000000000000000000051
:105F600000000F070602040104010C010C01880067
:105F70008800980098005000500070003000200009
:105F800020000000000000000000000000000000F1
:105F90000000F70E620442044604460464026402F0
:105FA000E402E4029C029C019801980188018800A7
:105FB0008800000000000000000000000000000059
:105FC00000009E070C01080118019000B00060005D
:105FD000200060006000D0009000880108010403E8
:105FE0008E0700000000000000000000000000001C
:105FF00000000F0F060404020C0208011801B8008B
:10600000B000700060006000600060006000600030
:10601000F801000000000000000000000000000087
:106020000000FC070C020603020180018000400012
:106030004000200020001000180008040C04040296
:10604000FE0300000000000000000000E00320004C
:106050002000200020002000200020002000200040
:106060002000200020002000200020002000200030
:1060700020002000E00300000000000000000000FD
:1060800004000400080008001000100010002000A8
:10609000200040004000C00080008000000100019E
:1060A0000002000200020004000000007C0040002A
:1060B00040004000400040004000400040004000E0
:1060C00040004000400040004000400040004000D0
:1060D000400040007C0000000000600090000801CB
:1060E00000000000000000000000000000000000B0
:1060F00000000000000000000000000000000000A0
:10610000000000000000000000000000000000008F
:10611000000000000000000000000000000000007F
:10612000000000000000000000000000000000006F
:10613000000000000000FF0F0000000018006000D9
:10614000000000000000000000000000000000004F
:10615000000000000000000000000000000000003F
:10616000000000000000000000000000000000002F
:10617000000000000000000000000000F0010C031F
:106180000C030003E0031C030E03060306038E0B3F
:106190007C0E000000000000000000000000000075
:1061A00008000E000C000C000C000C00CC013C039D
:1061B0001C060C060C060C060C060C060C021C0336
:1061C000E4010000000000000000000000000000EA
:1061D000000000000000000000000000F0008C0142
:1061E0008C01860106000600060006020C020C0166
:1061F000F0000000000000000000000000000000AF
:106200000002C003000300030003000378038C03B3
:106210000C030603060306030603060304038C07A8
:1062200078010000000000000000000000000000F5
:10623000000000000000000000000000E001180362
:1062400008020C060C06FC070C000C0018041802CF
:10625000E00100000000000000000000000000005D
:106260000000C0036006300630003000FE01300040
:10627000300030003000300030003000300030009E
:10628000FC01000000000000000000000000000011
:10629000000000000000000000000000F007D80629
:1062A0008C018C018C019801F8000C00FC00CC03DF
:1062B000060306038E03F800000000000000000043
:1062C00008000E000C000C000C000C00EC011C037C
:1062D0000C030C030C030C030C030C030C030C0346
:1062E0009E07000000000000000000000000000009
:1062F0000000600060000000000040007C006000C2
:10630000600060006000600060006000600060008D
:10631000FC0300000000000000000000000000007E
:106320000000C001C001000000000001F001800178
:106330008001800180018001800180018001800155
:1063400080018001CC007C00000000000000000003
:1063500008000E000C000C000C000C008C038C00DC
:106360008C004C006C005C008C008C010C010C0358
:106370009E07000000000000000000000000000078
:1063800040007C0060006000600060006000600011
:1063900060006000600060006000600060006000FD
:1063A000FC030000000000000000000000000000EE
:1063B0000000000000000000000000003707EE06AB
:1063C000660666066606660666066606660666066D
:1063D000FF0F0000000000000000000000000000AF
:1063E000000000000000000000000000EE011C039F
:1063F0000C030C030C030C030C030C030C030C0325
:106400009E070000000000000000000000000000E7
:10641000000000000000000000000000F0009801F3
:106420000C03060606060606060606060C030C0303
:10643000F00000000000000000000000000000006C
:10644000000000000000000000000000EE011C033E
:106450000C060C060C060C060C060C060C031C03A2
:10646000EC010C000C003E000000000000000000E9
:1064700000000000000000000000000078028C0313
:106480000C030603060306030603060304038C033A
:10649000780300030003C0070000000000000000B4
:1064A0000000000000000000000000009F035806EC
:1064B00038061800180018001800180018001800F6
:1064C000FF000000000000000000000000000000CD
:1064D000000000000000000000000000F0031C03AA
:1064E0000C020C023800F000C003040304038C0308
:1064F000FC0100000000000000000000000000009F
:10650000000000002000200030003000FE013000BC
:1065100030003000300030003000300030023002F7
:10652000E00100000000000000000000000000008A
:106530000000000000000000000008028E030C03B1
:106540000C030C030C030C030C030C030C039C073F
:1065500078010000000000000000000000000000C2
:106560000000000000000000000000001E070C02F8
:106570000801080118019000B000B0006000600040
:1065800020000000000000000000000000000000EB
:10659000000000000000000000000000F70E620490
:1065A000460464026402EC029C019801980198017F
:1065B00008000000000000000000000000000000D3
:1065C000000000000000000000000000BC071801EF
:1065D0001001B00060006000E000900008010803B6
:1065E0009E07000000000000000000000000000006
:1065F0000000000000000000000000009E070801ED
:106600000801080190009000B00060006000600088
:106610002000200024001C000000000000000000FA
:10662000000000000000000000000000FC018401E8
:10663000C4004400600020003000180208020C036F
:10664000FC010000000000000000000000038000CA
:10665000800080008000800080008000800040007A
:1066600020004000800080008000800080008000CA
:106670008000800000030000400040004000400017
:10668000400040004000400040004000400040000A
:1066900040004000400040004000400040004000FA
:1066A0004000400040004000000000000C001000CE
:1066B000100010001000100010001000100020004A
:1066C000400020001000100010001000100010000A
:1066D000100010000C00000000001C002204C20486
:1066E0008003000000000000000000000000000027
:1066F000000000000000000000000000000000009A
:106700000000000000000000000000000000000089
:106710000000000000000000000000000000000079
:106720000000000000000000000000000000000069
:106730000000000000003000300030003000300069
:106740002000200020002000200000000000300079
:1067500030000000000000000000D800D8006C00ED
:1067600024001200000000000000000000000000F3
:106770000000000000000000000000000000000019
:106780000000000000000000840084008400FF017D
:1067900084008400C60042004200FF014200420023
:1067A0004200000000000000000000000000200087
:1067B000F80024012401A401280030006000A0009A
:1067C00020012C0124012401F800200020000000F9
:1067D0000000000000000000860049004900290078
:1067E00029001900D60028012801280124012401CC
:1067F000C2000000000000000000000000000000D7
:106800000C00120012001200EA00460046002500AB
:106810002900390011003201CC0000000000000006
:106820000000060006000400020001000000000055
:106830000000000000000000000000000000000058
:106840000000000000000000000000018000400087
:106850002000200020001000100010001000100088
:1068600010002000200020004000800000010000F7
:1068700000000100020004000800080008001000E9
:1068800010001000100010001000080008000800A0
:1068900004000200010000000000000000000000F1
:1068A0000000200020002603AE0370007000AE033D
:1068B000260320002000000000000000000000006F
:1068C0000000000000000000000010001000100098
:1068D0001000FF0110001000100010000000000068
:1068E00000000000000000000000000000000000A8
:1068F0000000000000000000000000000000000098
:106900000000000000000600060004000200010074
:106910000000000000000000000000000000000077
:106920000000FE0300000000000000000000000066
:106930000000000000000000000000000000000057
:106940000000000000000000000000000000000047
:10695000000000000000060006000000000000002B
:10696000000000020001000180008000C000400023
:10697000600020003000100018000800080004002B
:106980000400020000000000000000000000000001
:106990007800840084000201020102010201020168
:1069A0000201020184008400780000000000000061
:1069B000000000000000000010001C00100010008B
:1069C0001000100010001000100010001000100047
:1069D0007C0000000000000000000000000000003B
:1069E0007C008200020102010201800040002000C0
:1069F0001000080004010201FE0100000000000078
:106A000000000000000000003C0042008200820004
:106A100040007000800000010001020102018200BC
:106A20007C000000000000000000000000004000AA
:106A3000400060005000480048004400420042000E
:106A4000FE01400040004000F00100000000000096
:106A50000000000000000000FC010400040004002D
:106A6000040074008C000001000102010201820098
:106A70007C0000000000000000000000000000009A
:106A8000F00008010401040002007A0086000201FF
:106A900002010201040184007800000000000000EF
:106AA0000000000000000000FE01820042004000E3
:106AB000200010001000080008000800080008006E
:106AC00008000000000000000000000000000000BE
:106AD0007800840002010201020184007800840031
:106AE00002010201020184007800000000000000A1
:106AF0000000000000000000780084008200020115
:106B0000020102018401780100018000820042003C
:106B10003C00000000000000000000000000000039
:106B20000000000000003000300000000000000005
:106B300000000000000030003000000000000000F5
:106B40000000000000000000000000000000000045
:106B50001000000000000000000000000000000025
:106B60001000100010001000000000000000800065
:106B7000400020001000080004000200040008008B
:106B80001000200040008000000000000000000015
:106B90000000000000000000000000000000FF01F5
:106BA000000000000000FF010000000000000000E5
:106BB00000000000000000000000000000000200D3
:106BC0000400080010002000400080004000200069
:106BD0001000080004000200000000000000000097
:106BE0000000000000007800840002010601060198
:106BF0000001800040002000200020000000300044
:106C00003000000000000000000000000000000054
:106C10007800C400F201590149014501250125010F
:106C2000A500D900020184007800000000000000E7
:106C300000000000000000001000100028002800E4
:106C400028002800440044007C00440082008200A8
:106C5000C70100000000000000000000000000006C
:106C60003F0042004200420022003E0042008200FB
:106C700082008200820042003F000000000000000D
:106C80000000000000000000780184010201020100
:106C90000100010001000100010001010201860064
:106CA000780000000000000000000000000000006C
:106CB0003F00C20082000201020102010201020142
:106CC00002010201820042003F00000000000000BB
:106CD0000000000000000000FF00820002014200EE
:106CE00042007E00420042000200020002018200D7
:106CF000FF00000000000000000000000000000095
:106D0000FF0082000201420042007E004200420079
:106D10000200020002000200070000000000000064
:106D20000000000000000000700188010401020161
:106D300002000200020082030201020104010C01B0
:106D4000F000000000000000000000000000000053
:106D5000C70182008200820082008200FE00820061
:106D60008200820082008200C70100000000000053
:106D70000000000000000000FE00100010001000E5
:106D80001000100010001000100010001000100083
:106D9000FE000000000000000000000000000000F5
:106DA000FC01200020002000200020002000200006
:106DB0002000200020002000210011000E00000013
:106DC0000000000000000000E70142002200220055
:106DD00012001A0016002200220042004200820027
:106DE000C7010000000000000000000000000000DB
:106DF000070002000200020002000200020002007E
:106E00000200020002018200FF00000000000000FA
:106E10000000000000000000C701C600C600C60058
:106E2000AA00AA00AA00AA00AA009200920092005A
:106E3000D70100000000000000000000000000007A
:106E4000C70186008A008A008A0092009200A20090
:106E5000A200C200C200C2008700000000000000C3
:106E600000000000000000003800C60082000101A0
:106E70000101010101010101010101018200C600BE
:106E800038000000000000000000000000000000CA
:106E90007F00820002010201020182007E000200E6
:106EA00002000200020002000700000000000000D3
:106EB00000000000000000003800C6008200010150
:106EC000010101010101010101011901A600A60052
:106ED00078004001C0000000000000000000000039
:106EE0003F0042008200820042003E001200220069
:106EF00022004200420082008701000000000000E2
:106F0000000000000000000078018401020102007E
:106F100002000C00700080000001020102018600E6
:106F20007A000000000000000000000000000000E7
:106F3000FE001101110110001000100010001000DF
:106F400010001000100010003800000000000000C9
:106F50000000000000000000C701820082008200E3
:106F6000820082008200820082008200820044004F
:106F700038000000000000000000000000000000D9
:106F8000C7018200820044004400440044002800FD
:106F90002800280038001000100000000000000049
:106FA0000000000000000000BB019200920092006F
:106FB0009200AA00AA00AA006A004400440044000B
:106FC000440000000000000000000000000000007D
:106FD000CE0184004400480028003000100030003A
:106FE0002800480048008400CE0100000000000096
:106FF0000000000000000000C701820044004400BF
:1070000028002800100010001000100010001000D0
:107010003800000000000000000000000000000038
:10702000FC0184008200400040002000100010009D
:107030000800080004018400FE00000000000000B9
:107040000000F001100010001000100010001000EF
:1070500010001000100010001000100010001000B0
:107060001000F00100000000000000000200040019
:107070000400080008000800100010002000200094
:1070800020004000400080008000800000010000DF
:1070900000003E00200020002000200020002000F2
:1070A00020002000200020002000200020002000E0
:1070B00020003E00000000000000380028004400CE
:1070C00000000000000000000000000000000000C0
:1070D00000000000000000000000000000000000B0
:1070E00000000000000000000000000000000000A0
:1070F0000000000000000000000000000000000090
:10710000000000000000FF03000018002000000045
:10711000000000000000000000000000000000006F
:10712000000000000000000000000000000000005F
:10713000000000000000000000000000000000004F
:107140007C0082008200F0008C0082008200C2027B
:10715000BC03000000000000000000000000000070
:1071600003000200020002003A0046008200820092
:1071700082008200820046003A0000000000000009
:1071800000000000000000000000000000000000FF
:1071900078008400820002000200020002018400E4
:1071A0007800000000000000000000000000000067
:1071B000C000800080008000B800C400820082000F
:1071C000820082008200C400B801000000000000BC
:1071D00000000000000000000000000000000000AF
:1071E000780084000201FE01020002000201840016
:1071F0007800000000000000000000000000000017
:10720000E001100210001000FC001000100010003F
:107210001000100010001000FC0000000000000032
:10722000000000000000000000000000000000005E
:10723000F8018400840084008400780004007C004D
:10724000840102010201FC000000000000000000B7
:1072500003000200020002007A0086008200820021
:107260008200820082008200C7010000000000004E
:1072700000000000000000001800180000000000DE
:107280001C00100010001000100010001000100072
:107290007C00000000000000000000000000000072
:1072A00060006000000000007000400040004000EE
:1072B00040004000400040004000400022001E000E
:1072C00000000000000000000300020002000200B5
:1072D000E200220012000A00160022004200820092
:1072E000C7010000000000000000000000000000D6
:1072F0001E00100010001000100010001000100000
:107300001000100010001000FE000000000000003F
:10731000000000000000000000000000000000006D
:107320007F009200920092009200920092009200E0
:10733000B701000000000000000000000000000095
:1073400000000000000000007B0086008200820038
:107350008200820082008200C7010000000000005D
:10736000000000000000000000000000000000001D
:10737000780084000201020102010201020184007E
:107380007800000000000000000000000000000085
:1073900000000000000000003B0046008200820068
:1073A00082008200820046003A00020002000700CC
:1073B00000000000000000000000000000000000CD
:1073C000B800C40082008200820082008200C400F3
:1073D000B80080008000C001000000000000000034
:1073E0000000000000000000CE0128011800080085
:1073F00008000800080008003E000000000000002F
:10740000000000000000000000000000000000007C
:10741000BC00C200820006003800C0008200860066
:107420007A000000000000000000000000000000E2
:107430000000100010001000FC00100010001000F0
:10744000100010001000900060000000000000001C
:10745000000000000000000000000000000000002C
:10746000C300820082008200820082008200C2008B
:10747000BC0100000000000000000000000000004F
:107480000000000000000000C7018200440044002A
:107490004400280028001000100000000000000038
:1074A00000000000000000000000000000000000DC
:1074B000BB01920092009200AA00AA00440044007E
:1074C0004400000000000000000000000000000078
:1074D0000000000000000000CE01840048003000E1
:1074E0003000300048008400CE01000000000000A1
:1074F000000000000000000000000000000000008C
:10750000EE01840088004800480050003000200050
:107510001000100010000C0000000000000000002F
:107520000000000000000000FE00420022002000D9
:107530001000080084008200FE000000000000002F
:10754000000080014000400040004000400040003A
:10755000600010006000400040004000400040001B
:10756000400040008001000020002000200020009A
:10757000200020002000200020002000200020000B
:1075800020002000200020002000200020002000FB
:1075900000000600080008000800080008000800B5
:1075A0001800200018000800080008000800080063
:1075B00008000800060000001C0026022203C0018B
:1075C00000000000000000000000000000000000BB
:1075D00000000000000000000000000000000000AB
:1075E000000000000000000000000000000000009B
:1075F0000000000808080808080800001818000023
:1076000000486C2412000000000000000000000090
:107610000000002424247F1212127F121212000094
:107620000000081C2A2A0A0C1828282A2A1C0808E4
:1076300000000022251515152A5854545422000024
:107640000000000C1212120A76252911916E00001A
:107650000006060403000000000000000000000017
:1076600000402010100808080808081010204000EA
:10767000000204080810101010101008080402007E
:107680000000000008086B1C1C6B080800000000CC
:1076900000000000080808087F080808080000002B
:1076A00000000000000000000000000006060403C7
:1076B0000000000000000000FE00000000000000CC
:1076C00000000000000000000000000006060000AE
:1076D000000080404020201010080804040202002E
:1076E0000000001824424242424242422418000054
:1076F000000000080E08080808080808083E0000F6
:107700000000003C4242422020100804427E00005B
:107710000000003C4242201820404042221C000051
:10772000000000203028242422227E20207800001F
:107730000000007E0202021A26404042221C000085
:10774000000000382402021A264242422418000097
:107750000000007E22221010080808080808000017
:107760000000003C4242422418244242423C0000B5
:10777000000000182442424264584040241C00008B
:107780000000000000001818000000001818000099
:1077900000000000000000080000000000080804CD
:1077A00000000040201008040204081020400000DF
:1077B0000000000000007F0000007F0000000000CB
:1077C00000000002040810204020100804020000FD
:1077D0000000003C424246402010100018180000F3
:1077E0000000001C225A555555552D42221C000000
:1077F0000000000808181414243C224242E700004C
:107800000000001F2222221E22424242221F0000AC
:107810000000007C4242010101010142221C0000E3
:107820000000001F2242424242424242221F000008
:107830000000003F4212121E12120242423F00009C
:107840000000003F4212121E121202020207000044
:107850000000003C2222010101712122221C0000B3
:10786000000000E7424242427E42424242E70000BC
:107870000000003E0808080808080808083E000044
:107880000000007C10101010101010101010110FBC
:107890000000007722120A0E0A121222227700003C
:1078A000000000070202020202020202427F000000
:1078B00000000077363636362A2A2A2A2A6B00003C
:1078C000000000E346464A4A5252526262470000B4
:1078D0000000001C2241414141414141221C000065
:1078E0000000003F424242423E0202020207000004
:1078F0000000001C2241414141414D53321C6000B7
:107900000000003F4242423E1212222242C70000C3
:107910000000007C4242020418204042423E000027
:107920000000007F4908080808080808081C000033
:10793000000000E74242424242424242423C0000D2
:10794000000000E742422224241414180808000012
:107950000000006B49494949555536222222000052
:10796000000000E7422424181818242442E70000ED
:10797000000000772222141408080808081C0000E0
:107980000000007E2120101008040442423F000045
:107990000078080808080808080808080808780097
:1079A00000000202040408080810102020204040B3
:1079B000001E1010101010101010101010101E00CB
:1079C000003844000000000000000000000000003B
:1079D000000000000000000000000000000000FFA8
:1079E0000006080000000000000000000000000089
:1079F000000000000000003C4278444242FC0000CD
:107A0000000000030202021A26424242261A000027
:107A10000000000000000038440202024438000068
:107A200000000060404040784442424264D8000078
:107A3000000000000000003C427E0202423C0000C8
:107A4000000000F08808087E08080808083E0000CA
:107A5000000000000000007C22221C023C42423C4C
:107A6000000000030202023A4642424242E700009E
:107A70000000000C0C00000E08080808083E00007A
:107A80000000003030000038202020202020221E5E
:107A90000000000302020272120A1612227700008E
:107AA0000000000E0808080808080808083E000042
:107AB000000000000000007F9292929292B70000B6
:107AC000000000000000003B4642424242E7000046
:107AD000000000000000003C42424242423C0000E4
:107AE000000000000000001B26424242221E020746
:107AF000000000000000007844424242447840E028
:107B000000000000000000774C040404041F000083
:107B1000000000000000007C42023C40423E0000A9
:107B2000000000000008083E0808080808300000AF
:107B300000000000000000634242424262DC00009C
:107B400000000000000000E74224241408080000A0
:107B500000000000000000EB4949555522220000BA
:107B6000000000000000007624181818246E0000A1
:107B700000000000000000E7422424141808080751
:107B8000000000000000007E22100808447E000073
:107B900000C0202020202010202020202020C000F5
:107BA00010101010101010101010101010101010D5
:107BB0000006080808080810080808080808060051
:107BC0000C32C200000000000000000000000000B5
:107BD000000000000000000000000000000004049D
:107BE000040404040004000000140A0A0000000059
:107BF00000000000000014143F140A3F0A0A0000AD
:107C000000041E1505060C14150F040000001215C3
:107C10000D0A142C2A1200000000040A0A1E151571
:107C20000936000000020201000000000000000010
:107C300000201008080808080810200000020408A6
:107C4000080808080804020000000004150E0E15BC
:107C50000400000000000404041F040404000000E9
:107C6000000000000000000000020201000000000F
:107C7000001F0000000000000000000000000000E5
:107C800000020000001008080804040202020100BB
:107C900000000E1111111111110E00000000040658
:107CA00004040404040E000000000E111108040274
:107CB000011F000000000E11100C1010110E00002A
:107CC0000000080C0A0A091E0818000000001F0125
:107CD000010F1010110E000000000E09010F11110C
:107CE000110E000000001F09080404040404000031
:107CF00000000E11110E1111110E000000000E11E6
:107D000011111E10120E00000000000004000000FF
:107D10000004000000000000000400000004040053
:107D200000201008040204081020000000000000D9
:107D30001F00001F000000000002040810201008AF
:107D40000402000000000E111108040400040000E9
:107D500000000E111915151D011E0000000004047D
:107D60000C0A0A1E1233000000000F12120E12122B
:107D7000120F000000001E1101010101110E000090
:107D800000000F1212121212120F000000001F1238
:107D90000A0E0A02121F000000001F120A0E0A0239
:107DA0000207000000001C1201013911120C000032
:107DB00000003312121E12121233000000001F04C2
:107DC00004040404041F000000003E08080808081A
:107DD00008090700000037120A060A0A12370000D5
:107DE0000000070202020202223F000000001B1BEB
:107DF0001B1B15151515000000003B1216161A1A4C
:107E00001217000000000E1111111111110E0000C7
:107E100000000F12120E02020207000000000E11F5
:107E200011111117190E180000000F12120E0A126C
:107E30001237000000001E1101060810110F00008B
:107E400000001F1504040404040E00000000331297
:107E500012121212120C000000003312120A0A0C45
:107E60000404000000001515150E0A0A0A0A000095
:107E700000001B0A0A04040A0A1B000000001B0A77
:107E80000A040404040E000000001F090804040290
:107E9000121F0000001C04040404040404041C0059
:107EA000000202020404080808100000000E08087E
:107EB0000808080808080E0000040A000000000076
:107EC0000000000000000000000000000000003F73
:107ED000000400000000000000000000000000009E
:107EE000000C121C123C000000000302020E1212D1
:107EF000120E000000000000001C1202021C000014
:107F000000001810101C1212123C000000000000AB
:107F1000000C121E021C000000003804041E0404A1
:107F2000041E000000000000003C120C021E221C77
:107F300000000302020E12121237000000000400BB
:107F400000060404040E000000000800000C0808ED
:107F50000808080700000302023A0A0E1237000060
:107F60000000070404040404041F000000000000D3
:107F7000000F15151515000000000000000F12126B
:107F80001237000000000000000C1212120C00005A
:107F900000000000000F1212120E02070000000085
:107FA000001C1212121C103800000000001B0602F8
:107FB0000207000000000000001E020C101E00005E
:107FC00000000004040E0404041800000000000077
:107FD000001B1212123C0000000000000037120AC1
:107FE0000C040000000000000015150E0A0A000035
:107FF00000000000001B0A040A1B00000000000033
:108000000037120A0C04040300000000001E0804DC
:10801000041E0000001808080804080808081800D2
:1080200008080808080808080808080800060404E2
:1080300004080404040406000225180000000000DF
:10804000000000000000000001020304010203041C
:1080500006070809000610160006101601000200A7
:108060000400060008000A000C0010002000400078
:10807000800000010101010307010000080402045F
:10808000080101010000000015B5020871B60208E0
:108090000000000031BA0208820082004A0200009B
:1080A000000001E001E0000000FF0055AAFF0024ED
:1080B000496D92B6DBFF00112233445566778899EB
:1080C000AABBCCDDEEFF0001020304050607080988
:1080D0000A0B0C0D0E0F1011121314151617181988
:1080E0001A1B1C1D1E1F2021222324252627282978
:1080F0002A2B2C2D2E2F3031323334353637383968
:108100003A3B3C3D3E3F4041424344454647484957
:108110004A4B4C4D4E4F5051525354555657585947
:108120005A5B5C5D5E5F6061626364656667686937
:108130006A6B6C6D6E6F7071727374757677787927
:108140007A7B7C7D7E7F8081828384858687888917
:108150008A8B8C8D8E8F9091929394959697989907
:108160009A9B9C9D9E9FA0A1A2A3A4A5A6A7A8A9F7
:10817000AAABACADAEAFB0B1B2B3B4B5B6B7B8B9E7
:10818000BABBBCBDBEBFC0C1C2C3C4C5C6C7C8C9D7
:10819000CACBCCCDCECFD0D1D2D3D4D5D6D7D8D9C7
:1081A000DADBDCDDDEDFE0E1E2E3E4E5E6E7E8E9B7
:1081B000EAEBECEDEEEFF0F1F2F3F4F5F6F7F8F9A7
:1081C000FAFBFCFDFEFF80808081818282838485B2
:1081D0008687898A8C8D8F91939597999B9EA0A273
:1081E000A5A7AAADAFB2B500FF1FFF1F01E001E0D8
:1081F000210020000A080B080D300C300E380F3813
:10820000640063000000000084800408E5030208A5
:10821000000000000000000000000000C300C300D8
:10822000041C0000848004080150030800000000C2
:10823000000000000000000064202B00000000008F
:1082400084800408FD5003080000000000000000C6
:10825000000000006420D127000000008480040892
:10826000CF0602084507020800000000B507020813
:1082700064200401C0080000848004083918020842
:108280000000000000000000911802080401040131
:108290000104000078C004082982020800000000E0
:1082A00000000000000000006420322001040000F3
:1082B00078DB0408ACDC0408C4DC040884DC0408B3
:1082C000B0DC0408B8DC0408CCDC0408BCDC04081E
:1082D00090DC0408A4DC0408A8DC0408E8DC04083A
:1082E00068DB0408FCDB040870DC0408B4DC040868
:1082F00080DC040888DC04088CDC04087CD80408D2
:1083000094DC040898DC040884D80408F0DC040831
:1083100068DB04086CDC0408A4DB0408D0DC040877
:10832000C8DC04087CDC0408C0DC040874DC040835
:10833000A0DC04089CDC0408A8DB04089CDB04081F
:10834000D8DB040868DB0408ECDC0408E0DC040883
:108350006CDB0408E4DC0408DCDC0408F4DC04085E
:10836000950104020402040204020402040204024D
:1083700004020402040287009601030203020302BE
:1083800003020302030203020302030287008102C5
:108390008102010201020102010201020102010245
:1083A0008102810281029201820006008200920114
:1083B00078DB040838DC040850DC040808DC040816
:1083C0003CDC040844DC040858DC040848DC0408ED
:1083D00018DC040830DC040834DC0408E8DC040899
:1083E00068DB040878DC0408F4DB040840DC0408DB
:1083F00004DC04080CDC040810DC040814DC0408A9
:108400001CDC040820DC040824DC0408F0DC04087C
:1084100068DB04086CDC0408A4DB04085CDC0408EA
:1084200054DC040800DC04084CDC0408F8DB040815
:108430002CDC040828DC0408A8DB04089CDB040806
:10844000D8DB040868DB0408ECDC0408E0DC040882
:108450006CDB0408E4DC0408DCDC0408F4DC04085D
:10846000950104020402040204020402040204024C
:1084700004020402040287009601030203020302BD
:1084800003020302030203020302030287008102C4
:108490008102010201020102010201020102010244
:1084A0008102810281029201820006008200920113
:1084B000B4DB0408B8DB0408BCDB0408C0DB040838
:1084C000C4DB0408C8DB0408CCDB0408D0DB0408E8
:1084D000D4DB0408B0DB0408E8DC040868DB04082B
:1084E00078DC040898DB0408A4DB0408ACDB04088F
:1084F00094DB0408E4DB040884DB040870DB040874
:10850000ECDB04087CDB0408E0DB0408E8DB04089F
:1085100068DB040864DC0408F0DB040880DB040882
:108520008CDB040890DB0408D4DC0408D8DC0408E5
:1085300060DC040868DC0408DCDB040874DB040885
:1085400088DB040868DB0408ECDC0408E0DC0408D1
:108550006CDB0408E4DC0408DCDC0408F4DC04085C
:1085600001020102010201020102010201020102F3
:1085700001020102820092010102010201020102D4
:1085800001020102010201020102010201020102D3
:1085900001020102010201020102010201020102C3
:1085A0000102010201029201820006008200920192
:1085B000B4DB0408B8DB0408BCDB0408ECDC04080A
:1085C00068DB0408C0DB0408C4DB0408C8DB04085B
:1085D000DCDC040868DB0408CCDB0408D0DB04081E
:1085E000D4DB0408E8DC040868DB0408A0DB04082A
:1085F000B0DB0408A8DB0408E0DC0408E4DC0408C1
:10860000F4DC0408010001000100920101000100F6
:1086100001009201010001000100020001000100BF
:108620000100010001000000848004081198020884
:108630000000000000000000319802081A001A0033
:108640008002000084800408000000000000000098
:108650000000000000000000C30004010000000052
:108660005CC00408000000000000000000000000E2
:1086700000000000000000000000000004C1040829
:1086800000000000000000000000000000000000EA
:10869000000000000000000084800408F9A3020824
:1086A00081A502080000000000000000C3000401D2
:1086B0004006000084800408B1A50208E7A502086E
:1086C00000000000000000006420D12780020000AC
:1086D000848004085DA5020800000000000000007E
:1086E000000000006420D1270000000084800408FE
:1086F0008FA602080000000000000000000000003B
:108700006420D127000000008480040800000000DD
:10871000000000000000000000000000D127D12769
:108720000000000084800408000000000000000039
:108730000000000000000000000000000000000039
:108740008480040800000000000000000000000019
:108750000000000000000000000000008480040809
:108760000000000000000000000000000000000009
:1087700000000000000000008480040800000000E9
:1087800000000000000000000000000000000000E9
:10879000000000008480040825A8020843A80208FD
:1087A0000000000061A8020800000000C0030000F3
:1087B00084800408000000000000000000000000A9
:1087C000000000000401D127800300008480040819
:1087D0000000000000000000000000000000000099
:1087E0006420D127400200008480040800000000BB
:1087F0000000000000000000000000006420642071
:1088000040020000C8C104083D1703080000000032
:1088100000000000051803080000000041070000E8
:1088200024C00408051C030800000000000000002C
:108830000000000000000000000000008480040828
:108840000D2B0308712C030800000000DD2C030829
:10885000642064200003000084800408353A030883
:108860000000000000000000000000000000000008
:108870008002000084800408713A030800000000B0
:108880000000000000000000000000008002000066
:1088900084800408FD46030800000000000000007A
:1088A0000000000064206420400200000EA0D90DEA
:1088B00090C80C80B70A60110B80D91F0991F0880D
:1088C0001F0880F088000000000D203C00000F0011
:1088D00069002FFFFFFFF7015C11A610006900C3BC
:1088E00000008800D2009FFFFFFFF012C523E220A6
:1088F00000D203C00000F004B000000070000000CF
:108900000E00000000E0000019EFEA300CD6E6A7E8
:1089100002F40E00001F80E000006FEF5000001610
:10892000FFE500000E0AF00100E05F13F85E6EB094
:1089300005CFFE9100000E0000000070000008DD71
:108940003000A7004B02D004C0007700D01D2000EB
:108950004B03D0A7000007DC34C4CC3000001D2D31
:1089600022D00000A63B00B30005C03A00A3001DC2
:10897000200D00D000A60004CC40004DFC300000CB
:10898000F718C00001F205D00000BB6E4000005F88
:10899000F3000007E6DB03802F301DBAA05F000163
:1089A000DF401FB448FEC003BFFC40B2000000001F
:1089B000001F01F01F00F0000003F10B900F404F6B
:1089C000007D009B00AA00AA009B007D004F000FC5
:1089D000400B9003F15E000E6008C004F001F3004C
:1089E000F500E600E600F501F304F008C00E605E55
:1089F0000000930088A6C209FE404DDDB1429350AD
:108A0000005200000450000008A0000008A0001F51
:108A1000FFFFF30339B3300008A0000008A00001F5
:108A200003F61E60E12C00000003FFF90333100081
:108A300003F52E4000000E400004E000009A000004
:108A40000E400004F000009A00000E400003F00009
:108A5000009A00000E500003F000009A00000E5033
:108A60000003F00000004CFE70004FB68F900DB078
:108A7000005F32F40000E74F20000CA4F20000CAAF
:108A80002F40000E70DB0005F204FB68F90004CFF4
:108A9000E700EFFB44CB00AB00AB00AB00AB00AB9F
:108AA00000AB00AB00AB07DFEA108E857EC0010093
:108AB00006F1000006F000000D900000CC00001C44
:108AC000C00001DB00001DE544427FFFFFF97FFF8E
:108AD000FFF024445F900000BC000009E100003F6B
:108AE000D81000046DD0000002F4100002F4BD752F
:108AF0007DD019DFEA1000000DA0000000AC0000DE
:108B00000007E10000004F40100002F600F5001DD4
:108B1000A000F5007FFFFFFFF3133333F7300000B1
:108B200000F500000000F50009FFFFF00AB4444022
:108B30000C8000000E7000000FFFFC4003345CF25C
:108B4000000000F7100000F78E856CF108DFFB30A5
:108B5000002AEFD5003FD657400CC0000002F400B9
:108B600000004F5BFFA104FE845DD03F80003F30DA
:108B7000E80003F206F845DC0005DFE9109FFFFF7F
:108B8000FD9D4444E99C0004F200000BB000002F5E
:108B9000400000AD000001F6000008E000000E807B
:108BA00000006F1000019EFE9100BE636EC00F605A
:108BB000006F00CC202BC002EFFFE200DC424CD063
:108BC0005F20001F55F20002F50ED535DE001AEFCA
:108BD000EA1003BFEA202FA44BE18E0000E99D00BC
:108BE00000DD4F7129FF07FFFC9E000210AC000062
:108BF00002F607658FB00AEFD7002E53F50000008C
:108C00000000003F52E42E53F50000000000002E4B
:108C100052F60D21D001000000003100006CF2017D
:108C20008ED6000FC300000AFB40000017EE700054
:108C30000005C3000000001FFFFFF30333333000C3
:108C4000000000000000001FFFFFF3033333300477
:108C50000000000ED71000005CF92000002AF2008E
:108C600003AFB106DE82001C6000000000000007B8
:108C7000DFEA109E746EC0010006F0000009C0001B
:108C8000008E200006F200000870000000000000C6
:108C90000B8000000C900000006CEFDA4000003DFB
:108CA000A41016D90001E509EE98CA900A80BD43C8
:108CB000AFC0D30F13F2000CC0693C06D00007C050
:108CC0003B4B06D00007C02C3C03F2000CC04A0FFF
:108CD00010BD439EE3C50A8009EE91CF9001E500E7
:108CE00000000000003DA41028000000007CEFD927
:108CF000100000000CF1000000003FD70000000051
:108D0000B96E00000002F20E50000009A007D0006A
:108D1000001F3000F400007FFFFFFB0000E733334B
:108D20004F2005F000000C900C90000006F18FFF22
:108D3000FEC408E3334BF28E00001F58E00018F128
:108D40008FFFFFF808E33337F68E000009C8E00014
:108D5000009D8E33347F78FFFFFD700007CFFB400E
:108D600000CF966AF50AE20000301F600000004F55
:108D7000200000004F200000001F600000000AE2F9
:108D800000003001CF966AF50007DFFB408FFFFE41
:108D9000A4008E4446CF708E000007F38E000000C2
:108DA000DA8E0000009D8E0000009D8E000000DA2B
:108DB0008E000007F38E4446BF708FFFFEA4008F25
:108DC000FFFFF68E4444418E0000008E0000008FAD
:108DD000FFFFC08E3333208E0000008E0000008E17
:108DE0004444428FFFFFF98FFFFFF68E4444418ECB
:108DF0000000008E0000008E0000008FFFFFC08E7C
:108E00003333208E0000008E0000008E0000000032
:108E100007CFFC5000CF966AF60AE20000201F60E0
:108E20000000004F200000004F200000B91F60002C
:108E300000B90AE30000B900CF966AF80007DFFC2A
:108E4000608E000008E8E000008E8E000008E8E078
:108E500000008E8FFFFFFFE8E333339E8E00000893
:108E6000E8E000008E8E000008E8E000008E8E8EA4
:108E70008E8E8E8E8E8E8E8E02FFFFC00444BC00BE
:108E80000009C000009C000009C000009C0000090F
:108E9000C02000BA0EB58F603CFE808E00004F509F
:108EA0008E0004F6008E003F70008E03F800008EE6
:108EB0002EC000008EECF600008FB07F30008E00D8
:108EC0000AE1008E0000CC008E00001EA08E000083
:108ED000008E0000008E0000008E0000008E00005A
:108EE000008E0000008E0000008E0000008E4444C2
:108EF000408FFFFFF28E00000008E8F7000002FE3E
:108F00008FF10000BFE8DCA0004F9E8D2F300D8751
:108F1000E8D09C06E07E8D01E7E507E8D006FC007E
:108F20007E8D000A2007E8D00000007E8E10000829
:108F3000E8FC00008E8FF90008E8E6F6008E8E0946
:108F4000F308E8E00CE18E8E001EB8E8E0003FEE8A
:108F50008E00006FE8E00000AE0007CFEB5000008D
:108F6000CF966BF9000AE200005F601F6000000A04
:108F7000D04F20000006F04F20000006F01F6000D8
:108F8000000AD00AE200005F6000CF966BFA000092
:108F900007DFEB50008FFFFD7008E4458FB08E00B7
:108FA000005F38E00001F58E00003F48E0014DD041
:108FB0008FFFFFB208E33310008E00000008E000CE
:108FC00000000007CFEB500000CF966BF9000AE2DB
:108FD00000005F601F6000000AD04F20000006F014
:108FE0004F20000005F01F6000000AD00AE20000D8
:108FF0005F6001DF855AFA000008DFFC50000000C6
:1090000001EC21940000001BFFC1000000001200D1
:109010008FFFFD7008E4458FB08E00005F38E000E0
:1090200001F58E00003F38E0014DD08FFFFFC208F0
:10903000E333DA008E0002F608E00005F3019EFD3E
:10904000A200CE646B702F40000001F80000000603
:10905000FD950000016AEE500000009F0020000511
:10906000F13FA547EB004BEFE910FFFFFFFF244462
:10907000BD44400009C00000009C00000009C00081
:1090800000009C00000009C00000009C00000009D6
:10909000C00000009C00009C00000BA9C00000BAAA
:1090A0009C00000BA9C00000BA9C00000BA9C000E6
:1090B00000BA8E00000D94F40003F50CF868FD0072
:1090C00009EFE9100CB000000AC05F200001F500B4
:1090D000E900008E0008F0000E70001F6005F1002E
:1090E00000AD00C9000003F43F3000000CBAC0001E
:1090F00000005FF500000000EE00006F10000DB0F2
:109100000002F21F60003FF10008D00BB0008BE6B8
:10911000000D7006F000E69B002F2001F503F14FD3
:10912000108D0000CA09B00E60D800006F0E6009F3
:10913000B2F300001F9F1004F9D000000CFB0000E8
:10914000EF80000007F600009F30003F50000DA0A8
:1091500008F2009D0000CC04F300002F9E70000078
:1091600006FC00000009FE1000004F4DB00001E8B1
:1091700002F7000BD0007F207F20000BD00CB00046
:10918000009C002F50002F30009E000C900000E843
:1091900005F1000005F3E60000000CFD00000000F2
:1091A0003F4000000002F3000000002F30000000EC
:1091B00002F300004FFFFFFF9144444AF300000315
:1091C000F6000001EA000000CC0000009E10000044
:1091D0006F4000003F7000001ED4444436FFFFFF84
:1091E000FC8FF68D318D008D008D008D008D008DF2
:1091F000008D008D008D008D008D318FF65D00009B
:1092000000F200000B8000006D000001F200000B76
:109210008000006D000001F200000B7000006D0086
:109220000001F200000B7000006D000001F2BFF3BE
:1092300025F302F302F302F302F302F302F302F363
:1092400002F302F302F325F3BFF300AD00001EC4E6
:10925000000885A000E20E105B00970B5002E0EEC4
:10926000EEEEE00BC00009B004CFEA100B745DB065
:10927000000004F004CEEEF21F8214F24F1004F24C
:109280001F703DF204DFD7F2BA000000BA00000000
:10929000BA000000BA8EFC30BFD54BF3BE1000CA36
:1092A000BA00007EBA00007EBE1000CABFD55BF3D4
:1092B000B98EFC30007DFD6009F748F42F50002086
:1092C0005F0000005F0000002F50002009F748F405
:1092D000007DFD600000001F40000001F400000060
:1092E0001F4008EFC4F40AF748FF42F50007F45F97
:1092F00000002F45F00001F42F50006F40AE637E58
:10930000F4008EFC4F40008EFC400AD538F42F202C
:10931000008C5FEEEEFF5F2111112F70001009F835
:1093200046E4007DFE80009EE305F44108C000CFC6
:10933000FFF029D32008D00008D00008D00008D0C2
:109340000008D00008D000007EFC4E60AF747FF6AD
:109350002F50005F65F00000F65F00000F62F6001E
:1093600006F609F747FF5007EFC4F50000003F205D
:10937000CB646EB003AEFD8000BA000000BA0000FE
:1093800000BA000000BA8EFB20BFC56DD0BE00033E
:10939000F2BA0000F4BA0000F5BA0000F5BA000015
:1093A000F5BA0000F5BAA800BABABABABABABABAE7
:1093B000000AB0009900000000AB000AB000AB004A
:1093C0000AB000AB000AB000AB000AB000AA064E1B
:1093D00071DFA0BA000000BA000000BA000000BAB5
:1093E000001CC0BA01CC00BA1CD100BBCF6000BFCA
:1093F000DBE100BD11DC00BA003F70BA0007F3BA30
:10940000BABABABABABABABABABAB99EFA15DFD4FF
:109410000BFB45EDE64AF2BE0006F6000E7BA0000F
:109420004F2000C9BA0003F1000C9BA0003F1000C0
:10943000C9BA0003F1000C9BA0003F1000C9B99EFF
:10944000FB20BFB45DD0BE0003F2BA0000F4BA0046
:1094500000F5BA0000F5BA0000F5BA0000F5007D8D
:10946000FD60009F748F702F50007F05F00001F3A6
:109470005F00002F32F50007F009F748F70007DF1B
:10948000D600B98EFC30BFC43AF3BE1000CABA0091
:10949000007EBA00007EBE1000CABFD55BF3BA7E64
:1094A000FC30BA000000BA000000BA000000008ED4
:1094B000FC3F40AF748EF42F50007F45F00001F464
:1094C0005F00002F42F50007F40AF748FF4008EF5D
:1094D000C4F40000001F40000001F40000001F4021
:1094E000B98E4BFD71BE100BB000BA000BA000BAD4
:1094F000000BA00005DFEA13F735A06F000001EEB6
:109500009610016AEF300000D96C646F62AEFD7096
:1095100008D00008D000CFFFF029D32008D00008E1
:10952000D00008D00008D00005F551009FE3C80026
:1095300002F3C80002F3C80002F3C80002F3C90036
:1095400003F3AB0007F35F837EF306DFC5F30D90F3
:10955000000AA06E0001F300F5007D0009C00E6056
:10956000003F24F00000C8B9000006FF3000000FE3
:10957000C000C80006F1000D56D000CF6003F01FF8
:10958000302F9C009A00B807B2F10E4005E0D60CCF
:1095900074E0000F6F007C990000AFA001FF400055
:1095A00005F4000BE0004F3007E109D02F4000D94F
:1095B000D900003FD000004FE10001E7BB000BB035
:1095C0001E707E1005F30D90000AA06F0001F300DD
:1095D000F6007D0009C00D60002F34F00000C9A91D
:1095E000000005FF2000000EC0000000E500009410
:1095F000AD00001BFC2000005FFFFFA13337F4002B
:1096000001E70000CB00008E10004F40001EA33386
:1096100026FFFFFC006EA00F9201F4001F4001F432
:10962000003F303FC0006F3001F4001F4001F400E4
:109630001F4000FA2005EA8B8B8B8B8B8B8B8B8BDF
:109640008B8B8B8B8BBE5002AE0005F0005F00054C
:10965000F0004F1000DF104F5005F0005F0005F0E4
:10966000005F002AE00BE40007EC40B41E25DFC0D9
:109670000100000004CC302B01C05700932B01C027
:1096800005CC3006A10FF60BE20000000000000040
:109690000000000000027BFB000000049DFFFFD0E3
:1096A0000003AFFFFFFFFD0000AFFFFFFFDFD000B3
:1096B0000AFFFFB610ED0000AF9400000ED0000AC4
:1096C000F1000000ED0000AF1000000ED0000AF124
:1096D000000045FD0000AF1001EFFFD0179DF10025
:1096E0005FFFFC0EFFFF1000AFFD31FFFFE0000049
:1096F000010003BDA3000000000050188888888482
:1097000005FABFDDDDDDFDAFE47F100000CA4EE0ED
:109710004F100000C80EFEEF100000CFEFE03FEE4C
:10972000EEEEF80EF68F766666EB6FF8AF1000007F
:10973000CC8FE03F100000C80EFCDF655555EECF22
:10974000C25FFFFFFFF92C57750577777775FFFF2D
:109750001FFFFFFFFFFFFF2FFFFFFFFFEFFF0EFFCA
:10976000FFFFFE01100011111110EFFE0EFFFFFFB1
:10977000FEFFFF2FFFFFFFFFFFFF1FFFFFFFFF6841
:1097800087078888888668870788888886FFFF1FFC
:10979000FFFFFFFFFFFF2FFFFFFFFFDFFD0DFFFFBD
:1097A000FFFD0000000000015000000000001DF857
:1097B0000000000001DFFD000000001DFFE22D6041
:1097C0000001DFFE20DFF7001DFFE2008FFF71DFE9
:1097D000FE200008FFFEFFE20000008FFFFE2000D9
:1097E000000008FFE200000000007D2000000000F3
:1097F000000000007F60000BE2EFF600BFF84FFFB3
:109800006BFFD104FFFFFD10005FFFE10000BFFF11
:10981000F6000BFFDFFF60BFFD14FFF5CFD1004F57
:10982000F6171000036000000011000000000000A7
:10983000FF000000006F21FF12F70006FF61FF1616
:10984000FF601FF901FF109FF16FE001FF100EF69E
:10985000AF8001FF1008FACF6001FF1006FCAF8057
:1098600000AA0008FB7FD00000000DF71FF80000E1
:10987000008FF107FF91002AFF70009FFFEEFFF9B4
:10988000000005CFFFFD5000000002442000000052
:1098900000000000000000000AFFA0000000000C13
:1098A000FFC0000003D6DFFFFD6D300EFFFFFFFF9E
:1098B000FFE05FFFFFAAFFFFF51AFFF4004FFFA1D3
:1098C00003FFD0000DFF3004FFF0000FFF404FFFFB
:1098D000FB22BFFFF42FFFFFFFFFFFF209FEFFFF98
:1098E000FFEF9000505EFFE5050000000CFFC00098
:1098F0000000000477400000000000031003410056
:109900000000009FF50DF50000001BFDFF8DF50028
:109910000002DFB12DFFF500004FF83EC2BFF50099
:1099200007FF55FFFE39FE409FE38FFFFFF56FF6FF
:10993000AC2AFFFFFFFF73E6005FFFFFFFFFF100B0
:10994000006FFFD77FFFF200006FFF900DFFF20066
:10995000006FFF900DFFF200004FFF700BFFE10062
:109960000000003300000000000BFFB0000000000A
:109970000CFFC0000000000CFFC0000000000CFF46
:10998000C0000000000CFFC00000008FFFFFFFF8C8
:1099900000002EFFFFFFE2000002EFFFFE200000AC
:1099A000002DFFE20000799982DE289997FFFFFBE6
:1099B00022BFFFFFFFFFFFFFFFFFFFFFFFFFFFFAD9
:1099C000B3CFACCCCCCCCCCCCA0006BBBBBBBA3082
:1099D00000004FFFFFFFFFE10000EF30000006FB3B
:1099E0000009F800000000CF504FD0000000002F09
:1099F000E1DF84420000344BF9FFFFFD0001FFFF6F
:109A0000FBFFFFFF988BFFFFFCFFFFFFFFFFFFFF48
:109A1000FCFFFFFFFFFFFFFFFB9FFFFFFFFFFFFFBD
:109A2000F60000000000003300018DFFC600EF00CB
:109A30004EFFFFFFE4DF04FFB3004CFFFF0EF90011
:109A400000008FFF6FC00001FFFFFF8E500001DE9E
:109A5000EEED0000000000000022222200000021A4
:109A6000FFFFFF100008F8FFFBBC10001EF4FFFC16
:109A7000100001DFC0FEEFE8448EFE10FE1AFFFF6B
:109A8000FFC100FD0028BB9400000000027000022E
:109A9000EF0002EFFDFFFFFFFFFFFFFFFFFFFFFFF4
:109AA000FFFFFFFFFFFF3447FFF00005FF00000549
:109AB000C00000000000027000000002EF00000083
:109AC00002EFF0000DFFFFFF0220FFFFFFF08E1FEF
:109AD000FFFFFF00E7FFFFFFF03F5FFFFFFF089082
:109AE0003447FFF000000005FF0000000005C00043
:109AF00000000000000000000000000770000000EF
:109B000002700005FA0000002EF000814F60000294
:109B1000EFF001DD07F0DFFFFFF0321E80F6FFFF00
:109B2000FFF08E27E0B9FFFFFFF00E73F19BFFFF00
:109B3000FFF03F54F09AFFFFFFF0890AC0D8344786
:109B4000FFF0007F43F300005FF002F60CB000006E
:109B500005C00000BF10000000000009E300000085
:109B600000000002100037888888888873EFFFFFA4
:109B7000FFFFFFFEFE32DFFFFFFFFFF9007FFFFD6B
:109B8000FFFFFD10CFFFA07FFFFFFFFFFA0007FFE1
:109B9000FFF35FA00000CFFF3003000000CFFC0008
:109BA00000000000CFFFCCCCCCCCCCFFAFFFFFFF40
:109BB000FFFFF900002000000001FA00000006FF8E
:109BC0001000000DFF7000006FFFF10001EFFFFAC1
:109BD000000BFFFFFF605FFFFFFFE0CFFFFFFFF61F
:109BE000FEBFFFFFF9FD4FFFFFF9BF49FFFFF53F44
:109BF000E52EFFD006FFFFFD200028BA60000430EC
:109C00000000311FE00006F91FE0007FFA1FE009A5
:109C1000FFFA1FE0AFFFFA1FEBFFFFFA1FFFFFFF86
:109C2000FA1FFFFFFFFA1FE6FFFFFA1FE05FFFFAD0
:109C30001FE004FFFA1FE0003EFA0FD00002D70039
:109C4000000000000200000000000CFB20000000EB
:109C500000FFFF900000000FFFFFE6000000FFFF85
:109C6000FFFC30000FFFFFFFFF9100FFFFFFFFFF32
:109C7000E60FFFFFFFFFFFF2FFFFFFFFFFFD0FFFFC
:109C8000FFFFFFF800FFFFFFFFB2000FFFFFFD40E7
:109C90000000FFFFF70000000FFFA1000000006AB6
:109CA0004000000000001444200144420DFFFF105A
:109CB000DFFFF1FFFFF30FFFFF3FFFFF40FFFFF468
:109CC000FFFFF40FFFFF4FFFFF40FFFFF4FFFFF424
:109CD0000FFFFF4FFFFF40FFFFF4FFFFF40FFFFFF9
:109CE0004FFFFF40FFFFF4FFFFF40FFFFF4FFFFFA9
:109CF00030FFFFF39FFFC009FFFC001444444444BD
:109D0000420DFFFFFFFFFFF1FFFFFFFFFFFF3FFFE0
:109D1000FFFFFFFFF4FFFFFFFFFFFF4FFFFFFFFF0E
:109D2000FFF4FFFFFFFFFFFF4FFFFFFFFFFFF4FF09
:109D3000FFFFFFFFFF4FFFFFFFFFFFF4FFFFFFFFEE
:109D4000FFFF4FFFFFFFFFFFF39FFFFFFFFFFC0041
:109D500002100000420FE20003FB0FFE3004FB0F75
:109D6000FFF404FB0FFFFF54FB0FFFFFFAFB0FFF95
:109D7000FFFFFB0FFFFFFFFB0FFFFFD6FB0FFFFDFA
:109D800014FB0FFFC104FB0FFB0004FB0CA000033E
:109D9000FA000000000000000012000000000003B4
:109DA000FF60000000002EFFF500000001EFFFFF44
:109DB0004000001DFFFFFFF30000CFFFFFFFFE206C
:109DC0000AFFFFFFFFFFE00EFFFFFFFFFFF2039917
:109DD0009999999950058888888888700FFFFFFFA6
:109DE000FFFFF30FFFFFFFFFFFF40BFFFFFFFFFF7E
:109DF000D1000000000000003F9000003FFC000088
:109E00003FFD10003FFD10003FFD10001FFD100042
:109E100000CFF4000000CFF4000000CFF4000000F9
:109E2000CFF4000000CFE0000000A400000000001C
:109E300000CD1000001FFD1000003FFD1000003F8E
:109E4000FD1000003FFD1000003FFD000008FF90E6
:109E50000008FF900008FF900008FF900002FF90AC
:109E60000000078000000000000450000000000215
:109E7000FF60000000003FF70000000003FF7000DB
:109E80000000003FF7000006999AFFC99980FFFF84
:109E9000FFFFFFFF3DFFFFFFFFFFF201113FF71143
:109EA00010000003FF70000000003FF700000000FA
:109EB00003FF70000000000CD3000000699999991D
:109EC00099980FFFFFFFFFFFF3DFFFFFFFFFFF206A
:109ED00000000000000000000156640000000003C4
:109EE000BFFEEFF91000007FFA1003DFE40008FF67
:109EF000A009B41EFF504FFF200BFF26FFE1EFFF2C
:109F000009CFFF63FFFABFFF09FFFF54FFF61EFFF3
:109F100051DFFB09FFB003EFE204305FFC10002CBF
:109F2000FF956AFF9000000049DFFD9200000000ED
:109F300000000000000000CD200000000000000034
:109F40008FF50014664000000004EFACFFEFFF91B6
:109F50000000001CFFA1004DFE300000009FF5AB8B
:109F600031EFF40007B105FFFFE17FFE100FFE3077
:109F70002DFFF54FFF900CFFE000AFF65FFF600292
:109F8000FFF40006FFEFFB00004FFD10003EFFC096
:109F9000000002DFE85401BFE300000005AEFF60EF
:109FA00007FF60000000000000004EF60000000007
:109FB00000000001A10000000000000000000000FF
:109FC000003ED00000000000000CFF8000000000F8
:109FD0000006FFFF200000000000EFFFFB00000074
:109FE00000008FFCCFF4000000002FFB00FFD0002A
:109FF00000000BFFC00FFF70000004FFFD01FFFF1A
:10A00000100000DFFFE02FFFFA00007FFFFF9BFF43
:10A01000FFF3001FFFFFB00EFFFFC00AFFFFFE248B
:10A02000FFFFFF60FFFFFFFFFFFFFFFA06CCCCCC76
:10A03000CCCCCCCB3000000000003600000000008B
:10A04000007F80DDDB00008DEFF8FFFFB007FFFF32
:10A05000FD556FF46FF8AFE2000574FF907E2000AD
:10A06000003FFA0000000002EFB2504A00012EFD4E
:10A070001DF48FB0FFFFD10BFFFFFBFFFE2000CFD1
:10A08000FFFB12210000029FC000000000005B00E7
:10A09000000007A00000000008FFB000000008FF5B
:10A0A000FFB0000008FF95FFB00008FF9005FFB06B
:10A0B00007FF900005FFB09F90000005FD004000E5
:10A0C000000003104C20000000B60BFE200000CF63
:10A0D000F02EFE2000CFF4002EFE20CFF400002E44
:10A0E000FECFF40000002EFFF4000000002EF4006C
:10A0F0000000000013000000000830000000000015
:10A100000000BFF308BBBBBB90000BFFFF39FFFF94
:10A11000FFF1008FCFCFF000000AF100382F9480BC
:10A1200000000AF100002F900000000AF100002F4B
:10A13000900000030AF130002F9000001FCBF8F8C8
:10A14000002FEBBBBB39FFFFE2001FFFFFFFB09FFB
:10A15000FD2000000000000008D1003788870000C3
:10A160000000EFFFFFA0000000FFFFFFFDCCCCB61A
:10A17000FFFFFFFFFFFFFFFFFFFFFFFFFFFFFFFFEF
:10A18000FFFFFFFFFFFFFFFFFFFFFFFFFFFFFFFFDF
:10A19000FFFFFFFFFFFFFFFFFFFFFFFFFFFFFFFFCF
:10A1A000FFAFFFFFFFFFFFF900000000000000000D
:10A1B0000001DD10000000001DFFD100000001DFE4
:10A1C000FFFD1000001DFFFFFFD100009FFFFFFFFC
:10A1D000F90000011CFFC1100000000CFFC00000CE
:10A1E00000000CFFC0000000000CFFC000007999C7
:10A1F0003BFFB39997FFFFB2442BFFFFFFFFFEDD4C
:10A20000EFFFFFFFFFFFFFFAB3CFACCCCCCCCCCC41
:10A21000CA00000000000200000000000004FFC7A8
:10A220000000000000AFFFF0000000001FFFFD0075
:10A2300000000006FFFFC00000000008FFF700005C
:10A240000000000CFF300000000004FFC000000010
:10A250000001EFF300004A3002DFF80005DFFE15D1
:10A26000EFFB0000EFFFFFFFFA00000BFFFFFFF71F
:10A270000000007FFFFFA200000002BA850000007E
:10A28000000004860000001006FFFA0002DFD1EF94
:10A290003CF101DFFA0EE0AF21DFFA009FEFF6DFBD
:10A2A000FA00008DFFFFFB00000006FFFD0000002C
:10A2B00048EFFFF600006FFFFBFFF6000EF3CF2321
:10A2C000FFF600EE0AF204FFF609FEFC0004FFF1BF
:10A2D00008DA100002620000000000000000006FB9
:10A2E000FFF987000008FFFF98F708A68FFFF959CC
:10A2F00090FFA8FFFFFCCC0FFA8FFFFFFFF1FFA834
:10A30000FFFFFFFF1FFA8FFFFFFFF1FFA8FFFFFF17
:10A31000FF1FFA8FFFFFFFF1FFA8FFFFFFFF1FFAEC
:10A320007FFFFFFFF0FFE3122222210FFFFFFFF963
:10A330000000ACCCCCCB5000004999999995000E07
:10A34000FFFFFFFFF600FD2222224FF60FC00000A4
:10A3500001FFF3FC0000001FFF6FC0000002FFF6CA
:10A36000FFFFFFFFFFFF6FFFFFDCFFFFF6FFFFB008
:10A3700005FFFF6FFFF6000FFFF6FFFFC006FFFFB0
:10A380006FFFFFEDFFFFF69FFFFFFFFFFD10CDDD2D
:10A39000DDDDDDDD2FFFFFFFFFFFF3122222222292
:10A3A00022000000000000000000000000000FFF7D
:10A3B000FFFFFFFFF3DEEEEEEEEEEE20000000000A
:10A3C00000000000000000000DEEEEEEEEEEE2FFF9
:10A3D000FFFFFFFFFF300000000000003788888883
:10A3E000888873EFFFFFFFFFFFFEEFFFFFFFFFFF18
:10A3F000FE1CFFFFFFFFFFC1D28FFFFFFFF82DFF05
:10A4000064EFFFFE45FFFFFA2BFFB2AFFFFFFFD364
:10A41000553DFFFFFFFFFFBBFFFFFFFFFFFFFFFFFC
:10A42000FFFFAFFFFFFFFFFFF9000000000001FF8B
:10A43000FFF00004FFFFD00006FFFF800008FFFFD1
:10A4400030000AFFFFAAA60CFFFFFFF80EFFFFFF78
:10A45000E10BDDDFFF6000004FFD0000007FF30037
:10A460000000BFA0000000FF10000003F800000083
:10A4700003C000000000200000000455EFB55200AA
:10A4800000FFFD1FFFB0000FFFFFFFFC0000FFFFFC
:10A49000533320000FFF97FFFB5700FFF8AFFFC6B5
:10A4A000F80FFF8AFFFC4AA1FFF8AFFFE3220FFF7E
:10A4B0008AFFFFFFF4FFF8AFFFFFFF4FFF8AFFFFA8
:10A4C000FFF43552AFFFFFFF40000AFFFFFFF4002B
:10A4D000007FFFFFFE20000001100000000000AF21
:10A4E00000000000018FFA30000002EFFFFF500073
:10A4F00000BFFFFFFF10001FFFFFFFF50003FFFF7E
:10A50000FFFF70005FFFFFFFF90008FFFFFFFFC0C4
:10A5100000DFFFFFFFFF209FFFFFFFFFFD0EFFFF9C
:10A52000FFFFFFF2022222222221000008FFC000CA
:10A5300000000009A20000005BBBBBBBBBBBBBA310
:10A54000FFFFFFFFFFFFFFFBFC0C30E11D0D11FCC7
:10A55000FC0B30E01D0D10FCFFFEFFEFFEFEEFFCDC
:10A56000FFF15A0870A05FFCFFF37B2992C27FFCC9
:10A57000FFBFCBBBBBBFCBFCFC0B2000000D00FC26
:10A58000FFCFCCCCCCCFCCFB9FFFFFFFFFFFFFF674
:10A590000000000000000200000000000005DFB025
:10A5A0000000000007EFFFD000000018FFFFFF7061
:10A5B000000029FFFFFFFF00003BFFFFFFFFF80047
:10A5C0000AFFFFFFFFFFF1000FFFFFFFFFFFA000EB
:10A5D000049AAAAFFFFF20000000000EFFFB00005E
:10A5E0000000000EFFF400000000000EFFC000009D
:10A5F0000000000EFF5000000000000DFD000000F4
:10A6000000000004B300000035555502000FFFFFA5
:10A61000F2F400FFFFFF2FF40FFFFFF2FFF3FFFF45
:10A62000FF32221FFFFFFFFFF7FFFFFFFFFF8FFF3C
:10A63000FFFFFFF8FFFFFFFFFF8FFFFFFFFFF8FFA8
:10A64000FFFFFFFF8FFFFFFFFFF8FFFFFFFFFF8F01
:10A65000FFFFFFFFF88AAAAAAAAA3000000024552B
:10A66000310000000003AFFFFFFFC7000002BFFF83
:10A67000FEDEFFFFF6005FFFB51000038EFFB0DFC8
:10A68000D300000000008FF5180005AEFEC81004CE
:10A69000600002DFFFFFFFF80000000CFF95347D33
:10A6A000FF40000002A2000000770000000000024E
:10A6B00096000000000000000DFF500000000000A8
:10A6C000000EFF6000000000000005DA000000003E
:10A6D0005BBBBBBBBBBBBBBA20FFFFFFFFFFFFFFEA
:10A6E000FF90FC1222222222220FF7FC5FFFFFFFC5
:10A6F000FFFF2CFAFC5FFFFFFFFFFF21FAFC5FFF6B
:10A70000FFFFFFFF27FAFC2666666666661FFAFEF5
:10A71000BBBBBBBBBBBBBFB1AFFFFFFFFFFFFFFFBF
:10A72000500000000000000000005BBBBBBBBBBBD7
:10A73000BBBA20FFFFFFFFFFFFFFFF90FC122222AA
:10A740002221000FF7FC5FFFFFFFF8000CFAFC5F0F
:10A75000FFFFFFF80001FAFC5FFFFFFFF80007FAB8
:10A76000FC2666666663000FFAFEBBBBBBBBBBBBC9
:10A77000BFB1AFFFFFFFFFFFFFFF50000000000071
:10A78000000000005BBBBBBBBBBBBBBA20FFFFFF35
:10A79000FFFFFFFFFF90FC1222221000000FF7FCCA
:10A7A0005FFFFFD000000CFAFC5FFFFFD00000014C
:10A7B000FAFC5FFFFFD0000007FAFC266666500037
:10A7C000000FFAFEBBBBBBBBBBBBBFB1AFFFFFFF04
:10A7D000FFFFFFFF500000000000000000005BBB17
:10A7E000BBBBBBBBBBBA20FFFFFFFFFFFFFFFF9060
:10A7F000FC1222000000000FF7FC5FFF3000000099
:10A800000CFAFC5FFF3000000001FAFC5FFF300033
:10A81000000007FAFC2666100000000FFAFEBBBB22
:10A82000BBBBBBBBBFB1AFFFFFFFFFFFFFFF5000D4
:10A8300000000000000000005BBBBBBBBBBBBBBAA1
:10A8400020FFFFFFFFFFFFFFFF90FC000000000064
:10A85000000FF7FC0000000000000CFAFC000000F4
:10A8600000000001FAFC00000000000007FAFC00F4
:10A8700000000000000FFAFEBBBBBBBBBBBBBFB1FF
:10A88000AFFFFFFFFFFFFFFF5000000000000000D0
:10A8900000000000000007B20000000000000ADF16
:10A8A000FA000000000000A93DF50000000440028D
:10A8B000E00010000000AFF80B600000006C30FFFB
:10A8C000FFFFFFFFFFFFFFF4AFF9000C5000006D2A
:10A8D0004005500004C00000100000000000C43E0D
:10A8E000E80000000000002EEFFA00000000000069
:10A8F000004FFA000000000000000000000000000F
:10A90000011000000007EFFFB30000AFFD8FFF2034
:10A9100004FFFD09FFB00AFEFD12AFF00EF55D2C3D
:10A920000EF30FFF33129FF50FFFF307FFF60FFF34
:10A93000E206FFF60FFE24137FF50DF57D2C0DF3D7
:10A940000AFFFD11BFF003FFFE0BFFA0007FFEBF5B
:10A95000FE100003ACDC81000000344300000566FB
:10A960007FFFF96650FFFFFFFFFFFF3566666666F3
:10A9700066501CCCCCCCCCC402FFFFFFFFFF602F85
:10A98000F3FB7F6DF602FF2FB7F5DF602FF2FB7F41
:10A990005DF602FF2FB7F5DF602FF2FB7F5DF60259
:10A9A000FF2FB7F5DF602FF3FB7F6DF601FFFFFF91
:10A9B000FFFF5007BCCCCCCC900000000000000191
:10A9C00020000000000004FF500000000002FFFF14
:10A9D000500000000439FFFE00000004FF39FFA012
:10A9E000000004FFFF39B0000004FFFFFF2000005B
:10A9F00004FFFFFFB0000004FFFFFFB0000004FFF2
:10AA0000FFFFB0000004FFFFFFB0000000BFFFFF2A
:10AA1000B00000000DFFFFB000000000FFFFB0001D
:10AA200000000009A86000000000000000178888EE
:10AA3000888887400002EFFFFFFFFFFFF4003EFF22
:10AA4000FFCFFFCFFFF703EFFFF908F809FFF83E4C
:10AA5000FFFFFE20402EFFF8DFFFFFFFE101EFFFC9
:10AA6000F89FFFFFFF80008FFFF809FFFFF902C288
:10AA700009FFF8009FFFFE4EFE4EFFF80009FFFFA2
:10AA8000FFFFFFFFF700008FFFFFFFFFFFC1000088
:10AA90000000000003EFFFFFE203FBFBCEBFA4FFBB
:10AAA0001D03A1FAFFF1D03A1FAFFFFFFFFFFAFF2E
:10AAB000FFFFFFFFAFFFFFFFFFFAFFFFFFFFFFAF4B
:10AAC000FFFFFFFFFAFFFFFFFFFFAFFFFFFFFFFAF0
:10AAD000FFFFFFFFFFADFFFFFFFFF829AAAAAAA80B
:10AAE000000000000000000300000000000004F16E
:10AAF000000820000001FF100BF70000002FF10CF0
:10AB0000FF94444445FF1BFFFFFFFFFFFFF18FFF52
:10AB1000FFFFFFFFFD007FF70000000000006F60F7
:10AB200000000000000030000000000000000000F5
:10AB3000000000000000C003000000000000C0038F
:10AB4000030A00000F008005050500051C00D00960
:10AB50000A0A00004E00B008090F00FE9200D00B58
:10AB60000C0A0000CE00A0090A0B00FF0501F0024C
:10AB7000030500050D01B004040E01FD2901C00408
:10AB8000040E00FD4501A00506060005570120083A
:10AB90000807000273013003030500FE7B01600516
:10ABA0000503000383013003030300008801F00460
:10ABB000070EFFFFB9015009090A0000E601300540
:10ABC000040A0000FA011008080A00002202000826
:10ABD000080A00004A0260090A0A00007C02100804
:10ABE000080A0000A402A008090A0000D1026008B7
:10ABF000080A0000F9020009090A00002603A0085B
:10AC0000080A00004E033003030800005A03300313
:10AC1000030B00FD6B032008080800018B032008CC
:10AC200008060002A303200808080001C303000867
:10AC3000080A0000EB03800E0E0D00FD4604400ADA
:10AC40000C0AFF008204A00A090A0100AF04200ACE
:10AC50000A0A0000E104900B0A0A010013056009CA
:10AC6000080A01003B05E008080A01006305D00A54
:10AC70000A0A00009505600B090A0100C20550048C
:10AC8000020A0100CC053007070AFF00EF05100A91
:10AC90000A0A010021065008080A01004906600D51
:10ACA0000B0A01008006600B090A0100AD06C00B0B
:10ACB0000C0A0000E906200A090A01001607C00B69
:10ACC0000C0D00FD6407300A090A01009107B00865
:10ACD000090A0000BE073008090A0000EB07100B44
:10ACE000090A01001808F0090B0AFF004F08C00FFD
:10ACF000100A00009F0870090A0A0000D108100914
:10AD00000B0AFF0008093009090A00003509B004E0
:10AD1000040E01FD5109F004070EFFFF8209B00483
:10AD2000040E00FD9E09300807060102B309000762
:10AD3000070100FFB709600805020109BC096008A6
:10AD400008080000DC099009080B0100080A000847
:10AD500008080000280A9009090B00005A0A900808
:10AD6000080800007A0AF004060B00009B0AB009EC
:10AD7000090B00FDCD0A9009080B0100F90AE00358
:10AD8000020B0100040B0004050EFEFD270BA008BA
:10AD9000080B0100530BE003020B01005E0BD00E09
:10ADA0000D080100920B900908080100B20BE008A1
:10ADB00009080000D60B9009080B01FD020C900950
:10ADC000090B00FD340CC00505080100480C000704
:10ADD00007080000640CD005060A0000820C8009F8
:10ADE00008080100A20CD0070908FF00C60C900C4F
:10ADF0000D080000FA0CC007080800001A0DD00763
:10AE0000090BFFFD4C0D500707080000680DF0040A
:10AE1000050E00FD8B0D3004020E01FD990DF004AE
:10AE2000050E00FDBC0D200808030003C80DE00559
:10AE300006050006D70D600404030003DD0D000EB7
:10AE40000F0FFFFE4E0E000E0E0B00009B0E000EAD
:10AE50000E0D00FFF60E000E0E0B0000430FA009B2
:10AE60000A0B00007A0F000E0E0F00FEE30F000E1B
:10AE70000E0F00FE4C10C00F100D00FFB410000E9E
:10AE80000E0F00FE1D11C00F100B00007511000EFB
:10AE90000E0F00FEDE110007070C00FF0812800AEB
:10AEA0000B0C00FF4A12C00F100E00FEBA12000E6B
:10AEB0000E0B00000713A0090A0F00FE5213400CEE
:10AEC0000A0E01FE9813400C0D0F00FEFA13400C01
:10AED0000D0D00FF4F14400C0D0D00FFA414400C8D
:10AEE0000A0E01FEEA14400C0E0DFFFF4515C008C6
:10AEF000090D00FF8015C008090D00FFBB15400CAF
:10AF00000D0D00FF1016400C0D0400032A16C00F93
:10AF1000100B000082168011120F00FE0917C00FDF
:10AF2000110FFFFE8917000E0E0D00FFE417400CF5
:10AF30000D0800011818400C0D0800014C18801174
:10AF4000120B0000AF18000E0E0B0000FC18000ED4
:10AF50000E0F00FE6519000E0F0FFFFED619400CF4
:10AF60000D0D00FF2B1A400C0D0F00FE8D1A400C2A
:10AF70000D0D00FFE21A400C0D0C00FF301B000EFF
:10AF80000E0B00007D1BC0080A0FFFFEC81B400C03
:10AF90000D0F00FE2A1C400C0D0F00FE8C1CC00F74
:10AFA000100B0000E41C000E100FFFFE5C1D800A59
:10AFB0000B0F00FEAF1D8011120D00FF241E80112B
:10AFC000120A00007E1E8011120A0000D81E801195
:10AFD000120A0000321F8011120A00008C1F80111B
:10AFE000120A0000E61F8011120C00FF5220400CD4
:10AFF0000C0F00FEAC20400C0D0F00FE0E21000EC9
:10B000000F0FFFFE7F218011120B0000E221800A4A
:10B010000B0F00FE3522100E0F0A00000000721FF9
:10B0200051EF58EF5BEF5CEF5DEF61EF63EF65EFC2
:10B0300069EF6CEF71EF76EF77EF78EF8EEF93EFCC
:10B0400098EF9BEF9CEF9DEFA1EFA2EFA3EFA4EF92
:10B05000B7EFB8EFBEEFC0EFC1EFC4EFC7EFC8EF77
:10B06000C9EFCBEFE3EFE5EF14F015F017F019F0AF
:10B0700030F037F03AF043F06CF074F0ABF03BF1A5
:10B0800090F191F192F193F194F1D7F1E3F13DF266
:10B0900054F2AAF412F7F2F7200000005F0001005A
:10B0A000000000000000000000000200B0000000EE
:10B0B000F3F760001CB00408000000003E0003002D
:10B0C000000001020003040502060708090A090A34
:10B0D0000B0C000D0E0F101112130C1414000000B5
:10B0E0001516171819161A1B1C1D1D1E1F201D1DB5
:10B0F0001621222303241E2525262728292A2B0052
:10B100002C002D2E2F303132332D343435302D2D6F
:10B110002E2E36373839333A3A3B3A3C290000096B
:10B120003D090000000000000000000000000000D9
:10B13000000000000000000000000000000000000F
:10B1400000000000000000000000000000000000FF
:10B1500000000000000000000000000000000000EF
:10B1600001020003040502060708090A090A0B0C7C
:10B170000D0E0F10110C12131415150000001617E8
:10B180001819171919191719191A19191919171935
:10B190001719031B1C1D1D1E1F2021222300240024
:10B1A0002526272727002726282926262A2A272A50
:10B1B000272A2B2C2D2E2E2F2E300000230931096B
:10B1C000000000000000000000000000000000007F
:10B1D000000000000000000000000000000000006F
:10B1E000000000000000000000000000000000005F
:10B1F000000000000000000000000000000100004E
:10B200000000000000010000020000000002000039
:10B21000000000000000000000000000000001002D
:10B2200000000000000000000000000000010A0013
:10B2300006FB00000000F4F3020B0504F7020B010B
:10B2400009020700000000000000000000000D02DD
:10B25000FE0000000000000000000000000400F9F3
:10B260000000000000FC04040000FE00FE0200FEDE
:10B2700000FEFFFC00000000FE0000FDFD0000FEDF
:10B2800000FC000000000000000000FEFE00FD00C9
:10B29000FA00E50000FC0004070000FC02020704BD
:10B2A000FC040000F30000000000000000000000AB
:10B2B000F80000000000000000000000000000FA9C
:10B2C000FDF500F7FE00000000000900F9FEFF0197
:10B2D00000FC0000FEEF0000000000000000000085
:10B2E00000EEFE0900000000000000000000000069
:10B2F000F70000000000000000000007000200004E
:10B30000FC00000000000000000000000000000041
:10B310000000090201000000000000000000000021
:10B32000000000000000000000000000000000001D
:10B33000000000000000000000000000F800000015
:10B3400000000000000000000000000000000000FD
:10B3500000000002040207FE000004FEF9E10206FC
:10B360000400FD00080007000700EB00FD070007D0
:10B37000FE0402000001FE0000FC120012000700A3
:10B3800009030407000000F80000000001FE0002AD
:10B39000FCFDFC0200FE000000F7000000000000C1
:10B3A0000000000000F100000000000000000000AC
:10B3B000000000000001F400F200000000FE001692
:10B3C000FDFD0202FE00FD020000F400000000008E
:10B3D000000000000000EA00020000000000000081
:10B3E0000000000000F2000D0000F8000700F1EA84
:10B3F000F1FC070000F10003FB00FD00000000006D
:10B40000000000000000000607E50000000000004A
:10B410000000000000000B0002000000000002021B
:10B42000FDFC00FFFFFE0000FE000000FC00FE002F
:10B43000FBFC00FAF9F9FC00FC00FC00000000FE37
:10B440000000020002FE000100000002FE000000F9
:10B45000FE0202FF000000FC00FF000000000001EF
:10B460000003FE00FD00FC0000FE00070000FE00DF
:10B4700000000000FF01FEFE0000FE00FE000000D4
:10B48000000000000000FFFF00FEFD0000000000C3
:10B49000010000FE00FEFEFE0000000000000000B3
:10B4A00000FF00000000FEFD00FD00F9FEF90400B1
:10B4B00000FC02040600FAFFFD00FFF502FE02F4A4
:10B4C00002000001F400F4FEEDFE00F500040600A9
:10B4D00003000000000000FCFD00F9000000FE0079
:10B4E0000000FE0000000000FFFF00FFFD00000064
:10B4F00000000000FEFE00FEFDFE0000FE00000059
:10B500000000000000000000FEFE00FD00FE00FC48
:10B51000020000FD010202000000000000FE000029
:10B52000000000020000FE00FEFEFD000000000022
:10B5300000000200FE00000000FEFD00FC0007FE0F
:10B5400001F9000006F5F4F7FC0200FEF1FC00FC36
:10B5500000FC03FCF200FA000001FF02FE00020002
:10B56000F9F700F5FBFBFBF9FDFA00FCFA0100011D
:10B5700000FE0000000200020000000000000000C9
:10B58000000000FE00FF00FFFE00FCFBFBFF00F9D7
:10B59000000000000000FE0000000001FF000000AD
:10B5A0000200000000000000000B0000000000008E
:10B5B00002000000FE00000000000000000000008B
:10B5C000FC0002000000000000000000000000007D
:10B5D000FE000000FC00000000F5F9000000FDF591
:10B5E0000000FE0200FA0000000000000000000061
:10B5F000FC0000FC00000000000000000000000053
:10B600000200FC00000000030002FCFC00FEFEFD46
:10B61000000000000000F900FE00FDFE00FBFAF94A
:10B62000FE00FC00F900000000120000010000FD17
:10B63000000200F60000000000EBFC0707FEF70028
:10B6400002FD00F5FFFD02F0FE030003F8FDF8F92E
:10B65000F70000F3000D0000FF000000FFFFFEFAFE
:10B66000F900EB00000000000000000001000000F5
:10B6700000000000000000000000000000FE00FFCD
:10B68000FEFD0000FC00FE000000000000000000C5
:10B69000000000000000FF00FC000004FF0300FBAE
:10B6A00002FEFFFAFE00FDFEFE00FDFC0000FEFFB4
:10B6B000FEFCFD0000FE0002FE00FB000000FC009E
:10B6C000FC00FCFC020000000000000000FC020086
:10B6D000FD00FEFDF9FEFEFEFFFEFDFF0000000086
:10B6E00000FEFEFE0000000003FE00FE000000FE63
:10B6F000FDFEFEFDFE000209FF00FA00FE0400FE52
:10B70000F7FD030000F5FC02FC0200FEFEF900FD5F
:10B71000010000FC0000000202FCFC00FCFEFDFE3B
:10B72000FE00FC01FCFC070000000000000000001F
:10B730000200000000000000000000000000000007
:10B740000000000000000000FC00000000000000FD
:10B7500000000000000000000000000000000000E9
:10B7600000000000000000000000000000000000D9
:10B7700000000000FE0000000000000000000000CB
:10B7800000000000000000000000000000000000B9
:10B790000000FEFE000000000000000000000000AD
:10B7A000FD0000FD0000FEFE00000000FE000000A5
:10B7B00000FF0000000000FE00000000FD00FC0093
:10B7C0000000F90002FB0400FEF50000FBFE00F79C
:10B7D000FAFA0000F6FEF7F7F500FA00020FFD0096
:10B7E000FBFEFFFEFCFAFCF8F7FBFE0000FE00018A
:10B7F0000000F0FE0705FBF80001F900F5FEFE046D
:10B80000EBFD010000F1FDF4FEF00000F0000D0181
:10B8100000FE00000000FFFEF7FE00F10000000047
:10B82000F900FE00FFFAF50000FFFDF9FE00FE0042
:10B83000000000F6FEF9F9FEFCFAFEFC00FCFEF941
:10B84000FD00FDFCFEFC000100FEF9000400FC0010
:10B85000000000030002FC0900FEFEFD00000000E5
:10B860000000F900FE00FDFE00FBFAF9FE00FC02FC
:10B870000900000000120000010000FD00020000AD
:10B88000000000000000000000000000FEFC0000BE
:10B89000000000FF000000FEFE0000FCFE0000FCB7
:10B8A0000004FF000000000000010000000003048D
:10B8B00002FE00F9FC0007F9F9FCFC090402EDFEA8
:10B8C00004FE00FE02FEF800FE02FDFEF9FE00008E
:10B8D000070400FA00F4FD06FDF701FDF9F9FE0981
:10B8E0000200FD00FA000207FBF8F7FA070001F07A
:10B8F000FE02FCFEFB00FBF8FDFDFE0000FBFBFE74
:10B90000000705FEF400F4FD00F8F3FFF9FCF9FA76
:10B91000060000FD00FCFE00FEFC0004F902000031
:10B92000F400FEFBFCFEF9FAF9FB00F9FEFBFCF962
:10B93000FE0000010BFC00F9FE00FEFCFBFAFAF72A
:10B94000FDFC0400FD00F5FD0104F9F8FCF907FE1B
:10B9500001EBFC04FBFCF800F9F7FDFEFEFEFBF931
:10B96000FF00000706FEF100F3FB05F7F1FCF8F716
:10B97000F5F90400000000FD000002FD0402FC04D3
:10B980000000F9FF00FF000101FE000000000000C0
:10B99000FE0000000002070000FD00000000FEFEA7
:10B9A000FD0000000102000000000200FE0009008E
:10B9B000040101FD0004000000020000000000007E
:10B9C000000000000007000600000000000000006A
:10B9D000000000000000F300FE0400070000160352
:10B9E000FCFC0202FE01F500000BF3000000000069
:10B9F000000000000000F1091F000000000000002E
:10BA00000000000000F30000000000000000000043
:10BA10000000000000000000000000000000000026
:10BA2000FC0000FCFE000000000000000000000020
:10BA30000000000000000000FE00FA00000100000D
:10BA4000021DFCFE0706FA0200000202FD000000D3
:10BA50000000000000000000E306000000000000FD
:10BA60000000000000000000000000FA000000FAE2
:10BA700000000000FBFF000000FB00FD00F50000DF
:10BA8000000000000000000000F1000000000100C4
:10BA90000000000000FE0000FC00FD00FA000000B5
:10BAA000FC02FD0000FAFEFB0000FA00FE00F500BB
:10BAB000FE0000EEFCF7FEF80000F100FAFF0000C7
:10BAC000000000000000FDFCFEFC00000000FB0088
:10BAD000FB03FE0400FEFBFEFCFC00FDFFFE02FA81
:10BAE000FF000000ECFEFD00FB00FEF5FE0000FE86
:10BAF000FE000000000200FEFCFE0400000000004A
:10BB00000000000000000000000000000000000035
:10BB10000000000000000000000000000000000025
:10BB200000000000000003000000000000FB00FE19
:10BB3000000000FC02000000FAFEFC0000FA00FE1B
:10BB400000F500000000EA00FCF8F50000F100FE3E
:10BB5000FD0000000000000000FEFDFFFD010000F0
:10BB600004FD00070BFEFEF9030B0405FA030903AD
:10BB700006050600000000000000000000000E0B9B
:10BB8000FCFE00FE120A1200000002000008000085
:10BB9000FC000000000000000000FE0000000000AB
:10BBA0000000000300000000EDFDFEF7F50000F1CD
:10BBB0000000000000000000000000000000000085
:10BBC00000FC000000000000000000FE000000007B
:10BBD000000000000300000000EDFDFEF7F500008E
:10BBE000F70000000000000000000000000000005E
:10BBF00000000000FE000000FB0200FE020402F94B
:10BC00000000FE02000200000000FA00FEFEFC0040
:10BC1000FEF7000EFE00FBFE00FEFC00FEFAFCFD3F
:10BC2000000000FC000000000000000000FE00001A
:10BC30000000000000000300000000EDFDFEF7F52D
:10BC40000000F10000000000000B000000000000F8
:10BC500000000000FC00F9FDFE07FEFEF701FF01F9
:10BC6000FEFA000500020102FBF7FD00F7FCFAF7FF
:10BC7000F700FCFCFDFDFEFEFDFE00FEFF030003E1
:10BC8000FE0007000000000000000000000000FEB1
:10BC9000FEFE0000FA00FF00FC00000000000000B3
:10BCA00000000000F30000000000000000000000A1
:10BCB000FEFE00FD00000000FE0000FCFE0200FC95
:10BCC000FCFE00FAFEFBFEFD00FC00000000000090
:10BCD0000000000000F100070000FC00000000FD73
:10BCE00000FE0000FF0000FE00FB000009FDF9F966
:10BCF00002020200FA020302070207FEFA0000F73E
:10BD00000000F9FA0000FC00FDFC00FD00FD00FE53
:10BD10000300FEF9FE080000FE00FC000003FB002B
:10BD200002FE020000F900FEFF00FE02FE0000001D
:10BD3000F7FDFB00F90000F50008FE00FC00010023
:10BD4000FE00FEF900FE0200000000FE000002FD01
:10BD5000010000FDFE00FD000000000000000000EA
:10BD60000000000000000000F200050000FE0000DE
:10BD700000000000FEFE00000004000500000000BE
:10BD800000F2F3010A0704F70209000800040000AA
:10BD90000000000000000000000C00000000000097
:10BDA000000000000000000000000000FCB10408DA
:10BDB000C0B004085EB104083D310000AC8804083E
:10BDC0002CAB040898B00408ACBD0408100002288D
:10BDD00010020024895E0208C95D020810000300F9
:10BDE00000FF0100BCBD04080000000000000000CE
:10BDF00006F2ECE83699D661963ABE245E05FA055D
:10BE0000B1046A4D098EE7CE47FF00FEC0FCA4FADC
:10BE1000A97AF163F39C8AEA8EE3D3EC7AFE5DFFA4
:10BE20000FEA12F376F4DAFD3DFF37AA59BB9BCC3B
:10BE3000FCE53EF7B87AB993FBB43DD63EEF585BCC
:10BE4000397C5B9D5DC65EEF3E45BE655F96FFBE7D
:10BE50009FE7BE2D1E4EBF863FB7BFE73B269C4ED9
:10BE6000FD865EB7BFE73325B54D5886FBB69EE726
:10BE7000CD653086B4A639CFBDEF6C9EB0AE14C789
:10BE800079DFDDF70AD72EDF73E7B8F7DCFF6BFF4A
:10BE90008EFFB3FFD8FFFCFF45FEA9FE10FF76FF23
:10BEA000DCFF24FDA9FD70FE16FF9CFF88FB4CFC07
:10BEB00052FD77FE5CFF6C8B4FA454BD79D65DEFCD
:10BEC000937C3595F8B5DBCE7EEFF7BD1CE77DEFB3
:10BED000BEF7DFFFC6E165D145C1E3B0CCD8CBC02A
:10BEE000AAA869883589F478D368B148B6597551DC
:10BEF0003441D230553AF331B2290F195C1CBA1BC8
:10BF00003813340ADC045A04B703B3027805B404C6
:10BF100011040C034F04CD034B0368020845673C32
:10BF2000E62BE41A887DE76C4554433346C6A5AD3D
:10BF3000E49CA283C6FE05FE44FDE2F380FD00FD05
:10BF400060FC60FB60FCE0F360EB80E283F243E2C4
:10BF500002DAA1B9686A065AA54924396F53CC425E
:10BF600029328721AE730C630842042100003C0291
:10BF70007804B306EE08280B610D990FD011061452
:10BF80003A166C189D1ACB1CF71E212148236C25EC
:10BF90008E27AC29C72BDF2DF32F03321034183630
:10BFA0001C381C3A173C0E3EFF3FEC41D443B645CB
:10BFB00093476A493C4B084DCD4E8D504652F9533C
:10BFC000A5554B57EA58825A135C9C5D1F5F9A60D7
:10BFD0000D627963DD6439668D67D9681D6A596BB6
:10BFE0008C6CB76DD96EF36F04710C720B730174A6
:10BFF000EE74D275AD767F7747780679BB79677A2C
:10C000000A7BA27B327CB77C337DA57D0D7E6C7E66
:10C01000C07E0B7F4B7F827FAF7FD27FEB7FFA7F2B
:10C02000FF7F000084800408C5E6010800000000CE
:10C030000000000015E901080000000001040000F4
:10C040008480040801F5010855F50108000000008E
:10C0500075F5010804010D00000600008480040845
:10C0600097F8010800000000000000000000000038
:10C07000D127D12744020000848004083DF901083B
:10C080008DF9010800000000A9F9010804018200EF
:10C090008503000084800408A10B0208D90B020864
:10C0A000000000005D0E0208D127D127C402000065
:10C0B0008480040819540208CD54020800000000CE
:10C0C000F95402088200D127050400008480040886
:10C0D000BD5B0208EF5B0208000000002D5702085C
:10C0E000000000008002000084800408956D0208B2
:10C0F000197802080000000055780208D127D127DE
:10C10000C00300008480040889850208258602088F
:10C110000000000075860208D127D127C004000066
:10C1200084800408599A0208000000000000000002
:10C13000759A0208D127D127C00200008480040824
:10C14000D107030800000000000000005D0803089C
:10C15000D1278200C502000004C1040800000000CD
:10C160000000000000000000390A03080000000081
:10C17000C004000040C00408FD0E030800000000D9
:10C18000000000006D0F030800000000850700009C
:10C1900084800408532603087D260308000000005D
:10C1A0009126030834001E008402000084800408E5
:10C1B000592803089D28030800000000F5280308FB
:10C1C000D127D12785030000848004080D3103089E
:10C1D000DB3303080000000001340308040182007F
:10C1E0000406000000000000000000000000000045
:10C1F000000000000000000000000000000000003F
:10C20000BFADFC8F85F41F10E00B0040140DFA9FAA
:10C21000700D90CA0EB0EC0B80B909508603102146
:10C220000002B000C000006700490000094007504C
:10C230000099F999EA92000D000D0000049003A006
:10C240000049CB99CC97000B200A300000D000D0D9
:10C2500000002B000D0000058003A000000003205B
:10C26000000007400005ABAC602F1748F37E07477E
:10C27000F36F6740000CFE7000009FFD300007AFB9
:10C28000F2000745F79F2740F59F2744E109CBAA15
:10C290003000074000000320000000000000000004
:10C2A00002B697000049000BA02F4001C0000F907C
:10C2B0001F800B20000F901F6085000009C04E15E5
:10C2C0009000000076612B2B8C40000000B2C90565
:10C2D000F100000941F703F500005802F703F500EB
:10C2E00002B000E805F1000C10003B5A5000640059
:10C2F00000000000003B87B5000000EB005F10006D
:10C3000003FB003F300000EF10AA0000005FB740C1
:10C310004554006BFE201BC20AC07FE209203F800B
:10C3200008FE3A006F90009FF3002FF2004EFE20AF
:10C3300004CECB81CFFA7E19F16E03B00300000763
:10C3400000096005D000E8004F4009F100BF000C73
:10C35000F000BF1009F2004F5000E90005F100099C
:10C3600080000810630000D30006D0000F7000CDDD
:10C370000009F2007F4007F5007F4008F200CD0081
:10C380000F8006D001D3006300000008E000000A1F
:10C39000F0000D66C2D41DF8ADE6004DE6002DFAA2
:10C3A000AFD41D77B3F5000AF0100009D0000000EB
:10C3B00010000002E0000002E0000002E0003DDEAC
:10C3C000FDDC0002E0000002E0000001C000AF7EE2
:10C3D000FD19A4C13000011111114FFFFFFF1444DA
:10C3E00044439F7DFB382000000085000000D00002
:10C3F00000049000000B3000001C000000760000DC
:10C4000000D00000049000000A3000001D00000071
:10C4100077000000D1000004A000000A40000007DF
:10C42000000000009A9A1009F10EC01FC00BF34FD4
:10C43000A009F76F9008F97F9008F97F9008F85FDE
:10C440009008F61FA009F20AD00BA0009008000087
:10C45000024000036A003CFF1001FF1000FF1000C3
:10C46000FF1000FF1000FF1000FF1000FF1000FF82
:10C470001002FF306DFFE604B9AC502FA00CF35F43
:10C48000C009F706200BF500003FD00004FC1000A7
:10C490005D500003B000040B0000674ECCCCF57F6C
:10C4A000FFFFF306C8AC403F900EF15FA00CF50112
:10C4B000000EF20003BD40003BC60000002FD1007B
:10C4C0000009F67F8008F76F800BF308C78C4000E7
:10C4D000006F900001EF90000AAF9000578F90011D
:10C4E000B08F9009208F9048008F909AAADFD700D4
:10C4F000008F9000008F900004EFE50BFFFFF00C21
:10C50000EEEED00C0000000C0000000B6ACA202EDA
:10C51000303FE002000BF5000009F76FA00AF56F4D
:10C52000A00ED008D9BA20006C9CA005F30BF30D27
:10C53000D000101FB9D9104FF31ED05FC00AF55FAD
:10C54000A007F83FA007F90FC009F609F10DE000B8
:10C550009BAC303FFFFFF84FCCCCE467000290501B
:10C56000000C1000006A000001E3000008E0000079
:10C570001FA000006F800000AF7000009F4000030C
:10C58000B88B200EA009C02F9007F01FE20BB00857
:10C59000FEAA1000BFFE300A91AFE13F200BF66FFC
:10C5A0001005F63F5008F205CAAB3002B987000DFE
:10C5B000D00E804FA00AF06FA009F44FB00AF60E1B
:10C5C000F11EF602ADABF500000BF30BA00EF01F51
:10C5D000F13F8005DBC8009F8DFC38200000027110
:10C5E000DFCAF89F7DFB382000000000AE7EFD2AE8
:10C5F000A5B1300000000003000005DB0005DE707F
:10C6000005DE60007FB0000007ED50000007ED5030
:10C61000000007EA000000049DDDDDDD40000000B1
:10C62000000000000009DDDDDDD4210000005F8195
:10C63000000004CF81000003BF81000005FD00025F
:10C64000AFA202AFA2005FA20000320000001B9C5C
:10C65000A09F06F8CF55FB3507F8000EC0006D000F
:10C6600000940000700000210004FD0002EA0000B8
:10C6700005AA99A930001CD2001009700BE105B57C
:10C680009E7A23F806F308F3478F31EC00BE019A37
:10C69000F15F700EA0389F29F504F60746F68F402B
:10C6A000BF34A01ED2A844CA70004FC200001600BA
:10C6B0000018CBAA9830000000000000000000081D
:10C6C000C0000000000EF2000000004FF700000064
:10C6D00000A6FD00000000A0FF2000000640AF7093
:10C6E00000000A004FD000001DAAAFF20000730046
:10C6F0000AF70000C00005FD0003A00001FF307E26
:10C70000E8003CFFE63BFF99AD91000FF1006FD0D0
:10C7100000FF1002FF000FF1009F6000FF89EB2077
:10C72000000FF1009F6000FF1000FF200FF1000DCF
:10C73000F500FF1000FF301FF1008FB03CFFBBDCA5
:10C740006000004BB8ACA6008F70003F904FD00047
:10C75000007A0AF800000160EF500000000FF500B9
:10C76000000000EF600000000AF9000000004FE048
:10C7700000000A008FB1001A30005BECB920003CC9
:10C78000FF98AB810001FF1001DF4000FF10002F78
:10C79000E100FF10000CF600FF10000AF900FF1086
:10C7A0000009FA00FF10000AF900FF10000DF60062
:10C7B000FF10003FE101FF1003EF404DFFBACC81B5
:10C7C000006EFE889EE006FC0001E105FC000041D1
:10C7D00005FC000A0005FC005C0005FE89FC000564
:10C7E000FC003B0005FC00020005FC00006405FCA9
:10C7F0000001E35EFEAAAEF15DFE889EE005FC004E
:10C8000001E005FC00005005FC00090005FC005B90
:10C810000005FE89FB0005FC00180005FC00000077
:10C8200005FC00000006FD0000006EFFA2000000F5
:10C8300005BA89B850009F50002E8005FB00000506
:10C84000900CF5000000200FF3000000001FF20024
:10C850000122210FF20004CFE40DF500006FA006C5
:10C86000FA00006FA000BF40006FA00006CA8887D2
:10C87000303BFFC402BFFE500FF20000EF5000FF3C
:10C8800020000EF4000FF20000EF4000FFA9999F76
:10C89000F4000FF20000EF4000FF20000EF4000F44
:10C8A000F20000EF4000FF20000EF4001FF3000034
:10C8B000EF503CFFE402BFFE604DFFB302FF1001EA
:10C8C000FF0001FF0001FF0001FF0001FF0001FF69
:10C8D0000001FF0002FF105CFFC3004DFFC3000218
:10C8E000FF100001FF000001FF000001FF00000138
:10C8F000FF000001FF000001FF000001FF00000138
:10C90000FF000001FF000001FF004821FF00CF826F
:10C91000FB004CBAA1005EFFA11AFFA106FD0006B4
:10C92000B10005FC002A000005FC01B0000005FC78
:10C930001CA0000005FCAFF4000005FE17FE10006F
:10C9400005FC00DF900005FC003FF40005FD000938
:10C95000FE106DFFA201EFD65DFFB2000005FF00E3
:10C96000000004FE00000004FE00000004FE0000C1
:10C970000004FE00000004FE00000004FE00005160
:10C9800004FE0000D105FE0007F06EFFAACFD05DC7
:10C99000FF5000006FFC405EFB00000AFF30048F78
:10C9A000F200037FF30046BF800091FF300465FE74
:10C9B00000190FF300460EF50730FF3004607FC00A
:10C9C000A00FF3004601FF7600FF30046009FE006F
:10C9D0000FF30068003F8000FF408FFA007203BF32
:10C9E000FD403BFF40004BFC400EFE20000C0000D1
:10C9F000AAFC0000A0000A0DF8000A0000A02FF415
:10CA000000A0000A006FE20A0000A000AFC0A00072
:10CA10000A0000DF8A0000A00002FFC0000C000036
:10CA200006FE003BFB40000AE0000018978B600008
:10CA300003E80002EB000EE000007F706F90000042
:10CA40002FD0AF7000000FF1CF6000000FF2BF6079
:10CA500000000FF18F9000002FE02FD000006F70CA
:10CA600006F70001EC00003AA78B70005EFE8ADB3F
:10CA70004006FC000DF505FC0008FA05FC0009F96C
:10CA800005FC004FE205FE9AA60005FC000000052B
:10CA9000FC00000005FC00000006FD0000006EFF29
:10CAA000A20000005B978B500008F40003F9004FD0
:10CAB000A00000AF40AF5000006FA0EF3000003F7B
:10CAC000D0FF2000003FE0EF3000004FD0BF77EDF7
:10CAD000406F905FD84DF4BF2009F503FEF50000CC
:10CAE0005B97CFD21100000008EEA23CFF99CC70FA
:10CAF0000001FF1009F90000FF1004FE0000FF1004
:10CB000004FD0000FF101CF50000FF99FF4000002D
:10CB1000FF10BF800000FF104FE00000FF100DF776
:10CB20000000FF1006FE103BFFC400EFE302AB8ADB
:10CB3000A901ED0009C05FC0000B05FF6000000DFA
:10CB4000FFB4000019FFFC1000018FFD0110004F21
:10CB5000F4470000CF34E2001ED04FFA9C91003F12
:10CB6000FCBFEBFFB5F406FC02DC69006FC003D626
:10CB70002006FC000900006FC000000006FC000059
:10CB800000006FC000000006FC000000006FC00045
:10CB9000000007FD00000008EFFA20006EFFA00073
:10CBA0006EF8006FD00000480005FC000003700024
:10CBB0005FC00000370005FC00000370005FC0008C
:10CBC00000370005FC00000360004FD00000550056
:10CBD00002FF10000920000AFA000490000007DE9E
:10CBE000CB7000007EFFC401AFE704FF20000C20E3
:10CBF00000DF60001A00007FB0007400001FF10029
:10CC0000B000000BF60280000006FC0820000000C7
:10CC1000FF2A00000000AFB6000000004FF0000047
:10CC200000000EA000007FFF9003F800AFF708FBA4
:10CC30000007FC00095003FE000AFF00090000FF86
:10CC40002018BF40080000BF50537F903500007F80
:10CC500090802FD07100002FD0800EF18000000E48
:10CC6000F44009F67000000AFC0005FE30000006E2
:10CC7000FA0000FF00000002F50000CB00001BFFDF
:10CC8000F901AFE80007FF2003C000000BFA00A184
:10CC90000000001FF574000000006FE800000000B5
:10CCA00000CFA0000000001AFF400000000A17FE9D
:10CCB00000000008300DF900000680003FF4003B42
:10CCC000FD600AFFF9008FFFA102AFE804FF30000A
:10CCD0001D10008FC0008200000EF60370000005DA
:10CCE000FE1A00000000BFE3000000003FF000005B
:10CCF00000002FF0000000002FF0000000003FF0C7
:10CD000000000006DFFB40002FFA88AFF43F300040
:10CD1000CFB0590007FE1011002FF5000000CFA082
:10CD2000000008FE0000003FF4000000DF80000368
:10CD300008FD0000673FF30002E6CFEAAAAFF5FF67
:10CD400093FF00FF00FF00FF00FF00FF00FF00FF58
:10CD500000FF00FF00FF00FF00FF00BB8307200073
:10CD60000008C0000000E50000006D0000000C702D
:10CD7000000003F1000000A90000001F30000007C0
:10CD8000C0000000E54AFD03FD03FD03FD03FD03B4
:10CD9000FD03FD03FD03FD03FD03FD03FD03FD0393
:10CDA000FD49B909FD000DDF101F4F505E09A09825
:10CDB00003E0D200D2BBBBBBBB0000000460000B91
:10CDC000F50001AF100006B000001006D9E8002FF2
:10CDD000D0AF500A809F700279CF803FC09F80AF54
:10CDE000609F809F80CF801CFA8EC40000000000EE
:10CDF00000000007BE7000001EF7000000BF7000BA
:10CE0000000BF7000000BF8BFB200BFE11EE00BFF4
:10CE10009008F60BF6006F90BF6006F90BF7008FD5
:10CE200070CFC00CF10A29AAB300007B8D7009F203
:10CE30000FF11FD007805FB000005FB000003FE03F
:10CE400000000CF600A2019EDB3000000000000094
:10CE500002ADF0000006FF0000002FF0000002FF0E
:10CE60000007CCAFF007F409FF00FF003FF02FD020
:10CE700001FF03FD001FF01FE002FF00BF307FF045
:10CE800001AC88EFB00000000001B98A100CD00D91
:10CE9000B03FA00AF26FD88AC36F9000003FC00075
:10CEA000000CF401A101AEDB2001ABBD309F67F7A0
:10CEB0000BF60007EFB8300CF60000CF60000CF660
:10CEC0000000CF60000CF60000CF60007FFD500036
:10CED00002ABAEEF30DF00CE201FD009F501FD0020
:10CEE0009F500BF10DD0003C8771002F20000005F2
:10CEF000FDBBBA300BFFFFFF13F10019F36F1000F9
:10CF00007E008B989A200153000006FF5000000C11
:10CF1000F5000000CF5000000CF69EB100CFC08F8E
:10CF2000700CF706FA00CF506FB00CF506FB00CF7F
:10CF3000506FB00CF506FB05FFD4DFF609F400CF07
:10CF40006001300024206FF600CF600CF600CF6047
:10CF50000CF600CF607FFD400009F4000CF60001E4
:10CF600040000022007FF7000CF7000BF7000BF7E2
:10CF7000000BF7000BF7000BF7000BF7051BF56F25
:10CF80009BF22DBC500363000007FF5000000CF51E
:10CF9000000000CF5000000CF55EFB10CF50C20027
:10CFA0000CF5930000CFAF80000CFBFF1000CF57B3
:10CFB000F9000CF50EF307FFD37FE5048208FF406C
:10CFC0000DF400DF400DF400DF400DF400DF400DF4
:10CFD000F400DF400DF408FFC26AD68EE708CE9059
:10CFE00001DFD40DFB30BF600AFA009FA007F900F3
:10CFF000AF7009F8007FA00AF7009F8007FA00AF22
:10D000007009F8007FA00AF7009F8007FA07FFE485
:10D010006FFE55EFF60000000005BE5AFC201EFC16
:10D0200016FA00DF603FD00DF403FE00DF403FE062
:10D030000DF403FE00DF403FE07FFC3CFF90008BDF
:10D040007A9100BF100EC03FC000AF56FA0008F83A
:10D050006FA0008F84FC000AF50CF100ED0019A60A
:10D0600099106AD7ACB201EFD00EE00CF900AF50C6
:10D07000CF6008F70CF6008F80CF7009F50CFB002D
:10D08000EE00CFA9BB200CF5000000CF5000000C33
:10D09000F6000007FFD300000000000100009A8A9C
:10D0A0004E000BF107FE002FB003FE005FA001FE53
:10D0B000005FA001FE003FC003FE000CF20AFE006C
:10D0C00001BDB8FE00000003FE00000003FE0000EA
:10D0D0000003FE0000002CFF906AD6DE11EFDDF4A5
:10D0E0000DF72500DF50000DF50000DF50000DF5B5
:10D0F0000007FFD30000000009A9C57F00769F80CC
:10D10000012FFD5002AFF64005FB8500E85B9AA1B8
:10D1100000930000D30007F3006FFA900FF3000FA5
:10D12000F3000FF3000FF3000FF3000EF51005EE00
:10D13000A102520025106FF60BFF200BF600FF1026
:10D140000BF600FF100BF600FF100BF600FF100AA5
:10D15000F602FF1008FB19FF1001CFD3DFB000006B
:10D160000000009FFC28FC10CF600B0006FB045061
:10D17000001FF0800000BF58000006FC6000001F88
:10D18000F1000000BC00009FFD30E909FD20DF70C8
:10D190003FD00B0007FA08FF1090003FE0ABF645C8
:10D1A0000000EF485FA8100009FD20FE9000005F1E
:10D1B000D00BF7000000F8005F30007FFD37FB1058
:10D1C0006FE0560000CF99000002FF3000000CFA1B
:10D1D0000000066FF40003808FD107EC3BFFD39F64
:10D1E000FD39FC10CF700C0005FC0270000FF172CD
:10D1F0000000AF69000005FD6000000FF1000000B5
:10D200009B00000005600000429100002FE9000033
:10D2100000DD1000000FD8AFF40E10BFB00704FF00
:10D2200020000EF700008FD00002FF40260BFA000E
:10D23000874FFB9BF602CB30AF300BF300CF300CA7
:10D24000F200CF100E900AB0000EC000CF200CF3F9
:10D2500000CF300BF3008F300079304F54F54F542E
:10D26000F54F54F54F54F54F54F54F54F54F54F5D1
:10D270004F502AC20001FB0001FD0001FE0000FE2C
:10D280000000FE00009F10000BD000AF0000FE0069
:10D2900001FE0001FE0001FD0001FA002981003EAF
:10D2A000C506836DF500001000000000200000009E
:10D2B0000006FB01FF5000000009FA04FC0000001A
:10D2C000000DF108F3000820001F900DC5557FF4F4
:10D2D000006FB03D01413A6300CFC09207F81000E3
:10D2E00003DFC22207F700000A2FC00EFAF89100F0
:10D2F000111FC01FA7F77E40001FC04E17F71FF178
:10D30000001FC0A507F70DF5001FC17007F708E162
:10D31000001FC10009F70000001FB004DFF6000085
:10D32000000000004EB10000000DA200000000004F
:10D330000000FF3003444DB200002FD0000000EF8A
:10D34000E10005FA1300005D500004AF99FB00AE48
:10D3500040000009F36F900DF3010000CF08F500C5
:10D36000DF1AE3000FB0BF555EF5553002F70FD05E
:10D3700000DF1000002BC9F7000DF100000002FFD4
:10D38000B100DF100000007ECFA00DF10000005DB5
:10D3900022FD12EF10000016000216FFF000000040
:10D3A0000000000AE600000000000000000000008D
:10D3B0000000000000000000000050050000000018
:10D3C00000000005030B01001100D008060501064E
:10D3D0002000B00A0B0B00005D00A007080F00FE44
:10D3E0009900500E0E0D00FFF400000C0C0B000015
:10D3F00036017004030501063E01A005050F01FD7D
:10D400006401A005050F00FD8A015008080900010C
:10D41000AE01A00A08080102CE010005030501FDC6
:10D42000D601A00A08030104E2010005030301FF7D
:10D43000E7017008080F00FC23020008080C00FF39
:10D4400053020008060C010077020008080B0000D8
:10D45000A3020008080B0000CF020008080B000020
:10D46000FB020008080B000027030008080B00005F
:10D4700053030008080B00007F030008080B00009E
:10D48000AB030008080B0000D703000503080100E8
:10D49000E3030005030B01FDF403A00A08090101E1
:10D4A0001804A00A090401032A04A00A08090101BA
:10D4B0004E04D005060B00006F04D00E0D0B0100CA
:10D4C000B704D00B0C0D00000505200B0B0B000062
:10D4D0004205D00B0B0B01007F05200D0C0B00004B
:10D4E000C105500A0A0B0000F80580090A0B00006C
:10D4F0002F06700C0C0B00007106500D0D0B000078
:10D50000B906D005060B0000DA068005080FFEFC00
:10D510001607D00B0C0B00005807A0090A0B0000DF
:10D520008F07D00E0F0B0000E207000D0D0B00005F
:10D530002A08800D0C0B01006C08500A0A0B000031
:10D54000A308800D0C0C01FFEB08500C0C0B000025
:10D550002D090009090B00005F09A00B0B0B00004F
:10D560009C09500C0D0B0000E409000C0C0B000092
:10D57000260A0010100B00007E0AD00C0D0B0000D4
:10D58000C60A000C0C0B0000080B000C0A0B010073
:10D590003F0BD005040F02FC5D0B7008080A000069
:10D5A000850BD005040F00FCA30B500506060005F3
:10D5B000B50B0008080100FDB90B50050606FF0772
:10D5C000CB0BA007080900FFEF0B2009090D000095
:10D5D0002A0CD007080800004A0C2009090E00FF99
:10D5E000890CA00708080000A90C2005070B000003
:10D5F000D00CD008090C00FC060D0009090C000035
:10D600003C0DA004050B0000580D7004060FFEFC35
:10D61000850DA008090C0000BB0D5004050C00008E
:10D62000D90DD00E0F080000150E200909090000C1
:10D630003E0E200909080000620E2009090C00FCBA
:10D64000980E20090A0D00FCD90E500607080000AC
:10D65000F50E000606090000100F8005060B0000FD
:10D66000310F20090A0A00FF630F50080908000063
:10D67000870F700C0D080000BB0F70080908000030
:10D68000DF0F5008090C00FC1510200808080000E6
:10D6900035105006050F01FC5B100009030F03FD58
:10D6A00072105006060F00FC9F105008060301047C
:10D6B000A8100010101000FE28110010111000FD1D
:10D6C00000001D0A200000005F00010000000000B3
:10D6D0000000000000000200604F00001E0A600011
:10D6E000C0D60408000000000200030000C20408C5
:10D6F000B0D30408C4D604080000000000000208EB
:10D70000C0020024895E0208C95D020812000400FC
:10D7100000FD0100ECD6040800000000000000003D
:10D7200004000008000000000000000200010000EA
:10D730001000000000000000000000003031323313
:10D740003435363738394142434445464030580035
:10D750003031323334353637383961626364656667
:10D760004030780030313233343536373839616201
:10D77000636465667870003031323334353637385B
:10D7800039414243444546585000000002400000E1
:10D79000000000A00000000005400000000000C8DC
:10D7A000000000000C4000000000409C0000000051
:10D7B000194000000020BCBE000000003440000002
:10D7C000BFC91B8E00000004B5400000504BCFD0F5
:10D7D0006607E2CF010000006C4100003E8251AAC2
:10D7E000DFEEA73401000000D9420000DCB5A0E262
:10D7F0003A301F97FFFFFFFFB4450000FD25A0C88A
:10D80000E9A3C14FFFFFFFFFFF3F000000000080C2
:10D8100000000000FF3F000000000080000000004A
:10D8200043686173736973426F6172645461736BAF
:10D83000000000004D794775695461736B0000006A
:10D8400064656661756C745461736B004B657954E3
:10D8500061736B005361000057650000546800005D
:10D860004D6F0000467200005375000054750000B3
:10D870004A756E65000000004D617263680000002B
:10D88000417072696C000000446563656D62657289
:10D890000000000053657074656D626572000000E1
:10D8A0004E6F76656D626572000000004F63746FA5
:10D8B0006265720041756775737400004D6179008F
:10D8C0004A756C79000000004A616E7561727900DA
:10D8D0004665627275617279000000003230323341
:10D8E0000A323032320A323032310A323032300AC1
:10D8F000323031390A323031380A323031370A3277
:10D900003031360A323031350A323031340A323071
:10D9100031330A323031320A323031310A32303169
:10D92000300A323030390A323030380A323030374B
:10D930000A323030360A323030350A323030340A6A
:10D94000323030330A323030320A323030310A323B
:10D950003030300A313939390A313939380A3139F8
:10D9600039370A313939360A313939350A313939D5
:10D97000340A313939330A313939320A31393931D6
:10D980000A313939300A313938390A313938380AE7
:10D99000313938370A313938360A313938350A31B0
:10D9A0003938340A313938330A313938320A3139A1
:10D9B00038310A313938300A313937390A31393793
:10D9C000380A313937370A313937360A313937357C
:10D9D0000A313937340A313937330A313937320AA3
:10D9E000313937310A313937300A313936390A316C
:10D9F0003936380A313936370A313936360A31394B
:10DA000036350A313936340A313936330A31393646
:10DA1000320A313936310A313936300A313935393D
:10DA20000A313935380A313935370A313935360A4C
:10DA3000313935350A313935340A313935330A311E
:10DA40003935320A313935310A313935300A31390F
:10DA500034390A313934380A313934370A313934F2
:10DA6000360A313934350A313934340A31393433EC
:10DA70000A313934320A313934310A313934300A11
:10DA8000313933390A313933380A313933370A31C8
:10DA90003933360A313933350A313933340A3139B9
:10DAA00033330A313933320A313933310A313933B8
:10DAB000300A313932390A313932380A313932379C
:10DAC0000A313932360A313932350A313932340ABB
:10DAD000313932330A313932320A313932310A318D
:10DAE0003932300A313931390A313931380A31396C
:10DAF00031370A313931360A313931350A31393164
:10DB0000340A313931330A313931320A313931315C
:10DB10000A313931300A313930390A313930380A6D
:10DB2000313930370A313930360A313930350A3136
:10DB30003930340A313930330A313930320A313927
:10DB40003031000030310A30320A30330A30340AC2
:10DB500030350A30360A30370A30380A30390A315F
:10DB6000300A31310A3132000A0000002000000082
:10DB700021000000220000003123000023000000EB
:10DB800024000000250000002700000028000000FD
:10DB9000290000002A0000002B0000002C000000DB
:10DBA0002B2F2D002D0000002E0000002F00000064
:10DBB000300000003100000032000000330000009F
:10DBC000340000003500000036000000370000007F
:10DBD00038000000390000003A0000003B0000005F
:10DBE0003C0000003D0000003E0000003F0000003F
:10DBF000400000004100000042000000414243009C
:10DC00004300000044000000450000004600000002
:10DC10004700000048000000490000004A000000E2
:10DC20004B0000004C0000004D0000004E000000C2
:10DC30004F000000500000005100000052000000A2
:10DC40005300000054000000550000005600000082
:10DC50005700000058000000590000005A00000062
:10DC60005B0000005C0000005D0000005F00000041
:10DC70006100000062000000616263006300000058
:10DC800064000000650000006600000067000000FE
:10DC9000690000006A0000006B0000006D000000D9
:10DCA0006E0000006F0000007000000071000000B6
:10DCB0007200000073000000740000007500000096
:10DCC0007600000077000000780000007900000076
:10DCD0007A0000007B0000007D000000EF808C00D7
:10DCE000EF819300EF819400EF959A00EF849C0000
:10DCF000EFA2A2000000000042746E31000000009C
:10DD000042746E320000000042746E330000000066
:10DD100042746E340000000042746E350000000052
:10DD20006CDE04080000002458030000D402000840
:10DD300098DF0408580300249818010030030008F5
:10DD40001C00000043000000F8FFFFFF0C00000073
:10DD50000E0000000F0000002E0000001001000067
:10DD600043000000F8FFFFFF0040404040404040BB
:10DD7000404041414141414040404040404040409E
:10DD80004040404040404040400502020202020242
:10DD90000202020202020202022020202020202091
:10DDA00020202002020202020202909090909090A5
:10DDB0001010101010101010101010101010101063
:10DDC00010101010020202020202888888888888D7
:10DDD00008080808080808080808080808080808C3
:10DDE00008080808020202024000000000000000CB
:10DDF0000000000000000000000000000000000023
:10DE00000000000000000000000000000000000012
:10DE10000000000000000000000000000000000002
:10DE200000000000000000000000000000000000F2
:10DE300000000000000000000000000000000000E2
:10DE400000000000000000000000000000000000D2
:10DE500000000000000000000000000000000000C2
:10DE6000000000000000000000000000011C16B8C7
:10DE7000C603080C120C121812321668CB030810D5
:10DE800012101A200C16A8D103081412141A3C04FC
:10DE90001E58D603081822124812641E78F203088E
:10DEA0002022128012961C783D0430122032401C31
:10DEB00038550448121832301E086704080A3832F0
:10DEC000281EE0750408085432101ED07B04080692
:10DED0006C820C3C90D00304312920420114C01202
:10DEE000C0C48025C002202D3939016A1E68D804BB
:10DEF0000860041A6C041A58041A5C041A64041AA0
:10DF000054041AC8041AD0041A78041A80041ABCDB
:10DF1000041A70041AC0041AB4041A94041AAC0443
:10DF20001AA0041A88041E44DB0408DC086112FFEE
:10DF30001FB0820408B083041A84041A85042910CF
:10DF40009904411A60201A60201A60201B04860878
:10DF50002910990401640617D4C3B2A16F180E9D4D
:10DF6000460308794303081D440308F5041A3D10CD
:10DF70001A69081AA5041ACD041BF8DCA41DDD04D7
:10DF80000808041E68DB040810081A18042AF4188C
:08DF9000018F1AAA010118001B
:040000050800029954
:00000001FF
